Customer_ID,LastPurchase,FirstPurchase,Frequency,Monetary,TotalQuantity,UniqueProducts,AverageOrderValue,Recency,CustomerLifetimeDays,Churn,Segment,RFM_Score,Cluster,ChurnProbability,RiskLevel
12346,2011-01-18 10:01:00,2009-12-14 08:34:00,12,77556.46,74285,27,2281.0723529411766,326,400,1,At Risk,12,1,0.38666666666666666,Medium Risk
12347,2011-12-07 15:52:00,2010-10-31 14:20:00,8,4921.53,2967,126,22.169054054054055,2,402,0,Champions,14,1,0.08,Low Risk
12348,2011-09-25 13:13:00,2010-09-27 14:59:00,5,2019.3999999999999,2714,25,39.59607843137255,75,362,0,Loyal Customers,11,1,0.5866666666666667,Medium Risk
12349,2011-11-21 09:51:00,2010-04-29 13:20:00,4,4428.6900000000005,1624,138,25.306800000000003,19,570,0,High Value Customers,13,1,0.12,Low Risk
12350,2011-02-02 16:01:00,2011-02-02 16:01:00,1,334.40000000000003,197,17,19.67058823529412,310,0,1,Other,5,0,0.9366666666666666,High Risk
12351,2010-11-29 15:23:00,2010-11-29 15:23:00,1,300.93,261,21,14.33,375,0,1,Other,5,0,0.9466666666666667,High Risk
12352,2011-11-03 14:37:00,2010-11-12 10:20:00,10,2849.84,724,70,27.668349514563108,36,356,0,Champions,13,1,0.19666666666666666,Low Risk
12353,2011-05-19 17:47:00,2010-10-27 12:44:00,2,406.76,212,23,16.948333333333334,204,204,1,Other,6,0,0.89,High Risk
12354,2011-04-21 13:11:00,2011-04-21 13:11:00,1,1079.4,530,58,18.610344827586207,232,0,1,Other,6,0,0.9166666666666666,High Risk
12355,2011-05-09 13:49:00,2010-05-21 11:59:00,2,947.61,543,35,27.074571428571428,214,353,1,Other,7,0,0.76,High Risk
12356,2011-11-17 08:40:00,2010-10-11 09:42:00,6,6371.7300000000005,3416,104,44.87133802816902,23,401,0,Champions,13,1,0.34,Medium Risk
12357,2011-11-06 16:07:00,2010-11-16 10:05:00,3,18287.66,6587,261,61.78263513513514,33,355,0,High Value Customers,12,1,0.16,Low Risk
12358,2011-12-08 10:26:00,2009-12-08 07:59:00,5,3887.07,1079,56,50.48142857142857,2,730,0,Champions,14,1,0.023333333333333334,Low Risk
12359,2011-10-13 12:47:00,2009-12-05 13:32:00,10,8873.39,2739,305,24.5121270718232,58,676,0,Champions,14,1,0.0,Low Risk
12360,2011-10-18 15:22:00,2010-02-22 09:32:00,8,4252.89,2459,160,19.59857142857143,52,603,0,Champions,13,1,0.0033333333333333335,Low Risk
12361,2011-02-25 13:51:00,2010-01-26 14:37:00,4,511.25,235,18,17.629310344827587,287,394,1,At Risk,7,0,0.44,Medium Risk
12362,2011-12-06 15:40:00,2009-12-01 10:10:00,11,5356.2300000000005,2230,201,20.060786516853934,3,735,0,Champions,15,1,0.016666666666666666,Low Risk
12363,2011-08-22 10:18:00,2011-04-11 13:29:00,2,552.0,408,23,24.0,110,132,1,Other,7,0,0.6966666666666667,High Risk
12364,2011-12-02 10:22:00,2011-08-19 15:24:00,4,1313.1,1506,70,15.448235294117646,8,104,0,High Value Customers,12,1,0.18,Low Risk
12365,2011-02-21 14:04:00,2011-02-21 13:51:00,2,641.38,174,22,29.153636363636362,291,0,1,Other,7,0,0.8933333333333333,High Risk
12366,2010-03-16 10:28:00,2010-03-16 10:28:00,1,500.24,296,3,166.74666666666667,634,0,1,Other,4,0,0.8933333333333333,High Risk
12367,2011-12-05 16:48:00,2011-12-05 16:48:00,1,168.9,173,11,15.354545454545455,4,0,0,New / Potential,7,0,0.4666666666666667,Medium Risk
12368,2010-03-21 15:56:00,2010-03-21 15:56:00,1,917.7,330,18,50.983333333333334,628,0,1,Other,5,0,0.81,High Risk
12369,2010-10-22 13:13:00,2010-03-08 08:09:00,3,1791.15,1241,90,19.25967741935484,413,228,1,At Risk,8,0,0.7866666666666666,High Risk
12370,2011-10-19 14:51:00,2010-02-09 09:41:00,7,4316.56,2604,168,21.47542288557214,51,617,0,Champions,13,1,0.03,Low Risk
12371,2011-10-26 10:16:00,2010-03-04 18:23:00,5,4067.38,1436,134,24.35556886227545,45,600,0,Champions,13,1,0.023333333333333334,Low Risk
12372,2011-09-29 12:12:00,2011-02-16 12:46:00,3,1298.04,794,34,24.962307692307693,72,224,0,High Value Customers,10,0,0.18333333333333332,Low Risk
12373,2011-02-01 13:10:00,2010-02-04 12:08:00,3,1127.65,516,36,22.110784313725492,311,362,1,At Risk,8,0,0.8633333333333333,High Risk
12374,2011-11-14 15:37:00,2010-04-30 14:01:00,4,2989.2200000000003,1362,79,36.01469879518073,25,563,0,High Value Customers,12,1,0.12333333333333334,Low Risk
12375,2011-11-29 10:36:00,2011-09-02 14:23:00,2,457.5,178,14,26.91176470588235,11,87,0,New / Potential,9,0,0.8633333333333333,High Risk
12376,2010-11-15 12:15:00,2010-10-18 08:42:00,2,503.15,240,11,38.70384615384615,390,28,1,Other,6,0,0.8966666666666666,High Risk
12377,2011-01-28 15:45:00,2010-04-29 15:34:00,4,3426.32,2105,129,22.54157894736842,315,274,1,At Risk,10,0,0.82,High Risk
12378,2011-08-02 10:34:00,2010-05-26 14:07:00,2,5416.32,3316,281,17.994418604651162,130,432,1,High Value Customers,10,0,0.7533333333333333,High Risk
12379,2011-09-19 10:09:00,2010-06-23 12:49:00,4,1620.22,815,58,20.002716049382716,82,452,0,High Value Customers,10,1,0.31666666666666665,Medium Risk
12380,2011-11-18 11:27:00,2010-02-15 12:05:00,11,9676.300000000001,3355,156,34.93249097472925,22,640,0,Champions,14,1,0.02,Low Risk
12381,2011-12-05 12:44:00,2011-08-12 09:57:00,5,1845.31,808,70,21.21045977011494,5,115,0,Champions,13,1,0.39666666666666667,Medium Risk
12383,2011-06-08 08:02:00,2010-12-22 14:28:00,5,1850.56,1532,84,18.69252525252525,185,167,1,Loyal Customers,11,0,0.7733333333333333,High Risk
12384,2011-11-11 08:39:00,2011-08-10 11:23:00,2,585.27,126,26,21.676666666666666,29,92,0,New / Potential,8,0,0.33,Medium Risk
12385,2010-11-25 15:14:00,2010-11-25 15:14:00,1,1938.4,612,65,29.821538461538463,379,0,1,Other,7,0,0.9266666666666666,High Risk
12386,2011-01-06 12:37:00,2010-12-08 09:53:00,2,401.9,354,10,40.19,338,29,1,Other,6,0,0.66,High Risk
12387,2010-10-20 16:27:00,2010-10-20 16:27:00,1,143.94,134,9,15.993333333333332,415,0,1,Other,3,0,0.83,High Risk
12388,2011-11-24 12:30:00,2010-05-06 12:54:00,8,3901.11,2001,83,26.719931506849317,16,566,0,Champions,14,1,0.3433333333333333,Medium Risk
12389,2010-11-02 11:52:00,2010-02-22 10:15:00,3,1433.33,614,41,29.251632653061222,403,253,1,At Risk,9,0,0.8033333333333333,High Risk
12390,2011-09-21 09:33:00,2011-09-21 09:33:00,1,549.84,353,32,17.1825,80,0,0,Other,6,0,0.24666666666666667,Low Risk
12391,2011-11-18 12:07:00,2010-02-15 10:12:00,6,2724.84,1204,241,10.205393258426966,22,641,0,Champions,12,1,0.043333333333333335,Low Risk
12392,2010-04-27 14:04:00,2010-04-27 14:04:00,1,234.75000000000003,73,7,33.53571428571429,591,0,1,Other,3,0,0.7833333333333333,High Risk
12393,2011-09-28 15:41:00,2010-10-07 13:49:00,6,2399.45,1311,63,22.424766355140186,72,356,0,Loyal Customers,11,1,0.14666666666666667,Low Risk
12394,2011-10-07 08:08:00,2011-05-06 14:01:00,2,1272.48,819,26,47.12888888888889,64,153,0,High Value Customers,9,0,0.22666666666666666,Low Risk
12395,2011-11-20 15:21:00,2010-04-16 10:16:00,15,4721.17,3205,145,19.50896694214876,19,583,0,Champions,15,1,0.03333333333333333,Low Risk
12396,2010-02-03 13:22:00,2010-02-03 13:22:00,1,931.4300000000001,591,65,14.329692307692309,674,0,1,Other,5,0,0.8966666666666666,High Risk
12397,2011-11-04 09:52:00,2011-07-27 14:21:00,2,2409.9,1263,110,19.126190476190477,36,99,0,High Value Customers,10,1,0.23333333333333334,Low Risk
12398,2011-10-25 10:27:00,2011-10-25 10:27:00,1,1635.6599999999999,1394,85,19.24305882352941,46,0,0,High Value Customers,9,0,0.23,Low Risk
12399,2011-08-12 13:15:00,2010-03-05 08:45:00,7,1962.3,2198,67,17.83909090909091,119,525,1,Loyal Customers,11,1,0.7766666666666666,High Risk
12400,2010-10-21 13:45:00,2010-10-21 13:45:00,1,205.25,91,11,18.65909090909091,414,0,1,Other,3,0,0.7833333333333333,High Risk
12401,2011-02-09 13:50:00,2011-02-09 13:50:00,1,84.3,11,5,16.86,303,0,1,Other,4,0,0.96,High Risk
12402,2011-01-20 13:49:00,2010-02-07 12:41:00,6,1256.9,584,43,17.955714285714286,323,347,1,At Risk,10,0,0.8133333333333334,High Risk
12403,2011-10-21 10:51:00,2010-07-06 11:39:00,2,1019.36,260,5,113.26222222222222,50,471,0,New / Potential,9,0,0.25666666666666665,Low Risk
12404,2010-01-26 16:25:00,2010-01-26 16:25:00,1,63.24,1,1,63.24,682,0,1,Other,3,0,1.0,High Risk
12405,2011-07-14 08:52:00,2011-07-14 08:52:00,1,1710.39,857,54,31.67388888888889,149,0,1,High Value Customers,8,0,0.8866666666666667,High Risk
12406,2011-11-17 19:22:00,2010-01-11 14:04:00,5,6390.36,3416,114,38.49614457831325,22,675,0,Champions,13,1,0.05333333333333334,Low Risk
12407,2011-10-21 10:11:00,2011-03-20 13:21:00,5,1708.12,1416,57,22.18337662337662,50,214,0,Champions,12,1,0.11333333333333333,Low Risk
12408,2011-11-07 12:27:00,2010-07-29 13:27:00,8,4340.77,2229,104,27.30044025157233,33,465,0,Champions,13,1,0.16,Low Risk
12409,2011-09-22 10:38:00,2010-05-23 15:21:00,7,23419.29,13143,177,88.70943181818183,79,486,0,Loyal Customers,12,1,0.14666666666666667,Low Risk
12410,2011-02-04 10:39:00,2010-07-25 13:26:00,3,1013.71,341,36,25.342750000000002,309,193,1,At Risk,8,0,0.9366666666666666,High Risk
12411,2010-10-26 09:25:00,2010-10-26 09:25:00,1,346.9,138,22,15.768181818181818,410,0,1,Other,5,0,0.85,High Risk
12412,2011-09-26 10:16:00,2010-06-18 13:22:00,6,2596.93,1997,82,20.448267716535433,75,464,0,Loyal Customers,11,1,0.44,Medium Risk
12413,2011-10-04 09:00:00,2010-11-02 13:26:00,4,999.45,319,41,19.597058823529412,67,335,0,Other,9,0,0.5433333333333333,Medium Risk
12414,2011-05-06 14:51:00,2010-09-02 12:22:00,6,952.4100000000001,495,21,34.01464285714286,217,246,1,At Risk,9,0,0.8333333333333334,High Risk
12415,2011-11-15 14:22:00,2010-06-30 08:30:00,28,144458.37,91447,498,156.00255939524837,24,503,0,Champions,14,1,0.3,Low Risk
12416,2010-02-21 10:19:00,2010-02-21 10:19:00,1,202.56,132,11,18.414545454545454,657,0,1,Other,3,0,0.8266666666666667,High Risk
12417,2011-12-06 14:52:00,2009-12-06 10:30:00,20,6797.41,2884,270,18.421165311653116,3,730,0,Champions,15,1,0.0,Low Risk
12418,2011-08-19 11:08:00,2010-03-19 14:47:00,4,2021.2,1088,90,19.815686274509805,113,517,1,High Value Customers,10,1,0.7533333333333333,High Risk
12419,2010-11-19 10:04:00,2010-10-22 10:40:00,2,503.01,231,23,20.1204,386,27,1,Other,6,0,0.8866666666666667,High Risk
12420,2011-10-07 08:55:00,2011-10-07 08:55:00,1,600.39,345,29,20.70310344827586,64,0,0,Other,6,0,0.8133333333333334,High Risk
12421,2011-11-24 09:07:00,2010-07-22 13:57:00,6,1098.6,652,44,16.90153846153846,16,489,0,Loyal Customers,12,1,0.20666666666666667,Low Risk
12422,2011-09-05 09:48:00,2009-12-18 12:44:00,17,5231.8,2596,137,30.417441860465118,96,625,1,Loyal Customers,13,1,0.5566666666666666,Medium Risk
12423,2011-12-09 10:10:00,2010-08-31 09:31:00,10,2622.39,1793,128,15.893272727272727,1,465,0,Champions,14,1,0.056666666666666664,Low Risk
12424,2011-06-30 12:06:00,2010-06-09 15:15:00,4,3340.0299999999997,2025,78,36.30467391304347,163,385,1,High Value Customers,11,1,0.7966666666666666,High Risk
12425,2011-09-22 17:31:00,2010-09-17 14:10:00,2,1741.41,1147,87,19.136373626373626,78,370,0,High Value Customers,9,0,0.13666666666666666,Low Risk
12426,2011-05-29 12:26:00,2010-02-15 08:41:00,2,1345.21,584,73,17.470259740259742,195,468,1,Other,8,0,0.8166666666666667,High Risk
12427,2011-11-18 08:56:00,2010-12-03 10:44:00,3,825.8000000000001,533,26,26.638709677419357,22,349,0,Other,10,1,0.17666666666666667,Low Risk
12428,2011-11-14 08:22:00,2011-03-01 09:33:00,9,7956.46,3536,258,27.062789115646257,26,257,0,Champions,14,1,0.07333333333333333,Low Risk
12429,2011-11-30 17:22:00,2010-06-11 13:28:00,8,6204.41,2890,124,40.55169934640523,9,537,0,Champions,14,1,0.11666666666666667,Low Risk
12430,2011-10-27 15:09:00,2011-10-27 15:09:00,1,256.4,117,11,23.30909090909091,43,0,0,New / Potential,6,0,0.21,Low Risk
12431,2011-11-04 11:55:00,2010-01-15 09:04:00,27,10432.220000000001,4600,244,26.749282051282055,36,658,0,Champions,14,1,0.0033333333333333335,Low Risk
12432,2011-10-28 11:43:00,2011-06-20 13:27:00,5,5059.32,1801,107,46.845555555555556,43,129,0,Champions,13,1,0.2,Low Risk
12433,2011-12-09 10:02:00,2010-08-20 09:23:00,10,16794.14,13534,285,30.04318425760286,1,476,0,Champions,15,1,0.13333333333333333,Low Risk
12434,2011-09-16 12:38:00,2010-11-23 13:38:00,3,1103.43,532,62,15.763285714285715,85,296,0,Other,9,0,0.2866666666666667,Low Risk
12435,2011-09-21 09:06:00,2009-12-02 13:58:00,6,13925.93,4958,88,124.33866071428572,80,657,0,Loyal Customers,12,1,0.08333333333333333,Low Risk
12436,2011-09-01 12:09:00,2011-09-01 12:09:00,1,509.01,211,16,31.813125,100,0,1,Other,6,0,0.88,High Risk
12437,2011-12-08 11:35:00,2009-12-02 16:24:00,39,12683.4,8000,273,22.52824156305506,2,735,0,Champions,15,1,0.0033333333333333335,Low Risk
12438,2011-11-25 13:28:00,2011-07-22 13:29:00,2,2906.85,1180,84,29.66173469387755,14,125,0,High Value Customers,11,1,0.29,Low Risk
12439,2010-01-26 12:11:00,2009-12-14 08:40:00,2,1142.88,478,69,16.096901408450705,683,43,1,Other,6,0,0.31666666666666665,Medium Risk
12440,2010-09-03 13:11:00,2009-12-22 12:03:00,2,859.2,331,21,26.85,462,255,1,Other,6,0,0.8066666666666666,High Risk
12441,2010-12-08 10:45:00,2010-12-08 10:45:00,1,173.55,121,11,15.77727272727273,367,0,1,Other,4,0,0.8933333333333333,High Risk
12442,2011-12-06 14:22:00,2011-12-06 14:22:00,1,172.06,182,12,14.338333333333333,3,0,0,New / Potential,7,0,0.29,Low Risk
12443,2009-12-07 15:42:00,2009-12-07 15:42:00,1,485.31,182,21,23.11,732,0,1,Other,4,0,0.8166666666666667,High Risk
12444,2011-11-18 13:23:00,2011-06-21 14:00:00,5,5005.46,1153,138,28.440113636363638,21,149,0,Champions,13,1,0.18666666666666668,Low Risk
12445,2011-11-17 18:43:00,2010-10-15 12:28:00,2,434.98,206,24,18.124166666666667,22,398,0,New / Potential,8,0,0.21,Low Risk
12446,2011-10-13 12:50:00,2011-10-13 12:50:00,1,1002.3100000000001,351,57,17.584385964912283,58,0,0,New / Potential,8,0,0.29333333333333333,Low Risk
12447,2011-04-10 13:25:00,2011-04-10 13:25:00,1,476.49,190,26,18.326538461538462,243,0,1,Other,5,0,0.9,High Risk
12448,2011-10-26 13:46:00,2011-10-26 13:46:00,1,449.45,243,22,20.429545454545455,44,0,0,New / Potential,7,0,0.29,Low Risk
12449,2011-11-17 13:46:00,2010-09-27 09:37:00,6,4835.89,2282,125,24.05915422885572,22,416,0,Champions,13,1,0.14333333333333334,Low Risk
12450,2011-07-06 14:41:00,2010-08-22 13:11:00,5,688.2,442,31,18.6,156,318,1,Loyal Customers,10,0,0.8833333333333333,High Risk
12451,2011-11-29 08:40:00,2010-06-28 12:58:00,8,12669.88,9359,352,24.794285714285714,11,518,0,Champions,14,1,0.14666666666666667,Low Risk
12452,2011-11-23 10:28:00,2011-11-23 08:05:00,2,430.57000000000005,185,21,19.57136363636364,17,0,0,New / Potential,9,0,0.3466666666666667,Medium Risk
12453,2011-07-28 14:08:00,2011-07-28 14:08:00,1,707.09,473,43,16.443953488372095,134,0,1,Other,7,0,0.9233333333333333,High Risk
12454,2011-10-14 17:13:00,2010-10-14 17:33:00,5,16679.78,7703,24,416.99449999999996,56,364,0,Champions,13,1,0.14333333333333334,Low Risk
12455,2011-09-27 15:31:00,2009-12-18 12:33:00,10,5879.95,3302,199,25.902863436123347,73,648,0,Loyal Customers,13,1,0.0033333333333333335,Low Risk
12456,2011-10-26 14:41:00,2011-03-30 09:12:00,3,3181.04,1633,105,25.44832,44,210,0,High Value Customers,12,1,0.26666666666666666,Low Risk
12457,2011-10-04 13:13:00,2010-09-30 17:59:00,8,2995.91,1094,63,35.665595238095236,66,368,0,Loyal Customers,12,1,0.26,Low Risk
12458,2011-09-29 15:25:00,2010-08-09 10:33:00,4,1777.49,986,71,21.160595238095237,71,416,0,High Value Customers,10,1,0.27,Low Risk
12459,2010-04-13 14:53:00,2010-04-13 14:53:00,1,454.36,258,23,19.754782608695653,605,0,1,Other,4,0,0.8333333333333334,High Risk
12460,2010-09-09 13:51:00,2010-09-09 13:51:00,1,326.65,170,18,18.147222222222222,456,0,1,Other,4,0,0.9733333333333334,High Risk
12461,2011-09-06 16:57:00,2011-07-08 10:23:00,2,826.88,287,35,23.62514285714286,94,60,1,Other,8,0,0.43,Medium Risk
12462,2011-11-21 09:11:00,2011-02-09 14:44:00,2,1189.59,536,51,19.186935483870965,19,284,0,New / Potential,10,0,0.2733333333333333,Low Risk
12463,2011-10-17 13:44:00,2011-04-12 12:47:00,4,1344.78,776,65,16.202168674698793,53,188,0,High Value Customers,11,1,0.17,Low Risk
12464,2011-11-29 13:33:00,2011-02-03 13:30:00,8,1212.05,112,6,41.79482758620689,10,299,0,Loyal Customers,12,1,0.21,Low Risk
12465,2011-11-22 16:34:00,2011-06-23 13:37:00,2,742.19,479,46,15.791276595744682,17,152,0,New / Potential,10,0,0.32,Medium Risk
12466,2010-01-26 16:26:00,2010-01-26 16:26:00,1,56.73,1,1,56.73,682,0,1,Other,3,0,0.9866666666666667,High Risk
12467,2010-10-12 15:41:00,2010-10-12 15:41:00,1,132.8,129,9,14.755555555555556,423,0,1,Other,3,0,0.9366666666666666,High Risk
12468,2011-06-05 11:36:00,2010-01-26 10:09:00,5,3670.7400000000002,2201,127,24.471600000000002,188,495,1,Loyal Customers,12,1,0.8133333333333334,High Risk
12469,2010-07-05 12:40:00,2010-06-21 10:30:00,2,3070.54,2552,76,40.40184210526316,523,14,1,Other,8,0,0.8933333333333333,High Risk
12470,2010-01-19 11:01:00,2010-01-19 11:01:00,1,211.95,95,23,9.215217391304348,690,0,1,Other,3,0,0.99,High Risk
12471,2011-12-07 15:43:00,2009-12-07 10:41:00,79,39918.19,16858,255,35.17021145374449,2,730,0,Champions,15,1,0.0,Low Risk
12472,2011-11-07 14:01:00,2009-12-14 10:49:00,19,16249.29,10378,397,19.32139120095125,32,693,0,Champions,14,1,0.0,Low Risk
12473,2011-11-10 13:46:00,2011-06-01 10:15:00,5,3928.05,2414,140,23.521257485029942,29,162,0,Champions,13,1,0.22666666666666666,Low Risk
12474,2011-11-22 14:39:00,2010-02-11 09:41:00,31,12372.75,7940,369,17.47563559322034,17,649,0,Champions,15,1,0.0,Low Risk
12475,2011-10-17 10:10:00,2010-10-26 08:49:00,2,1149.64,771,54,18.846557377049184,54,356,0,New / Potential,9,0,0.21666666666666667,Low Risk
12476,2011-11-24 12:40:00,2010-07-26 09:04:00,23,14083.91,5631,358,27.400603112840468,16,486,0,Champions,15,1,0.44,Medium Risk
12477,2011-11-17 09:51:00,2010-03-26 14:01:00,9,20276.37,6119,295,35.95101063829787,23,600,0,Champions,14,1,0.08,Low Risk
12478,2011-12-06 09:56:00,2011-12-06 09:56:00,1,680.99,236,36,18.91638888888889,4,0,0,New / Potential,9,0,0.28,Low Risk
12479,2011-11-28 13:26:00,2011-11-28 13:26:00,1,527.2,385,31,17.006451612903227,11,0,0,New / Potential,8,0,0.2,Low Risk
12480,2011-11-11 14:52:00,2010-07-20 13:21:00,7,5464.85,2952,177,22.58202479338843,28,479,0,Champions,13,1,0.13666666666666666,Low Risk
12481,2011-11-17 08:29:00,2010-04-11 13:10:00,15,12185.51,7158,248,32.06713157894737,23,584,0,Champions,14,1,0.03666666666666667,Low Risk
12482,2010-05-12 16:51:00,2010-02-24 10:24:00,29,23691.4,27042,42,116.1343137254902,576,77,1,At Risk,11,1,0.7866666666666666,High Risk
12483,2011-11-22 17:02:00,2010-01-31 13:28:00,19,5097.18,2160,68,36.93608695652174,17,660,0,Champions,15,1,0.0033333333333333335,Low Risk
12484,2011-11-07 11:37:00,2010-01-27 16:41:00,12,6354.1,3266,329,13.490658174097666,33,648,0,Champions,14,1,0.0033333333333333335,Low Risk
12485,2010-06-28 15:22:00,2010-06-28 15:22:00,1,708.1,414,34,20.826470588235296,529,0,1,Other,5,0,0.8466666666666667,High Risk
12486,2010-10-04 12:14:00,2010-10-04 12:14:00,1,1037.28,523,49,21.168979591836734,432,0,1,Other,5,0,0.7,High Risk
12487,2009-12-09 11:36:00,2009-12-09 11:36:00,1,285.3,174,2,142.65,731,0,1,Other,3,0,0.8713140942654999,High Risk
12488,2011-11-30 08:50:00,2011-09-25 10:34:00,3,1298.66,529,46,23.612000000000002,10,65,0,High Value Customers,12,1,0.18,Low Risk
12489,2011-01-07 13:13:00,2011-01-07 13:13:00,1,334.93,105,15,22.328666666666667,336,0,1,Other,5,0,0.8833333333333333,High Risk
12490,2011-12-04 16:07:00,2009-12-01 12:52:00,21,9823.64,5906,195,21.26329004329004,5,733,0,Champions,15,1,0.0,Low Risk
12491,2011-11-01 12:18:00,2011-11-01 12:18:00,1,460.40000000000003,260,25,17.70769230769231,39,0,0,New / Potential,7,0,0.36666666666666664,Medium Risk
12492,2011-10-07 15:15:00,2010-11-01 14:58:00,3,715.21,444,38,17.028809523809525,63,340,0,Other,9,0,0.12666666666666668,Low Risk
12493,2011-06-27 10:17:00,2011-05-26 14:53:00,2,433.74,207,20,19.715454545454545,166,31,1,Other,7,0,0.89,High Risk
12494,2011-11-24 09:34:00,2010-05-12 13:52:00,9,1815.27,979,83,16.808055555555555,16,560,0,Champions,14,1,0.16666666666666666,Low Risk
12495,2010-03-09 10:53:00,2010-03-09 10:53:00,1,357.4,130,17,21.023529411764706,641,0,1,Other,4,0,0.93,High Risk
12496,2010-03-29 14:06:00,2010-03-29 13:57:00,2,45.34,30,10,4.534000000000001,620,0,1,Other,4,0,0.9333333333333333,High Risk
12497,2011-09-19 12:29:00,2010-03-05 09:39:00,3,6248.5,5685,41,109.62280701754386,82,563,0,High Value Customers,11,1,0.23,Low Risk
12498,2011-11-18 12:53:00,2011-10-13 09:30:00,3,403.70000000000005,159,21,17.55217391304348,21,36,0,Other,9,0,0.6033333333333334,High Risk
12499,2010-05-28 15:12:00,2010-05-28 15:12:00,1,393.72,302,27,14.582222222222223,560,0,1,Other,4,0,0.9533333333333334,High Risk
12500,2011-11-16 16:20:00,2010-02-04 15:05:00,19,5955.21,3377,88,40.7891095890411,23,650,0,Champions,14,1,0.02666666666666667,Low Risk
12501,2011-01-07 12:28:00,2011-01-07 12:28:00,1,2169.39,1783,149,14.559664429530201,337,0,1,Other,7,0,0.8466666666666667,High Risk
12502,2011-09-05 11:52:00,2011-02-03 10:41:00,5,3723.87,820,102,25.332448979591835,96,214,1,Loyal Customers,12,1,0.8433333333333334,High Risk
12503,2010-05-04 13:59:00,2010-05-04 13:59:00,1,1126.0,561,2,563.0,584,0,1,Other,5,0,0.9266666666666666,High Risk
12504,2011-11-21 16:02:00,2010-04-22 10:24:00,4,779.05,458,11,38.9525,18,578,0,Other,11,1,0.15,Low Risk
12505,2010-10-27 09:18:00,2010-10-27 09:18:00,1,955.2,324,42,22.742857142857144,409,0,1,Other,6,0,0.7733333333333333,High Risk
12506,2011-04-21 08:54:00,2011-04-21 08:54:00,1,73.5,23,23,3.1956521739130435,233,0,1,Other,4,0,0.94,High Risk
12507,2011-07-28 17:09:00,2010-05-04 09:23:00,4,1844.06,1256,46,37.633877551020404,134,450,1,High Value Customers,10,0,0.84,High Risk
12508,2011-11-13 15:37:00,2011-11-10 16:27:00,2,397.88,271,57,5.851176470588236,26,2,0,New / Potential,8,0,0.3333333333333333,Medium Risk
12509,2011-02-28 14:45:00,2011-02-28 14:45:00,1,176.5,55,7,25.214285714285715,284,0,1,Other,4,0,0.92,High Risk
12510,2011-07-20 10:15:00,2009-12-04 13:47:00,9,5178.02,2049,94,35.71048275862069,143,592,1,Loyal Customers,13,1,0.7366666666666667,High Risk
12511,2010-10-07 10:39:00,2010-10-07 10:39:00,1,3084.02,1753,190,16.231684210526314,429,0,1,Other,7,0,0.8866666666666667,High Risk
12512,2011-10-04 14:55:00,2011-10-04 14:53:00,2,132.18,96,31,4.263870967741935,66,0,0,Other,6,0,0.27666666666666667,Low Risk
12513,2011-08-19 10:51:00,2011-08-19 10:51:00,1,612.29,462,35,17.494,113,0,1,Other,7,0,0.8966666666666666,High Risk
12514,2011-03-17 16:38:00,2010-03-08 12:18:00,2,1597.76,840,76,19.02095238095238,267,374,1,Other,8,0,0.7966666666666666,High Risk
12515,2010-12-21 15:43:00,2010-12-21 15:43:00,1,383.7,131,16,23.98125,353,0,1,Other,5,0,0.8766666666666667,High Risk
12516,2011-09-23 09:13:00,2010-04-19 14:14:00,4,2648.62,1952,49,35.792162162162164,78,521,0,High Value Customers,10,1,0.12,Low Risk
12517,2011-11-11 14:04:00,2011-06-02 15:13:00,5,2481.6,1361,232,8.894623655913978,28,161,0,Champions,12,1,0.4266666666666667,Medium Risk
12518,2011-12-09 10:13:00,2011-08-21 13:18:00,5,2056.89,1318,84,16.58782258064516,1,109,0,Champions,13,1,0.13666666666666666,Low Risk
12519,2011-10-07 09:26:00,2010-08-20 08:21:00,2,716.54,387,34,18.37282051282051,64,413,0,Other,8,0,0.13,Low Risk
12520,2011-09-21 15:23:00,2011-03-11 11:35:00,5,2634.26,1439,121,17.330657894736845,79,194,0,Loyal Customers,11,1,0.48333333333333334,Medium Risk
12521,2011-07-20 10:51:00,2011-07-20 10:51:00,1,599.68,309,38,15.781052631578946,143,0,1,Other,6,0,0.97,High Risk
12522,2011-10-31 15:30:00,2011-10-19 14:41:00,2,192.72,194,11,16.06,39,12,0,New / Potential,7,0,0.20666666666666667,Low Risk
12523,2011-11-20 12:55:00,2009-12-07 13:46:00,23,4352.35,2263,176,17.479317269076308,19,712,0,Champions,15,1,0.0,Low Risk
12524,2011-11-30 15:31:00,2010-02-08 14:41:00,17,11126.11,7178,157,46.35879166666667,9,660,0,Champions,15,1,0.013333333333333334,Low Risk
12525,2010-07-29 16:08:00,2010-03-02 14:01:00,3,973.73,509,56,16.228833333333334,498,149,1,At Risk,7,0,0.8333333333333334,High Risk
12526,2011-12-09 12:09:00,2011-09-06 14:19:00,3,1316.66,632,64,18.54450704225352,1,93,0,High Value Customers,12,1,0.15333333333333332,Low Risk
12527,2011-09-19 11:55:00,2010-06-28 15:37:00,5,735.51,526,26,22.9846875,82,447,0,Loyal Customers,10,0,0.56,Medium Risk
12528,2011-11-30 14:40:00,2011-01-31 09:05:00,6,1933.48,756,50,21.01608695652174,9,303,0,Champions,13,1,0.19,Low Risk
12529,2010-06-29 13:10:00,2010-06-29 13:10:00,1,316.48,192,21,15.07047619047619,528,0,1,Other,4,0,0.9366666666666666,High Risk
12530,2011-10-11 12:34:00,2010-03-07 14:37:00,9,3759.26,2713,94,23.792784810126584,60,582,0,Loyal Customers,13,1,0.06333333333333334,Low Risk
12531,2011-11-25 11:12:00,2010-01-22 14:17:00,2,1933.2,1119,126,15.222047244094489,15,671,0,High Value Customers,11,1,0.04666666666666667,Low Risk
12532,2011-11-09 13:47:00,2011-11-09 13:47:00,1,349.83000000000004,153,16,21.864375000000003,30,0,0,New / Potential,7,0,0.31,Medium Risk
12533,2010-03-22 10:56:00,2009-12-01 11:50:00,2,1367.89,704,63,18.998472222222222,628,110,1,Other,7,0,0.8133333333333334,High Risk
12534,2011-08-01 10:26:00,2011-08-01 10:26:00,1,1089.18,651,63,17.28857142857143,131,0,1,Other,7,0,0.8966666666666666,High Risk
12535,2011-09-09 08:48:00,2011-06-06 12:47:00,2,716.35,219,28,21.069117647058825,92,94,1,Other,8,0,0.9,High Risk
12536,2011-10-27 14:20:00,2011-10-11 14:52:00,3,12601.830000000002,2803,260,48.282873563218395,43,15,0,High Value Customers,12,1,0.17666666666666667,Low Risk
12537,2010-10-27 08:36:00,2010-10-27 08:36:00,1,732.94,449,43,17.04511627906977,409,0,1,Other,6,0,0.7266666666666667,High Risk
12538,2011-11-10 17:16:00,2010-11-26 13:02:00,2,640.45,336,33,18.836764705882356,29,349,0,New / Potential,9,0,0.14,Low Risk
12539,2011-11-17 13:30:00,2009-12-23 13:00:00,7,11214.75,4535,276,22.251488095238095,22,694,0,Champions,13,1,0.02,Low Risk
12540,2011-11-20 11:31:00,2009-12-07 16:56:00,33,22254.49,11019,354,28.864448767833984,20,712,0,Champions,14,1,0.0,Low Risk
12541,2011-11-10 10:40:00,2011-03-04 09:32:00,3,981.18,680,46,18.868846153846153,30,251,0,Other,10,0,0.21,Low Risk
12542,2010-08-12 19:12:00,2010-03-09 16:26:00,2,481.88,522,39,12.355897435897436,484,156,1,Other,5,0,0.7933333333333333,High Risk
12543,2010-09-17 15:51:00,2010-09-17 15:51:00,1,980.25,688,43,22.796511627906977,448,0,1,Other,5,0,0.93,High Risk
12544,2011-11-03 16:15:00,2011-11-03 16:15:00,1,372.7,136,19,19.61578947368421,36,0,0,New / Potential,7,0,0.13333333333333333,Low Risk
12545,2011-09-25 13:39:00,2011-03-25 12:04:00,2,1000.39,523,42,20.0078,75,184,0,Other,8,0,0.7366666666666667,High Risk
12546,2011-10-24 12:09:00,2011-09-23 09:44:00,2,1161.5,633,59,16.833333333333332,47,31,0,New / Potential,9,0,0.16333333333333333,Low Risk
12547,2011-05-26 12:38:00,2010-07-27 13:55:00,3,383.58,309,13,18.265714285714285,198,302,1,At Risk,7,0,0.8533333333333334,High Risk
12548,2011-06-26 15:35:00,2011-06-26 15:35:00,1,95.19999999999999,49,5,19.04,166,0,1,Other,5,0,0.8066666666666666,High Risk
12549,2010-05-13 12:05:00,2010-01-11 12:29:00,6,1575.68,1366,38,32.15673469387755,576,121,1,At Risk,9,0,0.7566666666666667,High Risk
12550,2011-09-21 14:35:00,2011-09-21 14:35:00,1,964.83,569,57,16.92684210526316,79,0,0,Other,7,0,0.7933333333333333,High Risk
12551,2010-12-17 11:23:00,2010-12-17 11:23:00,1,168.0,100,10,16.8,358,0,1,Other,4,0,0.9833333333333333,High Risk
12552,2011-11-01 10:02:00,2011-10-31 12:11:00,2,437.82,88,20,21.891,39,0,0,New / Potential,8,0,0.27666666666666667,Low Risk
12553,2011-12-01 16:38:00,2010-10-12 13:35:00,12,4608.75,2325,109,19.36449579831933,8,415,0,Champions,15,1,0.07333333333333333,Low Risk
12554,2010-09-17 12:29:00,2010-09-17 12:29:00,1,468.5,240,26,18.01923076923077,449,0,1,Other,4,0,0.9033333333333333,High Risk
12555,2010-01-26 16:26:00,2010-01-26 16:26:00,1,129.23,1,1,129.23,682,0,1,Other,3,0,1.0,High Risk
12556,2011-10-20 13:06:00,2011-07-11 13:35:00,2,599.56,355,100,5.038319327731092,50,100,0,New / Potential,8,0,0.8066666666666666,High Risk
12557,2011-11-23 16:59:00,2009-12-17 10:39:00,8,18096.14,6382,15,341.4366037735849,16,706,0,Champions,14,1,0.08333333333333333,Low Risk
12558,2011-12-02 10:41:00,2011-12-02 10:41:00,1,269.96,196,11,24.54181818181818,8,0,0,New / Potential,7,0,0.29,Low Risk
12559,2011-02-02 09:49:00,2011-01-24 10:12:00,2,561.71,283,21,26.74809523809524,311,8,1,Other,6,0,0.9433333333333334,High Risk
12560,2011-12-04 13:54:00,2011-07-19 15:55:00,3,2134.01,1110,91,20.323904761904764,5,137,0,High Value Customers,12,1,0.6933333333333334,High Risk
12561,2011-02-10 11:39:00,2011-02-10 11:39:00,1,238.85,177,16,14.928125,303,0,1,Other,4,0,0.7833333333333333,High Risk
12562,2011-12-01 17:20:00,2010-09-30 13:13:00,9,4966.92,2327,113,23.99478260869565,8,427,0,Champions,15,1,0.06,Low Risk
12563,2010-10-27 09:52:00,2010-10-27 09:52:00,1,249.24,113,13,19.172307692307694,409,0,1,Other,4,0,0.92,High Risk
12564,2011-03-23 14:55:00,2011-03-23 14:55:00,1,456.90000000000003,133,21,21.75714285714286,261,0,1,Other,5,0,0.77,High Risk
12565,2011-02-24 10:34:00,2011-02-24 10:34:00,1,145.92000000000002,80,9,16.213333333333335,289,0,1,Other,4,0,0.8733333333333333,High Risk
12566,2011-09-14 14:30:00,2011-09-14 14:30:00,1,351.65,265,19,18.507894736842104,86,0,0,Other,6,0,0.31333333333333335,Medium Risk
12567,2011-11-17 11:02:00,2010-02-11 10:30:00,15,11767.48,5308,365,21.16453237410072,23,644,0,Champions,14,1,0.0,Low Risk
12568,2010-03-05 09:15:00,2010-03-05 09:15:00,1,70.0,48,5,14.0,645,0,1,Other,3,0,0.9766666666666667,High Risk
12569,2011-12-07 16:24:00,2011-04-01 13:47:00,32,4124.6900000000005,1801,92,21.93984042553192,2,250,0,Champions,15,1,0.12333333333333334,Low Risk
12570,2010-01-26 17:28:00,2010-01-26 17:28:00,1,77.52,1,1,77.52,682,0,1,Other,3,0,1.0,High Risk
12571,2011-10-31 10:19:00,2011-08-10 12:35:00,2,519.61,523,31,15.28264705882353,40,81,0,New / Potential,8,0,0.5466666666666666,Medium Risk
12572,2011-12-01 09:20:00,2011-10-19 08:20:00,2,1020.4200000000001,452,53,17.007,9,43,0,New / Potential,10,1,0.15666666666666668,Low Risk
12573,2011-04-26 15:52:00,2010-08-31 17:25:00,5,717.41,479,107,6.028655462184874,227,237,1,At Risk,9,0,0.91,High Risk
12574,2011-01-28 09:20:00,2011-01-28 09:20:00,1,218.45000000000002,61,11,19.85909090909091,316,0,1,Other,4,0,0.7366666666666667,High Risk
12575,2010-09-08 13:09:00,2010-07-01 09:15:00,2,622.82,315,34,16.39,457,69,1,Other,6,0,0.7966666666666666,High Risk
12576,2011-11-04 10:11:00,2010-07-01 13:46:00,8,2142.7200000000003,1494,114,15.089577464788734,36,490,0,Champions,12,1,0.20666666666666667,Low Risk
12577,2011-11-04 13:24:00,2009-12-03 19:31:00,8,1617.1,1191,259,5.426510067114093,35,700,0,Champions,12,1,0.016666666666666666,Low Risk
12578,2011-11-18 13:30:00,2010-09-22 11:19:00,4,4642.45,2380,149,26.99098837209302,21,422,0,High Value Customers,12,1,0.22,Low Risk
12579,2011-09-22 17:15:00,2011-09-22 17:15:00,1,440.42,285,29,15.18689655172414,78,0,0,Other,6,0,0.35333333333333333,Medium Risk
12580,2011-04-07 10:24:00,2010-05-12 11:45:00,2,1052.9,569,52,18.153448275862072,247,329,1,Other,7,0,0.78,High Risk
12581,2011-10-31 08:56:00,2011-10-31 08:56:00,1,197.71,161,15,13.180666666666667,40,0,0,New / Potential,6,0,0.25666666666666665,Low Risk
12582,2011-04-15 08:45:00,2010-05-11 09:55:00,4,1980.4,985,88,19.22718446601942,239,338,1,At Risk,9,0,0.87,High Risk
12583,2011-12-07 08:07:00,2009-12-06 11:57:00,27,13591.58,8535,141,30.47439461883408,3,730,0,Champions,15,1,0.0033333333333333335,Low Risk
12584,2011-12-06 09:35:00,2011-03-04 15:15:00,9,2338.15,416,44,24.355729166666666,4,276,0,Champions,14,1,0.24,Low Risk
12585,2011-04-19 13:39:00,2010-12-23 12:58:00,2,2040.1,1279,77,23.44942528735632,234,117,1,Other,8,0,0.86,High Risk
12586,2011-11-22 16:24:00,2009-12-16 13:15:00,4,2062.67,687,82,21.943297872340427,17,706,0,High Value Customers,12,1,0.03666666666666667,Low Risk
12587,2011-12-02 12:47:00,2011-12-02 12:47:00,1,144.0,51,4,36.0,8,0,0,New / Potential,7,0,0.31333333333333335,Medium Risk
12588,2011-10-31 15:01:00,2010-04-21 12:22:00,4,958.78,438,31,20.84304347826087,39,558,0,Other,10,1,0.12,Low Risk
12589,2011-11-11 10:19:00,2010-01-19 12:26:00,8,4695.66,1764,121,26.087,29,660,0,Champions,13,1,0.006666666666666667,Low Risk
12590,2011-05-12 14:52:00,2011-05-12 14:46:00,2,9864.26,4283,68,145.06264705882353,211,0,1,Other,9,1,0.8766666666666667,High Risk
12591,2011-01-26 14:35:00,2010-10-27 10:42:00,3,1338.95,653,63,19.69044117647059,317,91,1,At Risk,9,0,0.29,Low Risk
12592,2011-09-08 15:04:00,2010-07-08 14:06:00,5,2582.66,1875,42,31.88469135802469,92,427,1,Loyal Customers,11,1,0.7533333333333333,High Risk
12593,2011-08-23 12:43:00,2011-05-05 09:29:00,3,418.1,206,14,19.90952380952381,109,110,1,Other,8,0,0.8866666666666667,High Risk
12594,2011-11-02 12:20:00,2010-03-03 13:51:00,15,5090.110000000001,2768,78,25.57844221105528,38,608,0,Champions,14,1,0.023333333333333334,Low Risk
12595,2010-07-23 09:10:00,2010-07-23 09:10:00,1,299.02,271,19,15.737894736842104,505,0,1,Other,4,0,0.8166666666666667,High Risk
12596,2011-10-19 13:02:00,2011-04-11 13:22:00,2,618.27,474,25,22.898888888888887,51,190,0,New / Potential,9,0,0.22666666666666666,Low Risk
12597,2011-11-20 13:33:00,2011-03-16 14:00:00,4,3811.22,2236,184,18.50106796116505,19,248,0,High Value Customers,13,1,0.13333333333333333,Low Risk
12598,2011-11-30 12:18:00,2010-03-01 09:58:00,11,4534.09,2906,130,22.01014563106796,10,639,0,Champions,15,1,0.006666666666666667,Low Risk
12599,2011-11-10 13:34:00,2010-05-11 10:42:00,13,2296.72,2189,47,17.268571428571427,29,548,0,Champions,13,1,0.16,Low Risk
12600,2011-11-11 10:29:00,2009-12-07 13:37:00,21,4967.42,1383,53,38.21092307692308,29,703,0,Champions,14,1,0.0,Low Risk
12601,2011-06-03 10:17:00,2010-10-31 10:57:00,6,681.26,290,24,20.03705882352941,190,214,1,At Risk,9,0,0.85,High Risk
12602,2011-10-12 11:22:00,2011-10-12 11:22:00,1,153.12,162,12,12.76,59,0,0,New / Potential,6,0,0.20666666666666667,Low Risk
12603,2011-11-18 10:42:00,2011-11-18 10:42:00,1,739.1999999999999,63,2,369.59999999999997,22,0,0,New / Potential,8,0,0.30666666666666664,Medium Risk
12604,2011-09-21 14:08:00,2011-03-23 12:06:00,2,254.18,201,15,15.88625,79,182,0,Other,6,0,0.19666666666666666,Low Risk
12605,2010-11-28 14:18:00,2010-09-07 14:21:00,4,1232.95,929,63,16.223026315789475,376,81,1,At Risk,9,0,0.7366666666666667,High Risk
12606,2010-01-26 16:23:00,2010-01-26 16:23:00,1,21.0,1,1,21.0,682,0,1,Other,3,0,0.8333333333333334,High Risk
12607,2011-10-10 16:06:00,2011-10-10 16:06:00,1,1579.51,1228,101,15.63871287128713,60,0,0,High Value Customers,8,0,0.22,Low Risk
12608,2010-10-31 10:49:00,2010-10-31 10:49:00,1,415.79,323,16,25.986875,405,0,1,Other,5,0,0.8933333333333333,High Risk
12609,2011-09-22 16:34:00,2009-12-20 13:30:00,9,3435.86,1553,129,19.633485714285715,78,641,0,Loyal Customers,13,1,0.006666666666666667,Low Risk
12610,2011-11-17 09:34:00,2011-08-05 13:52:00,5,2099.54,1049,85,19.80698113207547,23,103,0,Champions,12,1,0.15666666666666668,Low Risk
12611,2011-10-18 13:12:00,2011-10-18 13:12:00,1,1193.32,846,65,18.35876923076923,52,0,0,New / Potential,8,0,0.30333333333333334,Medium Risk
12612,2011-09-26 15:35:00,2011-09-26 15:35:00,1,704.04,262,19,37.054736842105264,74,0,0,Other,7,0,0.7133333333333334,High Risk
12613,2011-10-13 14:59:00,2009-12-14 13:10:00,10,6817.37,4157,218,20.91217791411043,57,668,0,Champions,14,1,0.0,Low Risk
12614,2011-03-07 10:22:00,2011-03-07 10:22:00,1,315.6,76,20,15.780000000000001,278,0,1,Other,5,0,0.92,High Risk
12615,2011-12-07 15:02:00,2010-03-18 14:09:00,8,5740.9800000000005,3317,198,21.26288888888889,2,629,0,Champions,14,1,0.016666666666666666,Low Risk
12616,2011-09-05 15:17:00,2010-11-16 11:38:00,3,1131.1,498,32,20.946296296296296,95,293,1,Other,9,0,0.9233333333333333,High Risk
12617,2011-11-10 14:39:00,2011-11-10 14:39:00,1,352.98,210,39,8.609268292682927,29,0,0,New / Potential,7,0,0.25333333333333335,Low Risk
12618,2011-11-18 11:10:00,2011-11-18 11:10:00,1,177.31,96,11,16.11909090909091,22,0,0,New / Potential,6,0,0.34,Medium Risk
12619,2011-11-23 14:52:00,2010-05-28 12:52:00,10,3781.38,3518,55,37.8138,16,544,0,Champions,15,1,0.16333333333333333,Low Risk
12620,2011-11-25 10:20:00,2011-05-19 12:10:00,3,1339.41,1181,89,14.558804347826088,15,189,0,High Value Customers,12,1,0.19666666666666666,Low Risk
12621,2011-12-08 11:25:00,2010-02-09 12:01:00,35,24311.2,13706,344,32.15767195767196,2,666,0,Champions,15,1,0.0033333333333333335,Low Risk
12622,2011-04-21 16:39:00,2011-04-21 16:39:00,1,180.1,69,11,16.37272727272727,232,0,1,Other,4,0,0.9633333333333334,High Risk
12623,2011-03-08 13:50:00,2010-01-12 11:45:00,7,3747.84,1971,112,21.663815028901734,276,420,1,At Risk,11,1,0.30333333333333334,Medium Risk
12624,2011-08-25 15:04:00,2011-06-15 12:34:00,2,641.13,355,36,16.87184210526316,106,71,1,Other,8,0,0.85,High Risk
12625,2011-05-12 09:54:00,2010-04-22 11:33:00,4,5164.88,3309,144,28.22338797814208,212,384,1,At Risk,10,1,0.7966666666666666,High Risk
12626,2011-11-16 16:06:00,2011-01-17 11:01:00,9,6620.4800000000005,3453,232,22.518639455782314,23,303,0,Champions,14,1,0.20666666666666667,Low Risk
12627,2011-11-29 12:07:00,2011-07-22 13:59:00,7,4478.53,2752,162,19.47186956521739,11,129,0,Champions,14,1,0.12333333333333334,Low Risk
12628,2011-12-05 13:15:00,2011-10-06 09:28:00,3,786.46,448,34,19.181951219512197,4,60,0,Other,11,1,0.17,Low Risk
12629,2010-11-19 09:18:00,2010-10-12 16:40:00,2,1558.22,722,40,34.62711111111111,386,37,1,Other,8,0,0.85,High Risk
12630,2011-11-30 10:48:00,2011-10-27 10:41:00,2,1270.88,548,60,19.8575,10,34,0,High Value Customers,11,1,0.14333333333333334,Low Risk
12631,2011-10-13 13:53:00,2010-01-15 14:50:00,6,3481.57,1607,131,19.024972677595628,57,635,0,Champions,13,1,0.006666666666666667,Low Risk
12632,2010-07-07 09:39:00,2010-05-24 09:07:00,2,804.88,694,32,22.99657142857143,521,44,1,Other,6,0,0.8033333333333333,High Risk
12633,2011-10-12 11:40:00,2010-07-02 11:44:00,7,5678.16,3238,220,18.556078431372548,59,466,0,Champions,13,1,0.24,Low Risk
12634,2010-06-22 10:05:00,2010-06-09 15:41:00,2,490.0,337,20,24.5,536,12,1,Other,5,0,0.8233333333333334,High Risk
12635,2011-09-11 11:04:00,2010-09-09 10:50:00,4,2930.41,1949,159,16.37100558659218,90,367,0,High Value Customers,11,1,0.12333333333333334,Low Risk
12636,2009-12-01 09:55:00,2009-12-01 09:55:00,1,141.0,1,1,141.0,739,0,1,Other,3,0,1.0,High Risk
12637,2011-10-03 13:46:00,2010-06-14 13:36:00,12,8283.81,4257,295,13.491547231270358,67,476,0,Loyal Customers,13,1,0.11666666666666667,Low Risk
12638,2011-11-06 13:11:00,2010-03-10 10:30:00,2,921.49,663,47,19.197708333333335,33,606,0,New / Potential,9,0,0.05333333333333334,Low Risk
12639,2011-04-15 12:48:00,2010-03-22 09:05:00,3,1312.3700000000001,631,58,20.505781250000002,239,389,1,At Risk,9,0,0.9,High Risk
12640,2011-11-16 11:52:00,2011-09-19 12:01:00,3,1174.58,311,47,22.16188679245283,24,57,0,Other,10,1,0.08666666666666667,Low Risk
12641,2011-08-16 13:26:00,2011-08-16 13:26:00,1,185.9,72,10,18.59,115,0,1,Other,5,0,0.8266666666666667,High Risk
12642,2011-11-14 15:03:00,2011-08-24 09:23:00,3,1013.26,552,39,21.558723404255318,25,82,0,Other,10,1,0.25333333333333335,Low Risk
12643,2011-08-03 12:56:00,2010-04-07 14:16:00,12,8304.82,4665,14,162.83960784313726,128,482,1,Loyal Customers,13,1,0.7933333333333333,High Risk
12644,2011-08-02 10:33:00,2010-01-14 13:02:00,4,1918.49,1032,106,17.283693693693692,130,564,1,High Value Customers,10,0,0.30333333333333334,Medium Risk
12645,2011-11-06 12:38:00,2010-02-09 10:49:00,8,3539.3,2125,111,22.120625,34,635,0,Champions,13,1,0.016666666666666666,Low Risk
12646,2011-12-05 10:14:00,2011-10-21 12:52:00,2,1346.97,897,43,29.932666666666666,5,44,0,High Value Customers,11,1,0.22333333333333333,Low Risk
12647,2011-11-17 12:56:00,2010-01-13 15:06:00,36,16955.55,6633,240,32.923398058252424,22,672,0,Champions,14,1,0.0033333333333333335,Low Risk
12648,2011-07-08 11:55:00,2010-01-07 18:38:00,4,1112.0,518,38,17.107692307692307,155,546,1,Other,9,0,0.7,High Risk
12649,2011-08-24 14:41:00,2010-01-12 17:24:00,8,2294.65,1959,94,19.446186440677966,107,588,1,Loyal Customers,11,1,0.7233333333333334,High Risk
12650,2011-12-06 16:34:00,2011-12-06 16:34:00,1,314.44,254,20,15.722,3,0,0,New / Potential,8,0,0.23,Low Risk
12651,2011-01-09 12:46:00,2010-08-31 15:21:00,4,377.75,265,30,12.591666666666667,335,130,1,At Risk,7,0,0.8566666666666667,High Risk
12652,2011-01-12 15:00:00,2010-10-01 15:16:00,2,1017.0300000000001,536,51,19.941764705882356,331,102,1,Other,7,0,0.8566666666666667,High Risk
12653,2011-07-14 10:41:00,2010-07-01 09:56:00,3,4160.83,1681,76,48.38174418604651,149,378,1,High Value Customers,11,1,0.8366666666666667,High Risk
12654,2011-11-29 10:10:00,2011-02-17 13:16:00,5,601.98,264,31,15.841578947368422,11,284,0,Loyal Customers,11,1,0.27666666666666667,Low Risk
12655,2010-10-12 09:17:00,2010-10-12 09:17:00,1,261.35,80,16,16.334375,424,0,1,Other,3,0,0.9333333333333333,High Risk
12656,2011-11-22 13:42:00,2010-05-26 09:00:00,8,6407.83,2860,174,25.942631578947367,17,545,0,Champions,14,1,0.08666666666666667,Low Risk
12657,2011-11-28 15:47:00,2011-09-22 11:40:00,4,1643.18,1044,35,34.961276595744685,11,67,0,High Value Customers,12,1,0.21333333333333335,Low Risk
12658,2011-11-21 10:22:00,2011-11-21 10:22:00,1,686.05,320,36,19.056944444444444,19,0,0,New / Potential,9,0,0.25666666666666665,Low Risk
12659,2011-11-10 11:53:00,2011-11-10 11:53:00,1,91.68,105,5,18.336000000000002,30,0,0,New / Potential,6,0,0.6233333333333333,High Risk
12660,2011-11-28 13:26:00,2011-11-28 13:26:00,1,245.10000000000002,127,13,18.853846153846156,11,0,0,New / Potential,7,0,0.3333333333333333,Medium Risk
12661,2010-09-29 16:46:00,2010-09-29 16:46:00,1,162.0,216,11,14.727272727272727,436,0,1,Other,3,0,0.74,High Risk
12662,2011-12-09 11:59:00,2010-04-01 09:50:00,20,6726.54,3424,163,17.203427109974424,1,617,0,Champions,15,1,0.05333333333333334,Low Risk
12663,2010-03-25 09:40:00,2010-02-09 14:28:00,2,239.4,181,9,23.94,625,43,1,Other,4,0,0.8566666666666667,High Risk
12664,2011-12-01 17:07:00,2009-12-13 10:28:00,11,6070.04,1495,10,134.88977777777777,8,718,0,Champions,15,1,0.023333333333333334,Low Risk
12665,2011-01-19 08:34:00,2010-02-08 15:11:00,3,313.6,165,13,18.447058823529414,325,344,1,At Risk,7,0,0.8166666666666667,High Risk
12666,2010-11-10 16:40:00,2010-11-10 16:40:00,1,1248.42,370,31,40.27161290322581,394,0,1,Other,7,0,0.8866666666666667,High Risk
12667,2011-10-12 17:00:00,2011-10-12 17:00:00,1,620.13,395,33,18.791818181818183,58,0,0,New / Potential,8,0,0.24,Low Risk
12668,2011-11-28 10:56:00,2010-01-31 15:45:00,10,11383.03,5049,263,21.236996268656718,12,665,0,Champions,15,1,0.0033333333333333335,Low Risk
12669,2011-07-12 09:54:00,2011-03-28 10:15:00,3,2744.0299999999997,1115,98,27.168613861386135,151,105,1,High Value Customers,10,0,0.82,High Risk
12670,2011-11-29 15:23:00,2010-02-11 10:13:00,7,3760.29,1627,71,32.698173913043476,10,656,0,Champions,14,1,0.023333333333333334,Low Risk
12671,2010-04-12 16:30:00,2010-04-12 16:30:00,1,2622.481,1460,45,58.27735555555556,606,0,1,Other,6,0,0.91,High Risk
12672,2011-01-14 09:20:00,2010-04-23 09:57:00,2,437.05,138,22,19.865909090909092,330,265,1,Other,6,0,0.7466666666666667,High Risk
12673,2011-12-04 13:55:00,2010-11-03 10:46:00,3,1230.02,700,68,16.62189189189189,5,396,0,High Value Customers,12,1,0.17333333333333334,Low Risk
12674,2011-11-01 12:12:00,2011-05-16 09:10:00,4,1970.6,1133,52,23.742168674698792,39,169,0,High Value Customers,11,1,0.21666666666666667,Low Risk
12675,2010-06-04 09:49:00,2010-05-10 16:44:00,2,957.25,336,111,8.546875,554,24,1,Other,6,0,0.81,High Risk
12676,2011-11-15 12:25:00,2010-08-13 13:29:00,11,2843.09,1867,67,26.570934579439253,25,458,0,Champions,13,1,0.4,Medium Risk
12677,2010-06-02 14:30:00,2010-02-11 13:55:00,2,395.1,176,13,18.814285714285717,555,111,1,Other,5,0,0.77,High Risk
12678,2011-10-28 13:04:00,2010-01-07 16:46:00,21,34281.18,22372,199,91.17335106382978,42,658,0,Champions,14,1,0.02666666666666667,Low Risk
12679,2011-10-12 12:30:00,2011-03-01 12:26:00,4,1113.02,554,43,23.187916666666666,59,225,0,Other,10,0,0.29333333333333333,Low Risk
12680,2011-12-09 12:50:00,2011-08-18 15:44:00,4,880.81,444,33,16.619056603773583,1,112,0,Other,11,1,0.2833333333333333,Low Risk
12681,2011-11-25 11:33:00,2009-12-13 13:31:00,45,29834.760000000002,17011,459,20.951376404494383,15,711,0,Champions,15,1,0.0,Low Risk
12682,2011-12-06 10:00:00,2009-12-01 09:28:00,52,22950.22,10522,327,23.20548028311426,4,735,0,Champions,15,1,0.0,Low Risk
12683,2011-12-05 16:31:00,2009-12-13 15:01:00,21,11633.7,7019,236,23.888501026694048,4,722,0,Champions,15,1,0.0,Low Risk
12684,2011-12-02 09:53:00,2011-05-10 12:55:00,7,2283.63,1985,61,21.748857142857144,8,205,0,Champions,13,1,0.14,Low Risk
12685,2011-11-11 13:46:00,2011-09-07 10:28:00,6,2863.08,1523,117,18.236178343949042,28,65,0,Champions,12,1,0.23666666666666666,Low Risk
12686,2010-12-03 09:51:00,2010-12-03 09:51:00,1,89.14,107,7,12.734285714285715,372,0,1,Other,4,0,0.93,High Risk
12687,2010-08-16 12:12:00,2010-08-16 12:10:00,2,2138.91,1403,126,16.97547619047619,481,0,1,Other,7,0,0.82,High Risk
12688,2011-08-18 08:49:00,2011-08-18 08:49:00,1,4873.81,3028,171,28.50181286549708,114,0,1,High Value Customers,9,0,0.83,High Risk
12689,2011-11-14 08:31:00,2011-08-04 10:04:00,2,1247.6100000000001,628,57,17.327916666666667,26,101,0,High Value Customers,10,0,0.2,Low Risk
12690,2011-05-18 09:09:00,2011-05-18 09:09:00,1,389.01,106,16,24.313125,206,0,1,Other,5,0,0.93,High Risk
12691,2011-11-11 16:49:00,2010-10-15 12:00:00,7,1170.4,445,24,30.010256410256414,28,392,0,Loyal Customers,11,1,0.12666666666666668,Low Risk
12692,2010-03-12 14:02:00,2010-03-12 14:02:00,1,110.95,36,13,8.534615384615385,637,0,1,Other,3,0,0.9866666666666667,High Risk
12693,2011-08-04 17:51:00,2010-07-05 13:56:00,7,1703.02,536,63,21.557215189873418,127,395,1,Loyal Customers,11,1,0.9166666666666666,High Risk
12694,2011-09-30 13:06:00,2010-10-14 19:39:00,3,1843.35,1355,69,22.209036144578313,70,350,0,High Value Customers,10,0,0.42333333333333334,Medium Risk
12695,2011-12-02 13:22:00,2010-02-12 13:22:00,7,1407.1200000000001,454,46,23.84949152542373,7,658,0,Champions,13,1,0.043333333333333335,Low Risk
12696,2010-10-01 10:43:00,2010-07-19 10:02:00,2,851.91,564,43,17.38591836734694,435,74,1,Other,6,0,0.8133333333333334,High Risk
12697,2011-11-11 08:47:00,2011-06-23 15:44:00,3,957.59,508,37,23.355853658536585,29,140,0,Other,10,0,0.78,High Risk
12698,2010-04-28 15:51:00,2010-04-28 15:51:00,1,339.75,111,16,21.234375,590,0,1,Other,4,0,0.9766666666666667,High Risk
12699,2010-10-18 12:07:00,2010-10-18 12:07:00,1,638.11,373,41,15.563658536585367,418,0,1,Other,5,0,0.85,High Risk
12700,2011-12-02 10:47:00,2011-05-08 16:10:00,4,4939.99,2967,193,18.432798507462685,8,207,0,High Value Customers,13,1,0.13666666666666666,Low Risk
12701,2011-09-21 10:47:00,2010-03-16 13:23:00,6,2446.41,1727,118,16.642244897959184,80,553,0,Loyal Customers,11,1,0.11666666666666667,Low Risk
12702,2011-11-20 10:36:00,2011-11-20 10:36:00,1,219.0,53,12,18.25,20,0,0,New / Potential,6,0,0.33666666666666667,Medium Risk
12703,2011-09-29 17:52:00,2010-01-24 12:05:00,4,1006.53,595,56,13.601756756756757,71,613,0,Other,9,0,0.31,Medium Risk
12704,2011-12-02 13:15:00,2011-06-23 10:20:00,8,2340.84,1006,64,26.600454545454546,7,162,0,Champions,13,1,0.16333333333333333,Low Risk
12705,2011-11-24 13:17:00,2010-06-24 09:51:00,14,11762.1,7188,320,19.636227045075128,15,518,0,Champions,15,1,0.08333333333333333,Low Risk
12707,2011-02-21 08:38:00,2011-02-21 08:38:00,1,603.42,256,33,18.285454545454545,292,0,1,Other,5,0,0.8866666666666667,High Risk
12708,2011-11-10 09:52:00,2009-12-18 10:25:00,18,5117.66,2432,130,17.289391891891892,30,691,0,Champions,14,1,0.0033333333333333335,Low Risk
12709,2011-11-24 15:38:00,2009-12-09 13:49:00,34,30291.76,13772,189,61.819918367346936,15,715,0,Champions,15,1,0.0033333333333333335,Low Risk
12710,2011-09-04 12:00:00,2011-05-22 14:05:00,3,1149.02,851,75,14.922337662337663,97,104,1,Other,9,0,0.82,High Risk
12711,2010-04-07 11:59:00,2010-02-01 11:30:00,2,1339.05,770,56,22.3175,612,65,1,Other,7,0,0.7266666666666667,High Risk
12712,2011-11-11 08:19:00,2009-12-09 10:46:00,21,6723.03,2205,126,26.2618359375,29,701,0,Champions,14,1,0.006666666666666667,Low Risk
12713,2011-12-09 12:16:00,2011-12-09 12:16:00,1,848.55,508,38,22.330263157894734,1,0,0,New / Potential,9,1,0.25666666666666665,Low Risk
12714,2011-11-30 15:43:00,2009-12-04 10:00:00,12,14093.710000000001,8774,436,20.249583333333334,9,726,0,Champions,15,1,0.01,Low Risk
12715,2011-08-25 15:22:00,2011-08-25 15:22:00,1,343.36,192,20,17.168,106,0,1,Other,6,0,0.5566666666666666,Medium Risk
12716,2011-12-06 08:55:00,2011-07-29 13:28:00,2,1053.49,708,60,15.267971014492753,4,129,0,New / Potential,10,1,0.22,Low Risk
12717,2011-07-11 14:47:00,2010-04-28 14:34:00,3,1308.91,600,60,18.435352112676057,151,439,1,High Value Customers,10,0,0.9,High Risk
12718,2011-09-29 16:38:00,2011-09-29 16:38:00,1,238.25,203,19,12.539473684210526,71,0,0,Other,5,0,0.37,Medium Risk
12719,2011-12-04 13:45:00,2011-10-05 14:50:00,2,644.95,374,34,16.53717948717949,5,59,0,New / Potential,10,1,0.5533333333333333,Medium Risk
12720,2011-12-07 08:03:00,2010-07-21 09:46:00,30,7787.28,6018,262,16.257369519832984,3,503,0,Champions,15,1,0.043333333333333335,Low Risk
12721,2011-11-08 12:13:00,2010-08-25 11:07:00,8,4013.08,2655,183,16.79112970711297,32,440,0,Champions,13,1,0.09333333333333334,Low Risk
12722,2011-09-15 14:50:00,2011-07-12 11:55:00,4,997.63,566,50,18.82320754716981,85,65,0,Other,9,0,0.09666666666666666,Low Risk
12723,2011-12-06 10:19:00,2011-10-05 15:52:00,5,725.07,434,53,10.508260869565218,4,61,0,Loyal Customers,12,1,0.25666666666666665,Low Risk
12724,2011-12-04 16:02:00,2010-06-22 14:00:00,7,2317.52,1379,94,17.96527131782946,5,530,0,Champions,13,1,0.19,Low Risk
12725,2010-12-03 15:45:00,2010-05-04 13:59:00,4,2266.76,1142,92,21.384528301886796,371,213,1,At Risk,9,0,0.6633333333333333,High Risk
12726,2011-11-11 13:35:00,2010-03-25 16:25:00,11,4014.6,4618,63,22.427932960893855,28,595,0,Champions,14,1,0.03333333333333333,Low Risk
12727,2011-11-29 11:46:00,2010-02-23 09:54:00,10,5679.53,2832,132,27.9779802955665,11,644,0,Champions,15,1,0.0,Low Risk
12728,2011-09-29 15:31:00,2010-11-21 11:34:00,5,1070.17,543,48,17.54377049180328,71,312,0,Loyal Customers,10,1,0.29,Low Risk
12729,2011-08-18 11:40:00,2011-08-18 11:40:00,1,453.01,233,26,17.423461538461538,114,0,1,Other,6,0,0.8866666666666667,High Risk
12730,2010-07-06 12:19:00,2010-07-06 12:19:00,1,829.25,234,47,17.643617021276597,522,0,1,Other,5,0,0.8366666666666667,High Risk
12731,2011-11-16 11:59:00,2010-03-02 09:23:00,17,25775.71,11641,137,65.58704834605598,24,624,0,Champions,14,1,0.15666666666666668,Low Risk
12732,2011-06-13 11:33:00,2011-06-13 11:33:00,1,236.26000000000002,111,12,19.688333333333336,180,0,1,Other,5,0,0.9333333333333333,High Risk
12733,2011-04-19 16:19:00,2010-01-19 13:23:00,4,2424.87,896,117,15.445031847133757,234,455,1,At Risk,9,0,0.8633333333333333,High Risk
12734,2010-12-22 12:47:00,2010-11-12 13:26:00,3,639.65,265,17,33.66578947368421,353,39,1,At Risk,8,0,0.8966666666666666,High Risk
12735,2011-01-28 13:37:00,2011-01-06 14:26:00,2,779.5699999999999,368,38,18.12953488372093,315,21,1,Other,7,0,0.83,High Risk
12736,2011-01-11 07:57:00,2011-01-11 07:57:00,1,234.0,173,4,58.5,333,0,1,Other,4,0,0.894419380609991,High Risk
12737,2010-07-29 12:29:00,2010-07-29 12:27:00,2,3710.5,2,2,1855.25,499,0,1,Other,8,0,0.93,High Risk
12738,2010-12-02 18:27:00,2010-12-02 18:27:00,1,155.35,148,11,14.122727272727273,372,0,1,Other,4,0,0.38,Medium Risk
12739,2011-09-22 13:00:00,2010-11-10 14:27:00,4,2726.73,951,85,30.63741573033708,78,315,0,High Value Customers,10,1,0.2733333333333333,Low Risk
12740,2011-10-07 10:44:00,2011-10-07 10:44:00,1,427.6,342,27,15.837037037037037,64,0,0,Other,6,0,0.21,Low Risk
12741,2010-06-28 14:36:00,2010-06-24 16:24:00,2,406.07,214,16,25.379375,529,3,1,Other,5,0,0.9166666666666666,High Risk
12742,2010-03-24 12:43:00,2010-03-24 12:43:00,1,1201.52,1359,67,17.933134328358207,626,0,1,Other,5,0,0.77,High Risk
12743,2011-07-28 16:21:00,2011-07-28 16:06:00,2,540.13,315,114,4.123129770992366,134,0,1,Other,7,0,0.8433333333333334,High Risk
12744,2011-10-19 11:18:00,2010-04-27 16:19:00,11,25317.06,6994,245,74.68159292035399,52,539,0,Champions,14,1,0.11333333333333333,Low Risk
12745,2010-08-10 10:14:00,2010-01-26 16:22:00,3,925.41,468,21,40.235217391304346,487,195,1,At Risk,7,0,0.9566666666666667,High Risk
12746,2010-06-17 10:41:00,2010-06-17 10:41:00,1,254.55,97,17,14.973529411764707,541,0,1,Other,3,0,0.98,High Risk
12747,2011-12-07 14:34:00,2009-12-07 13:23:00,26,8898.48,2640,85,35.73686746987951,2,730,0,Champions,15,1,0.0,Low Risk
12748,2011-12-09 12:20:00,2009-12-04 17:31:00,336,53539.64,37109,2286,8.130545178435838,1,734,0,Champions,15,1,0.0,Low Risk
12749,2011-12-06 09:56:00,2010-07-06 15:05:00,9,6897.36,2360,260,20.40639053254438,4,517,0,Champions,15,1,0.13333333333333333,Low Risk
12750,2011-08-03 09:13:00,2011-08-03 09:13:00,1,275.88,137,15,18.392,129,0,1,Other,5,0,0.9633333333333334,High Risk
12751,2010-09-21 12:49:00,2010-09-21 12:49:00,1,268.27,189,61,4.326935483870967,445,0,1,Other,3,0,0.9266666666666666,High Risk
12752,2011-09-19 13:32:00,2011-09-19 13:32:00,1,4366.78,2262,53,82.3920754716981,81,0,0,High Value Customers,9,0,0.30333333333333334,Medium Risk
12753,2011-11-17 10:52:00,2010-12-12 11:44:00,6,21429.39,11421,132,108.77862944162436,23,339,0,Champions,13,1,0.12333333333333334,Low Risk
12754,2011-04-18 09:00:00,2011-02-04 10:31:00,3,3010.74,6481,49,47.78952380952381,236,72,1,At Risk,10,0,0.84,High Risk
12755,2011-03-04 12:42:00,2010-01-15 11:57:00,11,5236.26,2293,34,83.1152380952381,281,413,1,At Risk,12,1,0.4,Medium Risk
12756,2011-09-14 09:31:00,2011-09-14 09:31:00,1,112.08,144,4,28.02,87,0,0,Other,5,0,0.8033333333333333,High Risk
12757,2011-11-24 12:30:00,2011-05-12 19:01:00,13,7834.650000000001,2395,237,21.52376373626374,16,195,0,Champions,15,1,0.09,Low Risk
12758,2011-08-15 10:22:00,2009-12-01 14:40:00,7,9903.24,6155,187,31.639744408945685,117,621,1,Loyal Customers,12,1,0.69,High Risk
12759,2011-10-18 14:49:00,2009-12-04 10:47:00,8,5020.74,3202,206,16.62496688741722,52,683,0,Champions,13,1,0.006666666666666667,Low Risk
12760,2010-09-10 08:50:00,2010-09-10 08:50:00,1,347.8,198,21,16.561904761904763,456,0,1,Other,4,0,0.8566666666666667,High Risk
12761,2010-09-08 12:17:00,2010-09-01 10:47:00,2,782.95,281,27,28.99814814814815,458,7,1,Other,6,0,0.8566666666666667,High Risk
12762,2011-12-02 10:23:00,2011-11-14 14:23:00,2,1898.52,1227,62,27.51478260869565,8,17,0,High Value Customers,11,1,0.22,Low Risk
12763,2011-07-24 14:12:00,2010-12-05 15:46:00,2,494.08,316,16,27.448888888888888,138,230,1,Other,7,0,0.94,High Risk
12764,2011-01-27 10:19:00,2011-01-27 10:19:00,1,1693.88,386,45,37.64177777777778,317,0,1,Other,7,0,0.72,High Risk
12765,2010-08-24 13:51:00,2010-03-08 09:43:00,6,1404.58,1009,49,20.65558823529412,472,169,1,At Risk,9,0,0.7666666666666667,High Risk
12766,2011-12-06 08:46:00,2010-10-28 09:29:00,9,8918.99,5022,253,22.186542288557213,4,403,0,Champions,15,1,0.05,Low Risk
12767,2010-11-29 09:38:00,2010-11-29 09:38:00,1,949.82,598,43,22.088837209302326,376,0,1,Other,6,0,0.8866666666666667,High Risk
12768,2010-09-15 12:08:00,2010-09-15 12:08:00,1,168.69,102,10,16.869,451,0,1,Other,3,0,0.9833333333333333,High Risk
12769,2011-04-15 10:25:00,2011-04-15 10:25:00,1,1143.6,356,32,35.7375,239,0,1,Other,6,0,0.7366666666666667,High Risk
12770,2011-05-13 09:33:00,2010-09-09 11:43:00,2,3246.45,1843,19,115.94464285714285,211,245,1,Other,9,0,0.9,High Risk
12771,2010-08-11 11:51:00,2010-08-11 11:51:00,1,282.3,104,15,18.82,486,0,1,Other,3,0,0.9533333333333334,High Risk
12772,2011-10-11 09:19:00,2011-10-11 09:19:00,1,892.47,556,55,16.226727272727274,60,0,0,Other,7,0,0.35333333333333333,Medium Risk
12773,2010-05-24 17:30:00,2010-05-24 17:30:00,1,124.25,109,6,20.708333333333332,564,0,1,Other,3,0,0.9533333333333334,High Risk
12774,2010-06-22 10:38:00,2010-06-22 10:38:00,1,98.7,53,6,16.45,536,0,1,Other,3,0,0.9033333333333333,High Risk
12775,2011-11-22 16:33:00,2010-10-26 14:24:00,7,1686.1200000000001,1083,55,20.816296296296297,17,392,0,Champions,13,1,0.12666666666666668,Low Risk
12776,2010-02-10 12:11:00,2010-02-10 12:11:00,1,55.5,46,4,13.875,668,0,1,Other,3,0,0.9666666666666667,High Risk
12777,2010-09-08 11:35:00,2010-09-08 11:35:00,1,519.45,458,26,19.978846153846156,458,0,1,Other,4,0,0.9,High Risk
12778,2011-11-20 11:30:00,2010-04-16 09:57:00,9,1775.68,1735,77,15.576140350877193,20,583,0,Champions,13,1,0.23,Low Risk
12779,2011-11-02 11:43:00,2009-12-03 07:25:00,14,6474.11,3501,142,24.06732342007435,38,699,0,Champions,14,1,0.0033333333333333335,Low Risk
12780,2010-04-20 09:40:00,2010-04-20 09:40:00,1,337.4,285,20,16.869999999999997,599,0,1,Other,4,0,0.6933333333333334,High Risk
12781,2011-10-07 10:37:00,2011-02-28 08:43:00,2,826.74,671,25,33.0696,64,221,0,Other,8,0,0.22666666666666666,Low Risk
12782,2011-12-05 09:16:00,2010-07-08 13:31:00,11,4618.24,2017,142,20.344669603524228,5,514,0,Champions,15,1,0.13666666666666666,Low Risk
12783,2011-12-07 15:56:00,2011-09-25 15:35:00,6,2225.91,624,76,26.49892857142857,2,73,0,Champions,13,1,0.38666666666666666,Medium Risk
12784,2011-11-30 15:38:00,2010-06-28 13:06:00,3,1763.15,862,121,13.667829457364341,9,520,0,High Value Customers,12,1,0.12,Low Risk
12785,2010-12-10 13:48:00,2009-12-08 13:56:00,3,1100.4,453,42,19.650000000000002,364,366,1,At Risk,8,0,0.8666666666666667,High Risk
12786,2010-04-09 12:12:00,2010-04-09 12:12:00,1,728.5000000000001,324,18,40.47222222222223,610,0,1,Other,5,0,0.8866666666666667,High Risk
12787,2011-11-30 08:44:00,2010-10-22 14:57:00,4,862.1800000000001,510,30,19.595000000000002,10,403,0,Other,11,1,0.23666666666666666,Low Risk
12788,2010-09-02 14:21:00,2010-06-29 13:05:00,4,444.90000000000003,194,20,17.111538461538462,463,65,1,At Risk,6,0,0.85,High Risk
12789,2011-10-05 13:34:00,2010-01-15 12:06:00,3,273.35,36,5,34.16875,65,628,0,Other,7,0,0.03666666666666667,Low Risk
12790,2011-05-31 14:14:00,2010-10-25 13:04:00,2,591.85,306,36,15.995945945945946,192,218,1,Other,6,0,0.6566666666666666,High Risk
12791,2010-12-01 11:27:00,2010-03-25 17:29:00,6,863.51,353,17,30.839642857142856,374,250,1,At Risk,9,0,0.8166666666666667,High Risk
12792,2011-03-28 11:36:00,2010-06-23 10:49:00,2,827.01,394,39,17.59595744680851,257,278,1,Other,7,0,0.95,High Risk
12793,2011-01-09 12:12:00,2010-11-03 13:05:00,3,885.53,461,34,20.125681818181818,335,66,1,At Risk,8,0,0.7233333333333334,High Risk
12794,2011-10-17 14:54:00,2011-09-02 12:01:00,2,860.41,592,43,19.12022222222222,53,45,0,New / Potential,9,0,0.13333333333333333,Low Risk
12795,2011-11-21 10:27:00,2011-11-21 10:27:00,1,430.48,68,14,30.74857142857143,19,0,0,New / Potential,8,0,0.31333333333333335,Medium Risk
12796,2010-03-21 15:49:00,2010-03-21 15:49:00,1,381.0,182,7,54.42857142857143,628,0,1,Other,4,0,0.8566666666666667,High Risk
12797,2010-12-09 10:55:00,2010-10-11 12:53:00,2,552.08,215,27,18.40266666666667,366,58,1,Other,6,0,0.9266666666666666,High Risk
12798,2011-11-29 15:52:00,2010-10-14 12:27:00,4,8510.93,8455,27,257.9069696969697,10,411,0,High Value Customers,13,1,0.13333333333333333,Low Risk
12799,2010-06-28 15:57:00,2010-06-28 15:57:00,1,219.35,137,15,14.623333333333333,529,0,1,Other,3,0,0.9266666666666666,High Risk
12800,2010-08-26 14:11:00,2010-02-01 11:02:00,3,584.25,284,31,17.183823529411764,470,206,1,At Risk,6,0,0.8033333333333333,High Risk
12801,2010-07-27 09:38:00,2010-07-27 09:38:00,1,1071.82,505,50,21.4364,501,0,1,Other,5,0,0.6433333333333333,High Risk
12802,2011-06-06 09:36:00,2010-05-25 09:34:00,7,2416.42,1972,108,17.510289855072465,187,377,1,Loyal Customers,11,1,0.6933333333333334,High Risk
12803,2010-11-11 14:57:00,2010-11-11 14:57:00,1,1092.81,872,55,19.869272727272726,393,0,1,Other,6,0,0.84,High Risk
12804,2010-08-31 11:58:00,2010-07-27 13:52:00,2,325.37,270,60,4.929848484848485,466,34,1,Other,5,0,0.89,High Risk
12805,2010-11-23 12:27:00,2010-02-03 09:06:00,4,1434.95,593,44,24.74051724137931,382,293,1,At Risk,9,0,0.8366666666666667,High Risk
12806,2010-09-30 13:34:00,2010-04-30 10:44:00,4,2878.96,2087,58,42.96955223880597,435,153,1,At Risk,8,0,0.8666666666666667,High Risk
12807,2010-11-21 14:21:00,2010-11-21 14:21:00,1,330.35,145,16,20.646875,383,0,1,Other,5,0,0.9533333333333334,High Risk
12808,2011-11-03 10:05:00,2010-09-03 10:24:00,5,776.7,322,46,16.52553191489362,37,425,0,Loyal Customers,11,1,0.25,Low Risk
12809,2011-06-15 10:51:00,2010-03-02 14:19:00,3,1755.94,518,75,21.67827160493827,178,469,1,High Value Customers,10,0,0.87,High Risk
12810,2010-06-23 10:53:00,2010-02-01 09:52:00,2,534.99,389,32,16.7184375,535,142,1,Other,5,0,0.6566666666666666,High Risk
12811,2011-03-24 09:42:00,2010-10-08 12:20:00,5,1033.9,435,47,18.462500000000002,261,166,1,At Risk,9,0,0.8433333333333334,High Risk
12812,2011-10-26 09:54:00,2011-10-26 09:54:00,1,229.64000000000001,164,15,15.309333333333335,45,0,0,New / Potential,6,0,0.73,High Risk
12813,2010-07-26 09:50:00,2010-01-15 16:52:00,3,1687.8,1141,37,37.50666666666667,502,191,1,At Risk,8,0,0.83,High Risk
12814,2011-08-30 12:11:00,2011-08-30 12:11:00,1,125.92,49,2,62.96,102,0,1,Other,5,0,0.94,High Risk
12815,2011-07-15 10:21:00,2011-05-25 13:34:00,2,1063.46,379,38,22.6268085106383,148,50,1,Other,8,0,0.74,High Risk
12816,2011-09-05 12:41:00,2011-06-16 13:24:00,2,572.2,128,27,19.731034482758623,96,80,1,Other,7,0,0.8633333333333333,High Risk
12817,2011-03-03 16:28:00,2010-10-01 08:57:00,3,690.98,219,16,27.639200000000002,281,153,1,At Risk,8,0,0.96,High Risk
12818,2011-03-23 12:06:00,2011-03-23 12:06:00,1,1542.08,929,14,110.14857142857143,262,0,1,Other,7,0,0.91,High Risk
12819,2010-09-07 15:20:00,2010-09-07 15:20:00,1,540.52,344,19,28.448421052631577,458,0,1,Other,4,0,0.91,High Risk
12820,2011-12-06 15:12:00,2009-12-05 13:37:00,11,2689.52,1964,131,16.915220125786163,3,731,0,Champions,14,1,0.0033333333333333335,Low Risk
12821,2011-05-09 15:51:00,2010-04-07 15:14:00,2,220.8,162,13,16.984615384615385,214,397,1,Other,5,0,0.8133333333333334,High Risk
12822,2011-09-30 10:04:00,2011-09-13 13:46:00,2,948.88,550,41,20.62782608695652,71,16,0,Other,8,0,0.25,Low Risk
12823,2011-09-26 07:35:00,2010-01-29 12:52:00,18,6501.5,930,1,361.19444444444446,75,604,0,Loyal Customers,13,1,0.16333333333333333,Low Risk
12824,2011-10-11 12:49:00,2011-10-11 12:49:00,1,397.12,232,25,15.8848,60,0,0,Other,6,0,0.3566666666666667,Medium Risk
12825,2010-07-06 13:56:00,2010-03-08 10:17:00,2,518.63,139,20,21.609583333333333,521,120,1,Other,5,0,0.8933333333333333,High Risk
12826,2011-12-07 10:25:00,2009-12-18 10:43:00,12,2800.75,1915,93,17.839171974522294,3,718,0,Champions,14,1,0.0033333333333333335,Low Risk
12827,2011-12-04 12:17:00,2011-10-26 15:44:00,3,430.15,197,19,17.206,6,38,0,Other,10,1,0.22333333333333333,Low Risk
12828,2011-12-07 08:45:00,2011-08-01 16:16:00,6,1018.71,494,46,18.19125,3,127,0,Loyal Customers,12,1,0.20333333333333334,Low Risk
12829,2011-01-07 11:13:00,2010-06-07 15:04:00,3,385.3,550,17,20.278947368421054,337,213,1,At Risk,7,0,0.9166666666666666,High Risk
12830,2011-11-02 11:54:00,2011-06-21 10:53:00,6,6814.64,9848,13,179.33263157894737,38,134,0,Champions,13,1,0.25666666666666665,Low Risk
12831,2011-03-22 13:02:00,2010-09-02 15:58:00,3,451.11,303,16,20.505,262,200,1,At Risk,7,0,0.9266666666666666,High Risk
12832,2011-11-07 13:30:00,2011-09-02 13:48:00,2,383.03000000000003,195,27,14.186296296296298,32,65,0,New / Potential,8,0,0.7566666666666667,High Risk
12833,2011-07-17 13:46:00,2011-07-17 13:46:00,1,417.38,156,24,17.390833333333333,145,0,1,Other,6,0,0.58,Medium Risk
12834,2011-03-02 09:49:00,2011-03-02 09:49:00,1,312.38,110,18,17.354444444444443,283,0,1,Other,5,0,0.9833333333333333,High Risk
12835,2010-10-08 10:59:00,2009-12-03 12:13:00,41,5996.83,2349,138,9.750943089430894,428,308,1,At Risk,11,1,0.7833333333333333,High Risk
12836,2011-10-11 15:10:00,2009-12-01 14:19:00,15,6559.7300000000005,2231,280,15.960413625304138,59,679,0,Champions,14,1,0.0033333333333333335,Low Risk
12837,2011-06-19 16:07:00,2010-05-19 15:10:00,2,662.66,194,83,7.530227272727273,173,396,1,Other,8,0,0.7333333333333333,High Risk
12838,2011-11-06 12:20:00,2010-04-26 09:59:00,10,2975.91,1606,230,8.359297752808988,34,559,0,Champions,14,1,0.31666666666666665,Medium Risk
12839,2011-12-07 12:33:00,2009-12-07 09:18:00,26,9669.12,6578,156,17.453285198555957,3,730,0,Champions,15,1,0.0,Low Risk
12840,2011-07-19 09:29:00,2010-02-03 14:51:00,7,4041.9700000000003,2258,109,22.96573863636364,144,530,1,Loyal Customers,12,1,0.21333333333333335,Low Risk
12841,2011-12-05 11:13:00,2010-07-08 15:38:00,40,6958.2,5008,307,10.804658385093168,5,514,0,Champions,15,1,0.043333333333333335,Low Risk
12842,2011-09-30 15:33:00,2009-12-02 08:15:00,4,1917.99,887,45,39.958125,70,667,0,High Value Customers,10,1,0.02666666666666667,Low Risk
12843,2011-10-05 12:09:00,2009-12-13 11:41:00,30,6583.36,3028,130,30.061004566210045,66,661,0,Loyal Customers,13,1,0.01,Low Risk
12844,2011-11-10 13:31:00,2010-04-25 11:51:00,4,648.6,223,88,6.297087378640777,29,564,0,Other,10,0,0.16333333333333333,Low Risk
12845,2011-03-17 13:34:00,2011-02-22 14:10:00,4,354.09000000000003,204,26,13.114444444444446,267,22,1,At Risk,7,0,0.8766666666666667,High Risk
12846,2010-01-26 16:29:00,2010-01-26 16:29:00,1,15.58,1,1,15.58,682,0,1,Other,3,0,0.9933333333333333,High Risk
12847,2011-11-17 13:16:00,2010-11-17 12:44:00,2,1609.0,1497,100,13.521008403361344,22,365,0,High Value Customers,10,1,0.15666666666666668,Low Risk
12848,2010-02-02 12:45:00,2010-02-02 12:45:00,1,208.0,58,16,13.0,676,0,1,Other,3,0,0.9833333333333333,High Risk
12849,2011-11-08 13:41:00,2010-04-27 13:44:00,6,3042.4700000000003,1855,123,21.128263888888892,31,559,0,Champions,13,1,0.07,Low Risk
12850,2010-09-20 12:26:00,2010-09-20 12:26:00,1,330.0,200,2,165.0,446,0,1,Other,4,0,0.8574789118515395,High Risk
12851,2011-09-04 12:41:00,2010-08-19 15:13:00,2,280.76,157,71,3.6462337662337663,97,380,1,Other,6,0,0.7466666666666667,High Risk
12852,2011-02-18 08:47:00,2011-02-18 08:47:00,1,311.55,149,17,18.326470588235296,295,0,1,Other,5,0,0.9933333333333333,High Risk
12853,2011-07-28 11:29:00,2010-02-05 11:57:00,11,3907.5,1668,111,26.402027027027028,135,537,1,Loyal Customers,13,1,0.8,High Risk
12854,2011-09-22 12:15:00,2009-12-11 12:55:00,7,2970.9700000000003,1630,188,11.383026819923373,79,649,0,Loyal Customers,12,1,0.013333333333333334,Low Risk
12855,2010-12-02 09:37:00,2010-11-02 18:16:00,4,612.84,240,65,9.146865671641791,373,29,1,At Risk,8,0,0.86,High Risk
12856,2011-12-02 10:52:00,2011-10-07 12:38:00,6,2170.78,1076,155,6.98,8,55,0,Champions,13,1,0.12,Low Risk
12857,2011-05-13 10:20:00,2010-01-25 15:37:00,6,3688.0,1420,71,30.479338842975206,211,472,1,At Risk,11,1,0.8466666666666667,High Risk
12858,2010-11-21 12:55:00,2010-11-21 12:55:00,1,147.27,51,36,3.9802702702702706,383,0,1,Other,4,0,0.9533333333333334,High Risk
12859,2010-09-07 12:20:00,2010-09-07 12:20:00,1,575.1,292,21,27.385714285714286,459,0,1,Other,4,0,0.98,High Risk
12860,2010-01-15 15:22:00,2010-01-15 15:22:00,1,54.22,26,16,3.38875,693,0,1,Other,3,0,0.95,High Risk
12861,2010-03-30 11:39:00,2010-03-30 11:39:00,1,68.25,27,4,17.0625,620,0,1,Other,3,0,0.9933333333333333,High Risk
12862,2010-10-10 11:47:00,2010-08-01 15:20:00,2,984.62,611,119,7.51618320610687,426,69,1,Other,6,0,0.75,High Risk
12863,2011-10-18 14:15:00,2010-04-29 13:54:00,6,2792.55,895,24,58.178125,52,537,0,Champions,12,1,0.11333333333333333,Low Risk
12864,2011-07-24 13:03:00,2010-07-19 17:22:00,2,299.57,447,5,42.79571428571428,138,369,1,Other,7,0,0.8333333333333334,High Risk
12865,2011-11-13 14:31:00,2010-08-20 12:20:00,4,3323.4700000000003,1973,156,17.0434358974359,26,450,0,High Value Customers,12,1,0.12333333333333334,Low Risk
12866,2011-03-01 14:11:00,2010-07-25 11:37:00,3,1227.35,553,58,19.48174603174603,283,219,1,At Risk,9,0,0.8666666666666667,High Risk
12867,2011-11-13 15:30:00,2009-12-16 16:25:00,13,7829.26,7876,365,7.456438095238095,26,696,0,Champions,14,1,0.0033333333333333335,Low Risk
12868,2011-06-07 10:42:00,2010-11-12 10:05:00,8,2043.76,1170,86,15.251940298507463,186,207,1,Loyal Customers,11,1,0.73,High Risk
12869,2010-01-27 12:10:00,2010-01-27 12:10:00,1,337.66999999999996,144,35,9.126216216216216,682,0,1,Other,4,0,0.8166666666666667,High Risk
12870,2010-11-29 13:42:00,2010-03-25 14:32:00,3,1676.95,906,85,18.031720430107526,375,248,1,At Risk,9,0,0.93,High Risk
12871,2011-09-16 15:07:00,2010-09-26 10:34:00,3,744.02,484,13,41.33444444444444,84,355,0,Other,9,0,0.20666666666666667,Low Risk
12872,2011-01-17 10:52:00,2009-12-03 20:03:00,12,3283.96,1642,217,8.33492385786802,327,409,1,At Risk,12,1,0.22333333333333333,Low Risk
12873,2011-03-02 14:58:00,2010-01-27 09:50:00,3,2027.3,786,33,57.92285714285714,282,399,1,At Risk,9,0,0.8766666666666667,High Risk
12874,2010-11-19 15:23:00,2010-06-03 12:51:00,2,948.42,623,44,19.75875,385,169,1,Other,7,0,0.8766666666666667,High Risk
12875,2011-07-19 15:30:00,2010-01-11 12:37:00,5,1356.9900000000002,5187,2,169.62375000000003,143,554,1,Loyal Customers,11,0,0.7933333333333333,High Risk
12876,2011-10-13 12:26:00,2010-04-28 13:26:00,4,4081.79,3047,117,24.010529411764704,58,532,0,High Value Customers,12,1,0.10333333333333333,Low Risk
12877,2011-12-06 10:30:00,2010-01-18 10:23:00,20,2942.14,2237,149,10.737737226277371,4,687,0,Champions,15,1,0.0033333333333333335,Low Risk
12878,2011-04-17 13:07:00,2011-03-18 14:02:00,2,854.99,547,38,18.191276595744682,236,29,1,Other,7,0,0.7733333333333333,High Risk
12879,2011-10-26 12:24:00,2011-09-09 12:11:00,3,573.22,370,7,57.322,45,47,0,Other,9,0,0.2866666666666667,Low Risk
12880,2010-11-23 10:50:00,2010-05-14 11:57:00,2,640.13,279,32,17.781388888888888,382,192,1,Other,7,0,0.9233333333333333,High Risk
12881,2011-03-09 11:44:00,2011-03-09 11:44:00,1,298.0,21,7,42.57142857142857,276,0,1,Other,5,0,0.93,High Risk
12882,2011-11-30 16:18:00,2011-11-06 11:22:00,2,1463.04,246,12,112.54153846153847,9,24,0,High Value Customers,11,1,0.24,Low Risk
12883,2011-11-15 09:32:00,2011-09-11 15:18:00,4,703.47,196,39,16.749285714285715,25,64,0,Other,10,1,0.27,Low Risk
12884,2011-09-12 13:10:00,2011-09-12 13:10:00,1,309.05,43,7,44.15,88,0,0,Other,6,0,0.32666666666666666,Medium Risk
12885,2011-10-07 13:40:00,2011-08-08 11:45:00,3,1175.22,655,66,16.552394366197184,63,60,0,Other,9,0,0.25333333333333335,Low Risk
12886,2011-10-03 10:09:00,2011-05-04 11:21:00,2,1378.4,770,75,16.809756097560978,68,151,0,High Value Customers,9,0,0.23333333333333334,Low Risk
12887,2010-11-21 11:18:00,2010-11-21 11:18:00,1,222.4,100,13,17.107692307692307,384,0,1,Other,4,0,0.9933333333333333,High Risk
12888,2011-05-09 16:02:00,2011-03-29 14:31:00,2,354.12,76,4,70.824,214,41,1,Other,6,0,0.9066666666666666,High Risk
12889,2010-11-23 16:08:00,2010-07-25 14:32:00,4,385.46000000000004,124,25,15.418400000000002,381,121,1,At Risk,7,0,0.9266666666666666,High Risk
12890,2011-11-15 17:26:00,2010-11-17 14:05:00,2,706.02,457,124,5.229777777777778,24,363,0,New / Potential,9,0,0.08666666666666667,Low Risk
12891,2011-06-07 12:31:00,2010-02-18 14:32:00,11,840.5,2325,2,76.4090909090909,186,473,1,Loyal Customers,11,1,0.8433333333333334,High Risk
12892,2010-11-08 09:51:00,2010-11-08 09:51:00,1,263.38,140,18,14.632222222222222,397,0,1,Other,4,0,0.94,High Risk
12893,2011-11-09 12:34:00,2011-11-09 12:34:00,1,176.55,90,27,5.695161290322581,31,0,0,New / Potential,6,0,0.2966666666666667,Low Risk
12894,2010-05-13 14:47:00,2010-05-13 14:47:00,1,157.35,33,21,7.492857142857143,575,0,1,Other,3,0,0.99,High Risk
12895,2011-10-28 13:51:00,2011-09-14 08:35:00,2,372.8,210,22,16.945454545454545,42,44,0,New / Potential,8,0,0.18333333333333332,Low Risk
12897,2011-05-19 12:13:00,2010-06-14 11:58:00,4,514.25,249,10,36.732142857142854,205,339,1,At Risk,7,0,0.9166666666666666,High Risk
12898,2010-09-02 08:08:00,2010-02-18 12:36:00,2,296.21,235,27,10.97074074074074,464,195,1,Other,5,0,0.8433333333333334,High Risk
12899,2010-10-22 09:53:00,2010-10-22 09:53:00,1,366.4,108,17,21.552941176470586,414,0,1,Other,4,0,0.8566666666666667,High Risk
12900,2010-10-13 15:17:00,2010-10-13 15:17:00,1,340.33000000000004,139,13,26.179230769230774,422,0,1,Other,4,0,0.9166666666666666,High Risk
12901,2011-12-01 10:07:00,2011-03-14 10:41:00,28,17654.54,23075,30,152.19431034482758,9,261,0,Champions,15,1,0.15,Low Risk
12902,2011-03-20 12:06:00,2011-03-20 12:06:00,1,138.68,66,10,13.868,265,0,1,Other,4,0,0.9,High Risk
12903,2010-10-07 12:39:00,2010-10-07 12:39:00,1,833.5300000000001,493,41,20.330000000000002,429,0,1,Other,5,0,0.6,Medium Risk
12904,2011-11-21 14:34:00,2011-06-20 13:18:00,2,496.06,294,59,6.986760563380281,18,154,0,New / Potential,9,0,0.3566666666666667,Medium Risk
12905,2010-05-12 10:05:00,2010-01-26 14:06:00,2,1018.42,532,52,18.85962962962963,577,105,1,Other,6,0,0.8733333333333333,High Risk
12906,2011-11-28 09:55:00,2011-09-22 15:03:00,5,2919.81,1749,55,46.34619047619047,12,66,0,Champions,14,1,0.15333333333333332,Low Risk
12907,2010-11-09 12:08:00,2010-08-02 14:33:00,2,508.91,177,23,20.3564,396,98,1,Other,6,0,0.8666666666666667,High Risk
12908,2011-06-16 15:39:00,2010-03-19 15:59:00,5,1776.0,3000,1,355.2,176,453,1,Loyal Customers,11,0,0.7333333333333333,High Risk
12909,2011-10-31 12:43:00,2010-02-24 12:14:00,8,3103.19,1948,120,19.640443037974684,40,614,0,Champions,13,1,0.02666666666666667,Low Risk
12910,2011-11-16 14:28:00,2010-03-28 13:10:00,13,5796.52,3632,75,42.31036496350365,23,598,0,Champions,14,1,0.15666666666666668,Low Risk
12911,2010-06-06 12:13:00,2010-06-06 12:13:00,1,1651.72,807,220,6.998813559322034,552,0,1,Other,6,0,0.56,Medium Risk
12912,2011-12-07 08:55:00,2011-10-30 11:35:00,5,1662.3,670,17,69.2625,3,37,0,Champions,13,1,0.18666666666666668,Low Risk
12913,2011-12-05 12:11:00,2009-12-01 12:18:00,13,6283.24,3086,52,68.29608695652173,5,733,0,Champions,15,1,0.0,Low Risk
12914,2010-11-04 12:28:00,2010-11-04 12:28:00,1,223.98,336,9,24.886666666666667,401,0,1,Other,4,0,0.7966666666666666,High Risk
12915,2011-07-14 11:34:00,2010-04-29 19:36:00,4,975.1,411,46,16.25166666666667,149,440,1,Other,9,0,0.8,High Risk
12916,2011-07-24 10:35:00,2010-01-24 11:26:00,7,4479.73,1681,82,26.044941860465112,139,545,1,Loyal Customers,12,1,0.7066666666666667,High Risk
12917,2011-08-03 16:42:00,2009-12-09 14:22:00,6,4359.2,1104,45,87.184,128,602,1,Loyal Customers,12,1,0.6866666666666666,High Risk
12918,2010-03-23 15:22:00,2010-03-23 15:22:00,1,10953.5,1,1,10953.5,626,0,1,Other,7,0,0.8166666666666667,High Risk
12919,2011-12-01 13:47:00,2011-06-23 09:22:00,6,1335.19,673,34,26.7038,8,161,0,Champions,13,1,0.15666666666666668,Low Risk
12920,2011-11-22 15:05:00,2009-12-14 15:58:00,4,486.64,420,59,8.248135593220338,17,707,0,Other,10,1,0.01,Low Risk
12921,2011-11-30 16:22:00,2009-12-01 13:43:00,74,35233.24,21328,322,23.504496330887257,9,729,0,Champions,15,1,0.0,Low Risk
12922,2011-07-01 15:35:00,2011-07-01 15:35:00,1,405.38,370,28,14.477857142857143,161,0,1,Other,6,0,0.78,High Risk
12923,2011-10-06 16:20:00,2010-05-13 14:55:00,3,770.42,230,54,12.840333333333332,64,511,0,Other,9,0,0.17666666666666667,Low Risk
12924,2011-09-12 13:55:00,2009-12-09 12:40:00,12,2469.4,1423,56,33.37027027027027,88,642,0,Loyal Customers,12,1,0.056666666666666664,Low Risk
12925,2011-12-05 11:11:00,2010-04-26 10:32:00,3,729.33,649,46,14.5866,5,588,0,Other,11,1,0.2733333333333333,Low Risk
12926,2010-10-24 15:57:00,2009-12-14 14:35:00,4,1523.97,754,202,5.816679389312977,411,314,1,At Risk,8,0,0.9066666666666666,High Risk
12927,2010-11-10 10:02:00,2010-11-10 10:02:00,1,197.31,145,11,17.937272727272727,395,0,1,Other,4,0,0.6666666666666666,High Risk
12928,2011-11-04 14:24:00,2010-06-08 10:16:00,12,4304.89,2899,94,24.049664804469277,35,514,0,Champions,14,1,0.05,Low Risk
12929,2011-02-01 12:08:00,2011-02-01 12:08:00,1,117.85,37,8,14.73125,312,0,1,Other,4,0,0.98,High Risk
12930,2011-09-22 15:18:00,2011-06-21 13:25:00,2,415.8,252,20,16.632,78,93,0,Other,7,0,0.31,Medium Risk
12931,2011-11-18 12:39:00,2009-12-01 11:46:00,57,92347.34,62906,37,423.61165137614677,22,717,0,Champions,14,1,0.023333333333333334,Low Risk
12932,2010-06-18 14:22:00,2010-02-10 08:46:00,8,1698.56,1609,69,17.87957894736842,539,128,1,At Risk,9,0,0.7366666666666667,High Risk
12933,2011-11-15 16:38:00,2009-12-10 16:39:00,8,1636.63,949,227,5.663079584775087,24,704,0,Champions,12,1,0.006666666666666667,Low Risk
12934,2009-12-03 10:51:00,2009-12-03 10:51:00,1,181.65,31,2,90.825,737,0,1,Other,3,0,0.9733333333333334,High Risk
12935,2011-12-07 17:25:00,2010-04-11 15:59:00,15,4243.86,3201,113,16.70811023622047,2,605,0,Champions,15,1,0.0033333333333333335,Low Risk
12936,2011-11-22 17:32:00,2011-09-22 13:51:00,4,1063.9,559,56,17.15967741935484,17,61,0,Other,11,1,0.08,Low Risk
12937,2011-11-24 15:05:00,2009-12-03 15:43:00,9,3097.61,1983,128,14.274700460829493,15,720,0,Champions,15,1,0.01,Low Risk
12938,2011-11-14 11:21:00,2011-11-14 11:21:00,1,114.14,140,9,12.682222222222222,26,0,0,New / Potential,6,0,0.2,Low Risk
12939,2011-10-06 14:33:00,2010-01-12 11:27:00,20,25264.8,10328,24,293.7767441860465,64,632,0,Loyal Customers,13,1,0.06,Low Risk
12940,2011-10-16 12:09:00,2011-09-13 10:16:00,2,899.69,404,87,9.371770833333334,55,33,0,New / Potential,9,0,0.21,Low Risk
12941,2009-12-15 13:12:00,2009-12-15 13:12:00,1,377.49,381,27,13.981111111111112,724,0,1,Other,4,0,0.6233333333333333,High Risk
12942,2011-07-31 14:39:00,2010-12-09 09:34:00,3,675.6,198,68,9.651428571428571,131,234,1,Other,9,0,0.8166666666666667,High Risk
12943,2010-05-30 13:52:00,2010-04-13 11:03:00,2,496.5,222,22,19.86,558,47,1,Other,5,0,0.67,High Risk
12944,2011-11-04 11:04:00,2010-12-20 10:41:00,2,604.51,289,29,20.150333333333332,36,319,0,New / Potential,8,0,0.25,Low Risk
12945,2011-02-24 14:15:00,2010-02-21 15:18:00,2,900.11,446,47,17.64921568627451,288,367,1,Other,7,0,0.7433333333333333,High Risk
12946,2010-09-29 10:14:00,2010-09-29 10:14:00,1,324.45,149,20,16.2225,437,0,1,Other,4,0,0.8933333333333333,High Risk
12947,2011-07-19 10:06:00,2010-12-01 16:21:00,6,1603.99,1165,83,16.535979381443298,144,229,1,Loyal Customers,11,1,0.6333333333333333,High Risk
12948,2011-11-23 17:10:00,2009-12-02 12:28:00,9,2317.43,1304,89,18.53944,16,721,0,Champions,14,1,0.0033333333333333335,Low Risk
12949,2011-11-09 11:25:00,2009-12-03 15:56:00,22,15526.7,8233,347,21.715664335664336,31,705,0,Champions,14,1,0.0,Low Risk
12950,2011-12-07 13:17:00,2011-11-15 13:48:00,3,1843.0,1380,13,80.1304347826087,2,21,0,High Value Customers,12,1,0.19,Low Risk
12951,2011-12-01 12:14:00,2010-01-10 12:43:00,15,3213.7200000000003,1662,110,16.56556701030928,9,689,0,Champions,15,1,0.0,Low Risk
12952,2011-12-04 10:35:00,2011-09-22 16:37:00,4,1387.79,653,64,17.566962025316457,6,72,0,High Value Customers,12,1,0.22666666666666666,Low Risk
12953,2011-11-30 09:24:00,2010-07-05 13:37:00,2,828.8100000000001,364,45,17.266875000000002,10,512,0,New / Potential,10,1,0.12333333333333334,Low Risk
12954,2010-03-11 10:16:00,2010-03-11 10:16:00,1,162.45,83,10,16.244999999999997,639,0,1,Other,3,0,0.9366666666666666,High Risk
12955,2011-12-08 16:29:00,2011-03-17 09:03:00,11,4757.16,3664,81,26.428666666666665,1,266,0,Champions,15,1,0.14,Low Risk
12956,2011-02-06 16:08:00,2009-12-15 19:03:00,4,521.89,340,42,12.425952380952381,306,417,1,At Risk,7,0,0.81,High Risk
12957,2011-11-30 09:53:00,2009-12-11 12:01:00,13,8706.97,4686,402,17.769326530612243,10,718,0,Champions,15,1,0.0033333333333333335,Low Risk
12958,2010-11-04 16:16:00,2010-05-05 16:22:00,2,467.34,118,45,9.537551020408163,400,182,1,Other,6,0,0.8966666666666666,High Risk
12959,2010-08-12 17:20:00,2010-08-12 17:20:00,1,150.95,109,8,18.86875,484,0,1,Other,3,0,0.9833333333333333,High Risk
12960,2010-10-22 09:31:00,2010-02-16 13:32:00,4,1322.0700000000002,1379,49,18.886714285714287,414,247,1,At Risk,8,0,0.78,High Risk
12961,2010-11-25 16:44:00,2010-11-25 16:44:00,1,211.99,180,37,5.29975,379,0,1,Other,4,0,0.91,High Risk
12962,2011-12-02 15:55:00,2011-08-18 13:38:00,2,266.39,129,15,16.649375,7,106,0,New / Potential,8,0,0.2966666666666667,Low Risk
12963,2011-12-01 12:55:00,2010-07-08 14:45:00,12,3235.79,1637,129,18.596494252873562,8,510,0,Champions,15,1,0.13666666666666666,Low Risk
12964,2010-09-28 17:47:00,2010-09-28 17:47:00,1,132.24,56,26,5.086153846153847,437,0,1,Other,3,0,0.9466666666666667,High Risk
12965,2011-09-11 15:31:00,2011-09-11 15:31:00,1,769.8100000000001,282,108,7.1278703703703705,89,0,0,Other,7,0,0.29333333333333333,Low Risk
12966,2011-11-30 12:38:00,2011-11-30 12:38:00,1,160.18,75,10,16.018,10,0,0,New / Potential,7,0,0.28,Low Risk
12967,2010-12-16 19:10:00,2010-11-21 11:03:00,3,2938.52,912,47,45.208,358,25,1,At Risk,10,0,0.9033333333333333,High Risk
12968,2011-08-19 15:44:00,2011-08-19 15:44:00,1,135.95,73,5,27.189999999999998,112,0,1,Other,5,0,0.9866666666666667,High Risk
12969,2010-04-16 10:50:00,2010-04-16 10:50:00,1,122.45,55,5,24.490000000000002,603,0,1,Other,3,0,0.8833333333333333,High Risk
12970,2011-12-02 14:30:00,2009-12-04 14:19:00,10,1453.6,954,280,4.213333333333333,7,728,0,Champions,14,1,0.016666666666666666,Low Risk
12971,2011-12-06 12:20:00,2009-12-15 19:04:00,116,15704.6,14306,102,38.586240786240786,4,720,0,Champions,15,1,0.0033333333333333335,Low Risk
12972,2010-10-22 08:41:00,2010-02-16 14:30:00,4,1161.2,844,69,15.08051948051948,414,247,1,At Risk,7,0,0.89,High Risk
12973,2010-10-22 10:14:00,2010-10-22 10:14:00,1,385.55,31,6,64.25833333333334,414,0,1,Other,4,0,0.9633333333333334,High Risk
12974,2011-05-26 09:33:00,2010-05-23 11:45:00,2,408.95,104,27,12.7796875,198,367,1,Other,6,0,0.9233333333333333,High Risk
12975,2010-09-29 09:46:00,2009-12-06 10:38:00,6,2100.09,911,92,18.750803571428573,437,296,1,At Risk,9,0,0.61,High Risk
12976,2011-05-12 09:55:00,2010-02-12 15:46:00,8,3156.38,2684,106,20.495974025974025,212,453,1,At Risk,11,1,0.8266666666666667,High Risk
12977,2011-07-06 16:40:00,2010-07-16 16:25:00,4,513.88,128,54,8.86,156,355,1,Other,8,0,0.87,High Risk
12978,2010-11-19 14:29:00,2009-12-10 12:10:00,5,2502.82,1394,126,15.35472392638037,385,344,1,At Risk,10,0,0.81,High Risk
12979,2009-12-10 15:45:00,2009-12-10 15:45:00,1,517.7,520,56,9.244642857142859,729,0,1,Other,4,0,0.8533333333333334,High Risk
12980,2011-07-05 09:34:00,2009-12-02 11:26:00,21,16245.78,1910,7,312.4188461538462,158,579,1,Loyal Customers,13,1,0.84,High Risk
12981,2011-11-10 12:00:00,2011-07-29 14:14:00,2,372.21999999999997,242,12,18.610999999999997,30,103,0,New / Potential,8,0,0.18333333333333332,Low Risk
12982,2011-04-11 11:51:00,2010-04-12 13:50:00,8,2744.81,1729,139,15.420280898876404,243,363,1,At Risk,10,1,0.6866666666666666,High Risk
12983,2010-04-20 12:58:00,2010-04-20 12:58:00,1,490.08,638,30,16.336,598,0,1,Other,4,0,0.91,High Risk
12984,2011-11-21 12:37:00,2011-11-21 12:37:00,1,97.5,26,4,24.375,19,0,0,New / Potential,7,0,0.39,Medium Risk
12985,2011-12-09 10:46:00,2011-11-11 12:44:00,2,1239.38,1533,73,16.30763157894737,1,27,0,High Value Customers,11,1,0.18666666666666668,Low Risk
12986,2010-10-07 11:57:00,2010-01-21 10:45:00,10,2729.84,1164,61,26.763137254901963,429,259,1,At Risk,10,1,0.72,High Risk
12987,2011-09-27 12:03:00,2010-01-20 09:57:00,5,1312.21,585,61,19.881969696969698,74,615,0,Loyal Customers,11,1,0.14,Low Risk
12988,2011-02-20 14:31:00,2011-02-20 14:31:00,1,505.82,126,75,6.094216867469879,292,0,1,Other,5,0,0.8766666666666667,High Risk
12989,2011-12-06 15:28:00,2009-12-10 13:27:00,33,13551.75,6935,50,139.70876288659792,3,726,0,Champions,15,1,0.01,Low Risk
12990,2011-11-08 13:01:00,2010-03-30 11:36:00,7,955.5,480,9,35.388888888888886,31,588,0,Loyal Customers,11,1,0.14333333333333334,Low Risk
12991,2011-11-16 15:34:00,2010-11-15 13:43:00,3,764.82,483,45,16.996000000000002,23,366,0,Other,10,0,0.16333333333333333,Low Risk
12992,2009-12-14 16:46:00,2009-12-14 16:46:00,1,93.35,21,6,15.558333333333332,725,0,1,Other,3,0,0.9966666666666667,High Risk
12993,2011-11-16 15:49:00,2010-02-18 10:35:00,8,1259.63,751,57,16.574078947368424,23,636,0,Champions,12,1,0.04,Low Risk
12994,2011-12-05 15:43:00,2011-03-16 08:31:00,3,974.42,459,52,15.974098360655738,4,264,0,Other,11,1,0.6733333333333333,High Risk
12995,2011-09-15 15:44:00,2011-09-15 15:44:00,1,211.32,108,3,70.44,85,0,0,Other,5,0,0.34,Medium Risk
12996,2010-11-29 09:27:00,2010-11-29 09:27:00,1,355.5,122,22,16.15909090909091,376,0,1,Other,5,0,0.95,High Risk
12997,2011-11-17 15:47:00,2010-04-06 11:06:00,8,2110.91,1186,65,19.728130841121494,22,590,0,Champions,12,1,0.4666666666666667,Medium Risk
12998,2010-08-04 08:05:00,2010-02-24 11:55:00,3,920.08,1124,58,15.86344827586207,493,160,1,At Risk,7,0,0.81,High Risk
12999,2011-05-27 13:24:00,2011-04-08 10:26:00,3,455.88,342,25,16.28142857142857,196,49,1,At Risk,7,0,0.84,High Risk
13000,2011-08-25 10:43:00,2009-12-14 17:03:00,4,1032.5,548,57,16.653225806451612,107,618,1,Other,9,0,0.6333333333333333,High Risk
13001,2011-12-05 14:51:00,2009-12-03 16:21:00,33,24042.65,13448,300,23.687339901477834,4,731,0,Champions,15,1,0.0,Low Risk
13002,2011-01-25 15:18:00,2010-10-01 11:58:00,3,414.13,201,19,18.00565217391304,318,116,1,At Risk,7,0,0.8533333333333334,High Risk
13003,2011-08-26 10:50:00,2011-05-09 08:23:00,3,149.05,103,4,24.84166666666667,106,109,1,Other,7,0,0.8033333333333333,High Risk
13004,2011-11-28 11:27:00,2009-12-15 09:44:00,36,11650.85,8768,417,14.295521472392638,12,713,0,Champions,15,1,0.006666666666666667,Low Risk
13005,2011-06-19 10:53:00,2010-09-08 12:52:00,4,999.68,462,41,17.85142857142857,174,283,1,Other,9,0,0.8633333333333333,High Risk
13006,2011-10-14 13:49:00,2011-10-14 13:49:00,1,81.57,55,4,20.3925,56,0,0,New / Potential,6,0,0.10333333333333333,Low Risk
13007,2010-05-09 10:38:00,2010-05-09 10:38:00,1,175.25,59,11,15.931818181818182,580,0,1,Other,3,0,0.79,High Risk
13008,2011-01-20 14:24:00,2009-12-16 16:07:00,3,612.13,379,31,17.489428571428572,323,399,1,At Risk,8,0,0.6566666666666666,High Risk
13009,2010-02-05 12:22:00,2010-02-05 12:22:00,1,234.0,120,4,58.5,673,0,1,Other,3,0,0.8633333333333333,High Risk
13010,2010-11-30 15:09:00,2010-03-01 11:28:00,2,330.12,323,10,27.51,374,274,1,Other,6,0,0.92,High Risk
13011,2010-12-02 17:22:00,2010-12-02 17:22:00,1,50.550000000000004,13,3,16.85,372,0,1,Other,4,0,0.9866666666666667,High Risk
13012,2011-11-30 13:05:00,2010-04-26 14:14:00,11,2957.83,1559,95,19.33222222222222,9,582,0,Champions,15,1,0.06666666666666667,Low Risk
13013,2011-12-08 15:01:00,2009-12-14 10:34:00,29,11097.43,5661,289,22.787330595482548,1,724,0,Champions,15,1,0.0,Low Risk
13014,2011-11-29 12:27:00,2010-10-03 11:35:00,11,5381.08,1979,140,24.02267857142857,11,422,0,Champions,15,1,0.07666666666666666,Low Risk
13015,2011-10-17 13:19:00,2010-04-15 16:35:00,11,6579.78,3527,260,18.907413793103448,53,549,0,Champions,14,1,0.023333333333333334,Low Risk
13016,2011-09-27 14:08:00,2011-08-08 15:00:00,3,789.89,527,39,16.806170212765956,73,49,0,Other,9,0,0.15,Low Risk
13017,2011-12-02 15:53:00,2011-12-02 15:53:00,1,204.0,48,1,204.0,7,0,0,New / Potential,7,0,0.31666666666666665,Medium Risk
13018,2011-11-23 13:28:00,2010-03-01 12:34:00,35,9763.16,6746,401,16.190978441127694,16,632,0,Champions,15,1,0.03333333333333333,Low Risk
13019,2010-11-25 14:56:00,2009-12-06 15:40:00,6,1229.95,397,46,22.362727272727273,379,353,1,At Risk,10,0,0.82,High Risk
13020,2010-05-26 11:12:00,2010-02-18 10:35:00,2,618.96,278,38,15.870769230769232,563,97,1,Other,6,0,0.9266666666666666,High Risk
13021,2011-12-05 16:37:00,2009-12-05 12:02:00,17,4887.24,2546,166,19.016498054474706,4,730,0,Champions,15,1,0.0,Low Risk
13022,2010-10-06 10:50:00,2010-10-06 10:50:00,1,65.3,35,5,13.059999999999999,430,0,1,Other,3,0,0.97,High Risk
13023,2011-10-06 16:27:00,2010-06-29 09:51:00,3,1449.03,585,69,19.066184210526316,64,464,0,High Value Customers,10,0,0.32,Medium Risk
13024,2010-08-26 09:42:00,2010-05-06 14:25:00,2,555.87,181,26,17.931290322580644,471,111,1,Other,5,0,0.9566666666666667,High Risk
13025,2009-12-08 10:02:00,2009-12-08 10:02:00,1,323.39,241,13,24.876153846153844,732,0,1,Other,4,0,0.8966666666666666,High Risk
13026,2011-12-08 16:58:00,2009-12-13 11:34:00,9,1733.08,2466,52,21.13512195121951,1,725,0,Champions,14,1,0.016666666666666666,Low Risk
13027,2011-08-18 09:39:00,2010-01-20 10:41:00,19,17239.2,42840,7,202.81411764705882,114,574,1,Loyal Customers,13,1,0.7566666666666667,High Risk
13028,2011-11-17 11:10:00,2011-10-25 14:09:00,2,661.3199999999999,798,40,14.695999999999998,23,22,0,New / Potential,9,0,0.12666666666666668,Low Risk
13029,2011-11-09 09:13:00,2010-07-04 13:46:00,5,1927.3,194,13,113.37058823529412,31,492,0,Champions,12,1,0.25666666666666665,Low Risk
13030,2011-11-28 14:30:00,2010-12-06 14:31:00,2,752.44,348,76,8.178695652173914,11,356,0,New / Potential,10,0,0.16666666666666666,Low Risk
13031,2010-10-28 15:34:00,2010-06-03 14:57:00,5,3292.84,2309,275,8.090515970515971,407,147,1,At Risk,11,0,0.81,High Risk
13032,2011-10-18 15:54:00,2010-09-05 14:01:00,9,2815.96,1274,147,13.603671497584541,52,408,0,Champions,13,1,0.08333333333333333,Low Risk
13033,2010-12-17 14:23:00,2010-10-06 09:37:00,2,220.55,98,12,16.965384615384615,357,72,1,Other,5,0,0.8766666666666667,High Risk
13034,2011-10-16 12:21:00,2010-11-03 15:22:00,3,756.82,406,42,17.200454545454548,55,346,0,Other,10,0,0.05,Low Risk
13035,2011-09-27 08:57:00,2010-10-04 15:41:00,3,1364.2,926,27,32.48095238095238,74,357,0,High Value Customers,10,0,0.37333333333333335,Medium Risk
13036,2010-01-24 11:35:00,2010-01-24 11:35:00,1,307.1,38,6,51.18333333333334,685,0,1,Other,4,0,0.95,High Risk
13037,2011-07-24 15:46:00,2009-12-03 17:04:00,12,3914.9500000000003,2130,181,16.87478448275862,138,597,1,Loyal Customers,13,1,0.09666666666666666,Low Risk
13038,2011-09-20 14:37:00,2011-02-22 11:43:00,3,908.46,360,24,32.445,80,210,0,Other,9,0,0.3233333333333333,Medium Risk
13039,2010-05-04 16:45:00,2009-12-17 16:43:00,4,1010.73,290,37,18.37690909090909,584,138,1,At Risk,7,0,0.8666666666666667,High Risk
13040,2011-12-01 10:38:00,2011-11-06 13:53:00,2,676.99,355,38,15.743953488372092,9,24,0,New / Potential,10,0,0.25,Low Risk
13041,2010-09-15 11:44:00,2010-04-29 08:43:00,4,799.13,335,23,22.832285714285714,451,139,1,At Risk,7,0,0.8266666666666667,High Risk
13042,2010-04-20 13:43:00,2009-12-07 15:42:00,3,1488.59,812,164,8.09016304347826,598,133,1,At Risk,8,0,0.7766666666666666,High Risk
13043,2011-03-11 14:52:00,2011-03-11 14:52:00,1,516.42,254,13,39.72461538461538,273,0,1,Other,5,0,0.9433333333333334,High Risk
13044,2011-02-21 15:20:00,2010-01-08 14:46:00,11,4848.05,2548,356,11.653966346153847,291,409,1,At Risk,12,1,0.7333333333333333,High Risk
13045,2011-09-01 15:04:00,2010-08-10 13:02:00,3,808.9200000000001,405,41,17.976000000000003,99,387,1,Other,9,0,0.23666666666666666,Low Risk
13046,2011-11-09 08:36:00,2010-09-09 13:09:00,3,949.25,505,50,16.950892857142858,31,425,0,Other,10,0,0.12666666666666668,Low Risk
13047,2011-11-08 12:06:00,2009-12-16 11:43:00,24,8428.53,3328,190,22.297698412698413,32,692,0,Champions,14,1,0.0,Low Risk
13048,2011-11-25 13:23:00,2010-01-27 12:55:00,9,4049.13,2661,125,15.279735849056603,14,667,0,Champions,15,1,0.0,Low Risk
13049,2011-10-06 15:31:00,2010-11-03 15:39:00,4,1408.24,620,19,54.16307692307692,64,336,0,High Value Customers,10,1,0.23,Low Risk
13050,2011-11-25 09:18:00,2009-12-15 15:06:00,35,11986.52,7015,513,12.181422764227642,15,709,0,Champions,15,1,0.0033333333333333335,Low Risk
13051,2010-05-10 09:14:00,2010-03-30 11:11:00,2,155.8,72,4,38.95,579,40,1,Other,4,0,0.9133333333333333,High Risk
13052,2011-05-11 14:12:00,2010-02-23 12:31:00,7,3119.33,1424,161,12.577943548387097,212,442,1,At Risk,11,1,0.7766666666666666,High Risk
13053,2010-03-28 11:28:00,2010-03-28 11:28:00,1,127.65,47,17,7.508823529411765,622,0,1,Other,3,0,0.8966666666666666,High Risk
13055,2011-09-22 14:26:00,2010-10-06 08:17:00,4,2321.11,1821,145,15.072142857142858,78,351,0,High Value Customers,10,1,0.18,Low Risk
13056,2010-06-06 14:10:00,2010-06-06 14:10:00,1,209.48,158,18,11.025263157894736,551,0,1,Other,3,0,0.94,High Risk
13057,2010-06-27 15:44:00,2010-03-18 12:14:00,3,709.59,456,34,17.73975,530,101,1,At Risk,7,0,0.7066666666666667,High Risk
13058,2011-11-15 12:43:00,2011-07-11 12:01:00,3,271.40000000000003,52,5,33.925000000000004,25,127,0,Other,8,0,0.19333333333333333,Low Risk
13059,2011-04-04 10:40:00,2010-03-31 12:23:00,10,2291.77,860,155,11.574595959595959,250,368,1,At Risk,11,1,0.7666666666666667,High Risk
13060,2011-03-31 11:37:00,2011-03-31 11:37:00,1,307.53000000000003,123,15,20.502000000000002,254,0,1,Other,5,0,0.9766666666666667,High Risk
13061,2011-09-28 16:04:00,2011-09-28 16:04:00,1,248.61,107,10,24.861,72,0,0,Other,5,0,0.32666666666666666,Medium Risk
13062,2011-06-01 15:12:00,2011-06-01 15:12:00,1,346.98,343,11,31.543636363636367,191,0,1,Other,5,0,0.9366666666666666,High Risk
13063,2010-08-16 12:27:00,2010-08-16 12:27:00,1,188.4,116,12,15.700000000000001,481,0,1,Other,3,0,0.9333333333333333,High Risk
13064,2011-11-27 12:31:00,2010-04-27 10:08:00,6,1666.84,668,58,17.92301075268817,13,579,0,Champions,13,1,0.10666666666666667,Low Risk
13065,2010-12-01 16:52:00,2010-06-10 11:44:00,5,1055.05,381,49,17.016935483870967,373,174,1,At Risk,9,0,0.93,High Risk
13066,2011-11-15 12:57:00,2011-11-07 17:06:00,2,470.8,322,48,9.808333333333334,24,7,0,New / Potential,8,0,0.24333333333333335,Low Risk
13067,2011-09-18 13:38:00,2010-09-19 13:43:00,3,508.51,131,24,15.8909375,82,363,0,Other,8,0,0.6233333333333333,High Risk
13068,2011-11-29 15:00:00,2011-01-24 08:20:00,2,344.0,200,1,172.0,10,309,0,New / Potential,9,0,0.30333333333333334,Medium Risk
13069,2011-12-09 08:39:00,2010-06-14 14:27:00,38,9284.45,15171,573,8.944556840077071,1,542,0,Champions,15,1,0.09666666666666666,Low Risk
13070,2011-05-31 13:45:00,2009-12-07 14:44:00,4,751.7,372,12,22.77878787878788,192,539,1,At Risk,8,0,0.6833333333333333,High Risk
13071,2010-04-06 13:37:00,2010-04-06 13:37:00,1,129.22,30,12,10.768333333333333,612,0,1,Other,3,0,0.9633333333333334,High Risk
13072,2011-03-18 08:12:00,2011-03-18 08:12:00,1,177.15,69,7,25.307142857142857,267,0,1,Other,4,0,0.9733333333333334,High Risk
13073,2010-10-24 14:06:00,2010-09-28 09:27:00,2,418.08,261,25,15.484444444444444,411,26,1,Other,5,0,0.91,High Risk
13074,2010-07-16 16:53:00,2009-12-16 11:46:00,4,1378.74,826,26,47.54275862068965,511,212,1,At Risk,8,0,0.76,High Risk
13075,2011-08-02 10:19:00,2011-08-02 10:19:00,1,919.61,485,22,41.80045454545455,130,0,1,Other,7,0,0.8733333333333333,High Risk
13076,2010-09-08 10:27:00,2010-09-08 10:27:00,1,135.4,44,9,15.044444444444444,458,0,1,Other,3,0,0.9533333333333334,High Risk
13077,2011-12-08 19:24:00,2009-12-11 11:17:00,11,2740.65,2468,208,8.305,1,727,0,Champions,14,1,0.006666666666666667,Low Risk
13078,2011-12-06 15:36:00,2009-12-01 09:06:00,57,29018.06,12032,153,36.685284450063214,3,735,0,Champions,15,1,0.0,Low Risk
13079,2011-12-05 16:53:00,2010-10-18 14:15:00,6,419.18,158,11,24.657647058823528,4,413,0,Loyal Customers,11,1,0.18333333333333332,Low Risk
13080,2011-06-13 14:59:00,2010-04-09 13:07:00,4,280.73,193,17,14.775263157894738,179,430,1,Other,7,0,0.7833333333333333,High Risk
13081,2011-11-28 10:54:00,2009-12-08 13:58:00,28,56838.37,40077,738,24.929109649122807,12,719,0,Champions,15,1,0.0,Low Risk
13082,2011-08-05 16:16:00,2009-12-22 15:37:00,21,7335.75,8466,99,56.866279069767444,126,591,1,Loyal Customers,13,1,0.67,High Risk
13083,2011-12-05 15:01:00,2010-10-10 13:38:00,3,395.43,307,19,17.974090909090908,4,421,0,Other,10,1,0.18,Low Risk
13084,2010-08-05 08:49:00,2010-08-05 08:49:00,1,122.39999999999999,144,2,61.199999999999996,492,0,1,Other,3,0,0.9266666666666666,High Risk
13085,2011-07-05 12:11:00,2009-12-01 07:45:00,8,2433.28,944,50,28.96761904761905,158,581,1,Loyal Customers,11,1,0.49666666666666665,Medium Risk
13086,2010-11-22 10:28:00,2010-11-22 10:28:00,1,439.33000000000004,155,47,9.34744680851064,383,0,1,Other,5,0,0.8766666666666667,High Risk
13087,2009-12-13 15:16:00,2009-12-13 15:16:00,1,313.64,86,15,20.909333333333333,726,0,1,Other,4,0,0.9866666666666667,High Risk
13088,2010-10-18 15:35:00,2010-10-18 15:35:00,1,236.11,76,19,11.8055,417,0,1,Other,3,0,0.98,High Risk
13089,2011-12-07 09:02:00,2009-12-02 15:44:00,203,113416.91,58932,857,34.21324585218703,3,734,0,Champions,15,1,0.0,Low Risk
13090,2011-12-01 12:39:00,2010-08-02 13:58:00,24,13091.74,3247,163,47.78007299270073,9,485,0,Champions,15,1,0.5933333333333334,Medium Risk
13091,2011-11-11 15:54:00,2009-12-10 11:50:00,3,2321.82,1339,41,51.596000000000004,28,701,0,High Value Customers,11,1,0.07,Low Risk
13092,2011-09-30 11:18:00,2010-02-10 08:44:00,12,2140.28,664,52,20.38361904761905,71,597,0,Loyal Customers,12,1,0.12666666666666668,Low Risk
13093,2011-03-09 12:14:00,2009-12-04 10:32:00,55,54144.25,25971,199,52.212391513982645,276,460,1,At Risk,12,1,0.41333333333333333,Medium Risk
13094,2011-11-18 14:07:00,2010-11-15 14:15:00,13,2209.44,1896,5,76.18758620689655,21,367,0,Champions,13,1,0.15,Low Risk
13095,2011-09-30 12:03:00,2011-09-30 12:03:00,1,74.39999999999999,144,6,12.399999999999999,71,0,0,Other,5,0,0.21666666666666667,Low Risk
13096,2010-11-10 14:08:00,2010-11-10 14:08:00,1,419.7000000000001,6,1,419.7000000000001,394,0,1,Other,5,0,1.0,High Risk
13097,2011-11-07 10:43:00,2009-12-01 13:31:00,28,13324.1,5345,390,13.271015936254981,33,705,0,Champions,14,1,0.0033333333333333335,Low Risk
13098,2011-12-08 14:14:00,2011-01-26 13:46:00,28,28882.44,15968,156,50.49377622377622,1,316,0,Champions,15,1,0.14,Low Risk
13099,2011-09-01 17:40:00,2011-09-01 17:40:00,1,207.36,288,1,207.36,99,0,1,Other,5,0,0.5333849530532145,Medium Risk
13101,2011-04-19 14:37:00,2010-01-27 15:49:00,4,695.4,478,48,13.635294117647058,234,446,1,At Risk,8,0,0.8466666666666667,High Risk
13102,2011-12-08 12:52:00,2010-05-06 13:12:00,37,11380.1,6366,212,23.65925155925156,1,580,0,Champions,15,1,0.09,Low Risk
13103,2011-10-31 09:38:00,2010-05-11 14:41:00,3,709.64,426,27,21.504242424242424,40,537,0,Other,10,0,0.08666666666666667,Low Risk
13104,2011-12-06 13:10:00,2010-02-24 15:06:00,9,1709.1,834,15,56.97,3,649,0,Champions,14,1,0.02666666666666667,Low Risk
13105,2010-09-29 13:41:00,2010-09-29 13:41:00,1,72.0,100,1,72.0,436,0,1,Other,3,0,0.9766666666666667,High Risk
13106,2011-07-29 15:12:00,2010-10-22 13:10:00,2,603.46,231,15,37.71625,133,280,1,Other,7,0,0.9,High Risk
13107,2011-10-26 14:52:00,2010-02-04 10:50:00,9,5253.07,4316,142,29.511629213483143,44,629,0,Champions,14,1,0.05333333333333334,Low Risk
13108,2010-12-02 10:35:00,2010-09-30 17:09:00,2,748.46,745,27,21.38457142857143,373,62,1,Other,7,0,0.8566666666666667,High Risk
13109,2011-10-11 10:16:00,2010-06-06 12:59:00,3,1134.03,757,57,16.20042857142857,60,491,0,Other,9,0,0.13333333333333333,Low Risk
13110,2011-11-08 14:30:00,2009-12-01 14:14:00,12,2957.4700000000003,763,167,11.735992063492064,31,707,0,Champions,14,1,0.016666666666666666,Low Risk
13111,2009-12-21 09:00:00,2009-12-21 09:00:00,1,321.88000000000005,180,12,26.823333333333338,719,0,1,Other,4,0,0.9166666666666666,High Risk
13112,2010-06-16 17:03:00,2010-06-16 17:03:00,1,20.599999999999998,11,2,10.299999999999999,541,0,1,Other,3,0,0.92,High Risk
13113,2011-12-09 12:49:00,2010-03-28 16:13:00,37,18230.07,4435,166,48.355623342175065,1,620,0,Champions,15,1,0.24333333333333335,Low Risk
13114,2009-12-09 09:56:00,2009-12-09 09:56:00,1,234.38,74,16,14.64875,731,0,1,Other,3,0,1.0,High Risk
13115,2011-11-28 12:38:00,2010-04-19 13:29:00,10,5494.7,3934,178,17.49904458598726,12,587,0,Champions,15,1,0.12666666666666668,Low Risk
13116,2011-07-24 14:33:00,2011-07-24 14:33:00,1,501.14,291,30,16.704666666666665,138,0,1,Other,6,0,0.93,High Risk
13117,2011-11-18 12:02:00,2010-03-26 13:50:00,18,2255.66,1852,122,13.923827160493826,22,601,0,Champions,13,1,0.04,Low Risk
13118,2011-11-20 12:46:00,2010-09-26 15:46:00,9,2415.41,834,111,16.320337837837837,20,419,0,Champions,13,1,0.11,Low Risk
13119,2010-02-09 08:38:00,2010-02-09 08:38:00,1,134.9,110,11,12.263636363636364,669,0,1,Other,3,0,0.93,High Risk
13120,2011-04-15 10:19:00,2011-04-15 10:19:00,1,30.6,12,1,30.6,239,0,1,Other,4,0,0.8333333333333334,High Risk
13121,2011-03-15 16:47:00,2011-03-15 16:47:00,1,283.73,252,50,5.674600000000001,269,0,1,Other,4,0,0.8066666666666666,High Risk
13122,2011-09-06 15:53:00,2011-04-13 14:12:00,2,922.39,585,54,16.77072727272727,94,146,1,Other,8,0,0.9533333333333334,High Risk
13123,2010-08-24 10:18:00,2010-06-28 12:43:00,2,506.75,268,36,11.261111111111111,473,56,1,Other,5,0,0.88,High Risk
13124,2011-09-11 12:45:00,2010-11-19 15:50:00,4,4641.66,2738,216,16.401625441696112,90,295,0,High Value Customers,11,1,0.29333333333333333,Low Risk
13125,2010-07-04 11:58:00,2010-07-04 11:58:00,1,148.62,53,20,7.431,524,0,1,Other,3,0,0.9933333333333333,High Risk
13126,2011-12-05 10:00:00,2010-03-02 12:24:00,13,3774.81,3289,183,15.860546218487395,5,642,0,Champions,15,1,0.006666666666666667,Low Risk
13127,2011-09-23 10:26:00,2011-09-23 10:26:00,1,259.17,127,15,17.278000000000002,78,0,0,Other,5,0,0.85,High Risk
13128,2010-03-18 15:08:00,2010-03-18 15:08:00,1,263.5,31,1,263.5,631,0,1,Other,3,0,0.99,High Risk
13129,2010-09-13 13:47:00,2010-06-28 11:54:00,2,233.25,296,10,21.204545454545453,452,77,1,Other,4,0,0.8533333333333334,High Risk
13130,2011-09-06 15:30:00,2011-09-06 15:30:00,1,64.0,32,2,32.0,94,0,1,Other,5,0,0.9366666666666666,High Risk
13131,2011-11-16 13:21:00,2010-02-09 09:47:00,7,3313.77,1523,107,22.24006711409396,23,645,0,Champions,13,1,0.016666666666666666,Low Risk
13132,2011-03-23 12:44:00,2011-03-23 12:44:00,1,77.3,20,3,25.766666666666666,262,0,1,Other,4,0,0.9133333333333333,High Risk
13133,2011-03-11 10:31:00,2010-09-06 15:30:00,3,200.45,55,12,16.704166666666666,274,185,1,At Risk,6,0,0.86,High Risk
13134,2011-09-15 10:35:00,2010-10-19 13:21:00,6,2475.23,1364,110,20.456446280991734,86,330,0,Loyal Customers,11,1,0.5533333333333333,Medium Risk
13135,2011-05-27 10:52:00,2010-08-05 17:28:00,2,3371.45,4423,18,187.30277777777778,197,294,1,Other,9,0,0.9266666666666666,High Risk
13136,2011-10-14 13:41:00,2009-12-08 18:30:00,13,6274.56,3109,204,19.919238095238097,56,674,0,Champions,14,1,0.0,Low Risk
13137,2011-11-29 12:09:00,2010-07-25 15:40:00,16,7586.94,4238,628,5.442568149210904,11,491,0,Champions,15,1,0.03666666666666667,Low Risk
13138,2011-11-17 16:51:00,2010-11-08 11:45:00,7,1274.01,593,41,14.98835294117647,22,374,0,Champions,12,1,0.18333333333333332,Low Risk
13139,2011-11-23 13:54:00,2010-09-28 09:12:00,8,8202.98,4614,214,30.954641509433962,16,421,0,Champions,14,1,0.32666666666666666,Medium Risk
13140,2011-08-23 15:33:00,2010-08-05 19:05:00,5,1054.92,572,89,10.046857142857144,108,382,1,Loyal Customers,10,0,0.72,High Risk
13141,2011-09-16 09:54:00,2009-12-09 13:34:00,17,7656.08,5159,285,18.056792452830187,85,645,0,Loyal Customers,13,1,0.0,Low Risk
13142,2011-11-20 16:07:00,2011-11-20 16:07:00,1,307.09000000000003,258,23,13.351739130434783,19,0,0,New / Potential,8,0,0.33666666666666667,Medium Risk
13143,2010-05-04 12:22:00,2010-05-04 12:22:00,1,405.1,198,23,17.61304347826087,585,0,1,Other,4,0,0.7166666666666667,High Risk
13144,2011-01-11 11:15:00,2010-10-04 14:14:00,2,135.35,29,6,22.558333333333334,333,98,1,Other,5,0,0.95,High Risk
13145,2011-10-31 12:45:00,2010-04-19 11:11:00,7,1128.52,265,5,125.39111111111112,40,560,0,Loyal Customers,11,1,0.17,Low Risk
13146,2011-11-13 15:29:00,2011-11-13 15:29:00,1,228.91,154,16,13.465294117647058,26,0,0,New / Potential,6,0,0.2966666666666667,Low Risk
13147,2011-11-29 13:59:00,2011-09-01 12:28:00,4,712.8,144,1,178.2,10,89,0,Other,11,1,0.26,Low Risk
13148,2011-11-10 15:23:00,2009-12-07 15:26:00,26,8497.82,4487,451,11.13737876802097,29,702,0,Champions,14,1,0.0033333333333333335,Low Risk
13149,2011-11-25 13:09:00,2011-02-23 13:57:00,4,1676.06,1280,76,19.48906976744186,14,274,0,High Value Customers,12,1,0.24,Low Risk
13150,2010-08-12 12:59:00,2010-03-19 09:03:00,3,449.96999999999997,171,7,56.246249999999996,484,146,1,At Risk,6,0,0.97,High Risk
13151,2011-02-17 12:29:00,2010-03-22 10:26:00,3,2465.21,813,131,15.602594936708861,296,332,1,At Risk,9,0,0.8533333333333334,High Risk
13152,2010-10-18 13:44:00,2010-01-14 10:01:00,7,2146.38,977,114,15.899111111111113,417,277,1,At Risk,9,0,0.8633333333333333,High Risk
13153,2011-12-04 12:14:00,2011-12-04 12:14:00,1,486.22,418,15,32.41466666666667,6,0,0,New / Potential,8,0,0.20333333333333334,Low Risk
13154,2010-11-05 16:00:00,2009-12-04 08:46:00,3,1624.84,976,78,17.471397849462363,399,336,1,At Risk,9,0,0.8933333333333333,High Risk
13155,2011-11-06 15:41:00,2010-08-05 09:30:00,6,1370.48,741,79,12.236428571428572,33,458,0,Champions,12,1,0.6233333333333333,High Risk
13156,2010-11-19 13:09:00,2010-02-01 13:45:00,3,1586.54,914,94,15.255192307692308,385,290,1,At Risk,9,0,0.8766666666666667,High Risk
13157,2011-10-21 13:50:00,2010-03-08 11:59:00,9,5687.36,4762,173,22.658804780876494,49,592,0,Champions,14,1,0.016666666666666666,Low Risk
13158,2011-09-06 11:58:00,2010-11-16 17:12:00,5,1508.18,992,70,15.081800000000001,95,293,1,Loyal Customers,11,1,0.8733333333333333,High Risk
13159,2011-12-01 11:20:00,2011-08-16 11:44:00,4,1429.35,1058,114,11.911249999999999,9,106,0,High Value Customers,12,1,0.21666666666666667,Low Risk
13160,2011-11-17 13:07:00,2011-11-17 13:07:00,1,91.8,56,4,22.95,22,0,0,New / Potential,6,0,0.2733333333333333,Low Risk
13161,2011-01-30 14:03:00,2010-07-27 12:44:00,2,472.13,105,30,14.306969696969697,313,187,1,Other,6,0,0.93,High Risk
13162,2011-08-09 15:59:00,2009-12-04 13:59:00,16,9275.49,5755,186,38.972647058823526,122,613,1,Loyal Customers,13,1,0.63,High Risk
13163,2010-04-08 16:21:00,2010-04-08 16:21:00,1,17.65,3,2,8.825,610,0,1,Other,3,0,0.8866666666666667,High Risk
13164,2010-05-19 13:52:00,2010-02-10 11:52:00,2,372.2,120,7,37.22,569,98,1,Other,5,0,0.7466666666666667,High Risk
13165,2011-10-24 15:05:00,2010-10-22 17:04:00,3,1451.1599999999999,1736,47,29.61551020408163,46,366,0,High Value Customers,11,1,0.14,Low Risk
13166,2011-03-01 15:16:00,2010-10-21 14:29:00,2,875.93,522,55,12.881323529411764,283,131,1,Other,7,0,0.8,High Risk
13167,2011-11-21 12:24:00,2010-11-14 12:58:00,5,1125.15,1007,64,13.890740740740743,19,371,0,Loyal Customers,12,1,0.3566666666666667,Medium Risk
13168,2011-11-03 12:56:00,2010-06-15 15:00:00,5,1840.73,898,127,10.640057803468208,36,505,0,Champions,12,1,0.32666666666666666,Medium Risk
13169,2011-10-07 12:11:00,2010-05-26 15:58:00,3,840.08,296,16,46.67111111111112,64,498,0,Other,9,0,0.23,Low Risk
13170,2011-11-13 12:19:00,2011-11-13 12:19:00,1,108.81,141,29,3.6270000000000002,27,0,0,New / Potential,6,0,0.12666666666666668,Low Risk
13171,2011-11-18 10:27:00,2011-02-13 14:16:00,3,468.41,229,37,10.182826086956522,22,277,0,Other,9,0,0.3,Low Risk
13172,2010-11-04 15:10:00,2010-11-04 15:10:00,1,69.6,48,1,69.6,400,0,1,Other,4,0,1.0,High Risk
13173,2011-12-05 15:51:00,2009-12-10 12:52:00,11,2399.82,1481,160,11.110277777777778,4,725,0,Champions,14,1,0.0033333333333333335,Low Risk
13174,2011-11-23 14:35:00,2009-12-04 15:40:00,12,7995.36,3794,602,8.523837953091684,16,718,0,Champions,15,1,0.01,Low Risk
13175,2010-05-06 13:13:00,2009-12-04 12:11:00,2,831.45,423,40,18.075,582,153,1,Other,6,0,0.9333333333333333,High Risk
13176,2011-10-24 15:43:00,2011-10-24 15:43:00,1,481.49,448,66,7.186417910447761,46,0,0,New / Potential,7,0,0.14333333333333334,Low Risk
13177,2011-10-06 09:56:00,2010-10-05 10:35:00,2,512.2,180,23,17.073333333333334,65,365,0,Other,7,0,0.14333333333333334,Low Risk
13178,2011-11-13 16:14:00,2009-12-16 14:00:00,21,14059.19,8778,194,20.46461426491994,26,697,0,Champions,14,1,0.0,Low Risk
13179,2010-03-31 11:40:00,2010-03-31 11:40:00,1,572.3100000000001,368,34,16.832647058823532,619,0,1,Other,4,0,0.8866666666666667,High Risk
13180,2010-04-11 13:37:00,2010-04-11 13:37:00,1,86.10000000000001,42,4,21.525000000000002,607,0,1,Other,3,0,0.8866666666666667,High Risk
13181,2010-11-23 15:05:00,2010-11-23 15:05:00,1,359.69,171,19,18.931052631578947,381,0,1,Other,5,0,0.8233333333333334,High Risk
13182,2011-10-25 13:46:00,2011-10-25 13:46:00,1,121.18,201,11,11.016363636363637,45,0,0,New / Potential,6,0,0.33,Medium Risk
13183,2011-12-02 10:30:00,2010-03-14 12:32:00,15,7036.18,4027,64,45.10371794871795,8,627,0,Champions,15,1,0.04666666666666667,Low Risk
13184,2011-11-25 12:02:00,2011-02-22 17:25:00,10,1668.95,1662,138,9.323743016759776,15,275,0,Champions,14,1,0.14,Low Risk
13185,2011-03-17 11:56:00,2011-03-17 11:56:00,1,71.4,12,1,71.4,268,0,1,Other,4,0,1.0,High Risk
13186,2011-10-31 11:40:00,2011-08-03 09:09:00,3,1575.89,820,69,19.947974683544306,40,89,0,High Value Customers,11,1,0.24333333333333335,Low Risk
13187,2011-01-06 18:57:00,2010-03-25 17:18:00,4,341.36,296,51,6.095714285714286,337,287,1,At Risk,7,0,0.7133333333333334,High Risk
13188,2011-11-28 15:28:00,2011-11-28 15:28:00,1,114.6,25,2,57.3,11,0,0,New / Potential,7,0,0.16333333333333333,Low Risk
13189,2011-11-21 10:39:00,2011-08-16 13:12:00,2,260.68,842,29,8.988965517241379,19,96,0,New / Potential,8,0,0.17666666666666667,Low Risk
13190,2010-06-13 15:47:00,2009-12-07 12:13:00,3,570.66,308,16,33.56823529411764,544,188,1,At Risk,6,0,0.9166666666666666,High Risk
13191,2010-02-19 17:02:00,2010-02-19 17:02:00,1,164.69,115,58,2.79135593220339,658,0,1,Other,3,0,0.8733333333333333,High Risk
13192,2011-09-05 14:13:00,2010-01-22 08:37:00,6,2558.58,1629,135,15.793703703703704,95,591,1,Loyal Customers,11,1,0.67,High Risk
13193,2011-10-09 14:30:00,2011-10-09 14:30:00,1,112.08,46,22,4.4832,61,0,0,Other,5,0,0.33666666666666667,Medium Risk
13194,2011-07-27 09:01:00,2010-10-14 11:54:00,2,472.78,326,10,47.278,136,285,1,Other,7,0,0.96,High Risk
13195,2010-10-21 13:07:00,2010-10-21 13:07:00,1,136.73,70,43,2.972391304347826,414,0,1,Other,3,0,0.9533333333333334,High Risk
13196,2011-11-28 13:54:00,2010-04-01 12:54:00,7,3068.84,2006,141,16.323617021276597,11,606,0,Champions,14,1,0.02666666666666667,Low Risk
13197,2010-04-09 09:14:00,2010-04-09 09:14:00,1,373.01000000000005,204,19,19.632105263157897,610,0,1,Other,4,0,0.8633333333333333,High Risk
13198,2011-11-29 15:17:00,2010-10-01 13:27:00,8,4974.2300000000005,3449,265,15.841496815286625,10,424,0,Champions,14,1,0.12333333333333334,Low Risk
13199,2011-12-06 12:30:00,2009-12-05 10:11:00,67,15964.210000000001,11567,61,78.64142857142858,4,731,0,Champions,15,1,0.0,Low Risk
13200,2011-11-20 15:35:00,2011-08-05 14:50:00,4,870.09,516,42,18.915,19,107,0,Other,11,1,0.30333333333333334,Medium Risk
13201,2010-07-25 14:30:00,2010-03-07 11:01:00,4,1233.06,1036,65,14.337906976744186,502,140,1,At Risk,8,0,0.8266666666666667,High Risk
13202,2010-11-10 16:24:00,2009-12-09 10:48:00,7,1580.3,572,55,22.902898550724636,394,336,1,At Risk,10,0,0.88,High Risk
13203,2011-11-30 10:45:00,2009-12-17 14:15:00,10,2648.25,2413,158,15.670118343195266,10,712,0,Champions,14,1,0.0,Low Risk
13204,2009-12-08 14:56:00,2009-12-08 14:56:00,1,966.6600000000001,428,57,16.958947368421054,731,0,1,Other,5,0,0.8833333333333333,High Risk
13205,2010-09-22 16:26:00,2010-09-22 16:26:00,1,2803.2,256,1,2803.2,443,0,1,Other,6,0,0.8659816645179774,High Risk
13206,2010-11-04 16:50:00,2009-12-07 13:48:00,13,8308.19,7086,393,14.678780918727917,400,332,1,At Risk,12,1,0.7133333333333334,High Risk
13207,2011-11-24 14:52:00,2010-04-06 16:37:00,4,535.86,178,10,41.22,15,596,0,Other,10,1,0.07666666666666666,Low Risk
13208,2011-10-12 09:54:00,2009-12-03 13:25:00,9,1976.3,1343,198,7.842460317460318,59,677,0,Champions,13,1,0.0033333333333333335,Low Risk
13209,2011-11-09 13:54:00,2010-01-24 14:30:00,13,8509.51,5781,284,23.25002732240437,30,653,0,Champions,14,1,0.0,Low Risk
13210,2011-09-07 08:18:00,2011-09-07 08:18:00,1,353.48,316,22,16.067272727272726,94,0,1,Other,6,0,0.8766666666666667,High Risk
13211,2011-11-29 14:43:00,2009-12-06 15:24:00,10,2618.77,1845,98,13.028706467661692,10,722,0,Champions,14,1,0.0,Low Risk
13212,2011-11-20 12:40:00,2011-10-09 14:48:00,3,786.83,309,128,5.580354609929079,20,41,0,Other,10,1,0.16,Low Risk
13213,2011-10-14 11:42:00,2010-05-20 14:50:00,11,3851.52,2962,181,18.88,57,511,0,Champions,14,1,0.05333333333333334,Low Risk
13214,2010-10-18 10:00:00,2010-03-03 14:10:00,7,3264.23,2966,207,14.254279475982532,418,228,1,At Risk,10,1,0.7166666666666667,High Risk
13215,2010-11-02 18:26:00,2010-11-02 18:26:00,1,81.6,96,1,81.6,402,0,1,Other,4,0,0.9333333333333333,High Risk
13216,2011-03-17 12:18:00,2011-03-17 12:18:00,1,333.74,297,5,66.748,268,0,1,Other,5,0,0.8566666666666667,High Risk
13217,2011-08-09 15:32:00,2010-02-22 12:49:00,4,666.48,512,3,133.296,122,533,1,Other,9,0,0.76,High Risk
13218,2011-08-04 16:59:00,2011-08-04 16:59:00,1,62.64,88,5,12.528,127,0,1,Other,5,0,0.9633333333333334,High Risk
13219,2010-03-31 14:18:00,2010-03-31 14:18:00,1,76.23,11,11,6.930000000000001,618,0,1,Other,3,0,0.9633333333333334,High Risk
13220,2011-09-22 13:38:00,2010-05-13 10:35:00,5,1336.0900000000001,396,46,25.20924528301887,78,497,0,Loyal Customers,11,1,0.16333333333333333,Low Risk
13221,2011-04-13 16:58:00,2010-12-15 13:24:00,2,847.41,244,62,12.839545454545455,240,119,1,Other,7,0,0.8866666666666667,High Risk
13222,2010-05-11 13:54:00,2010-05-11 13:54:00,1,88.5,30,1,88.5,577,0,1,Other,3,0,0.9866666666666667,High Risk
13223,2011-05-23 13:03:00,2010-02-12 13:27:00,6,969.12,568,8,74.5476923076923,200,464,1,At Risk,9,0,0.89,High Risk
13224,2011-10-10 14:55:00,2011-07-11 14:10:00,2,2155.95,1518,101,19.9625,60,91,0,High Value Customers,9,0,0.23666666666666666,Low Risk
13225,2011-12-06 13:29:00,2009-12-17 09:09:00,16,16260.07,7401,60,130.08056,3,719,0,Champions,15,1,0.01,Low Risk
13226,2011-03-11 14:35:00,2010-11-11 13:46:00,2,312.46,179,28,11.159285714285714,273,120,1,Other,6,0,0.9133333333333333,High Risk
13227,2011-05-22 11:47:00,2011-05-22 11:47:00,1,257.7,99,9,28.633333333333333,202,0,1,Other,4,0,0.8866666666666667,High Risk
13228,2011-09-19 14:28:00,2011-09-19 14:28:00,1,358.0,200,2,179.0,81,0,0,Other,6,0,0.33747891185153944,Medium Risk
13229,2011-04-28 12:07:00,2011-04-28 12:07:00,1,160.95,63,10,16.095,226,0,1,Other,4,0,0.9,High Risk
13230,2011-12-05 16:03:00,2010-03-18 20:02:00,30,6120.01,3520,653,4.892094324540368,4,626,0,Champions,15,1,0.09,Low Risk
13232,2011-11-27 10:39:00,2011-04-10 13:48:00,7,1328.35,773,147,6.575990099009901,13,230,0,Champions,13,1,0.15333333333333332,Low Risk
13233,2011-09-26 13:25:00,2010-01-14 14:10:00,4,1176.46,1604,74,15.479736842105263,74,619,0,Other,9,0,0.07666666666666666,Low Risk
13234,2010-02-05 11:41:00,2009-12-07 12:32:00,2,346.5,159,56,5.680327868852459,673,59,1,Other,5,0,0.95,High Risk
13235,2011-05-11 17:13:00,2011-05-11 17:13:00,1,1031.07,441,53,17.77706896551724,212,0,1,Other,6,0,0.91,High Risk
13236,2011-11-15 12:50:00,2011-08-25 08:58:00,2,744.85,416,34,20.69027777777778,25,82,0,New / Potential,9,0,0.7666666666666667,High Risk
13237,2010-11-17 10:07:00,2010-11-17 10:07:00,1,643.0,128,24,26.791666666666668,388,0,1,Other,6,0,0.8066666666666666,High Risk
13238,2011-11-22 15:37:00,2010-04-28 15:02:00,6,1006.63,442,24,21.417659574468086,17,573,0,Loyal Customers,12,1,0.06333333333333334,Low Risk
13239,2011-03-23 10:25:00,2010-07-25 13:34:00,5,1594.69,1151,86,17.14720430107527,262,240,1,At Risk,10,0,0.8366666666666667,High Risk
13240,2011-09-04 14:08:00,2010-02-25 13:17:00,8,1475.79,709,160,7.342238805970149,96,556,1,Loyal Customers,11,1,0.81,High Risk
13241,2010-10-24 11:17:00,2010-10-24 11:17:00,1,112.53,46,40,2.81325,412,0,1,Other,3,0,0.9533333333333334,High Risk
13242,2011-08-19 12:53:00,2010-02-09 13:12:00,7,699.4,350,19,19.982857142857142,112,555,1,Loyal Customers,10,0,0.74,High Risk
13243,2011-05-20 13:14:00,2010-03-18 13:10:00,5,1220.38,554,165,5.953073170731708,203,428,1,At Risk,9,0,0.7666666666666667,High Risk
13244,2011-09-08 11:46:00,2011-09-08 11:46:00,1,121.74000000000001,38,27,4.508888888888889,93,0,1,Other,5,0,0.95,High Risk
13245,2011-10-20 11:40:00,2010-10-03 14:03:00,2,989.22,371,43,21.982666666666667,51,381,0,New / Potential,9,0,0.19333333333333333,Low Risk
13246,2011-11-21 16:50:00,2010-07-02 13:36:00,11,3351.75,2796,229,9.034366576819407,18,507,0,Champions,15,1,0.41333333333333333,Medium Risk
13247,2011-11-22 10:59:00,2011-09-18 11:31:00,4,501.12,328,18,20.0448,18,64,0,Other,10,1,0.21666666666666667,Low Risk
13248,2011-08-07 12:40:00,2011-06-03 13:05:00,2,465.68,305,25,17.91076923076923,125,64,1,Other,7,0,0.8433333333333334,High Risk
13249,2011-09-08 13:26:00,2010-01-24 12:11:00,9,1608.9299999999998,1246,21,45.969428571428566,92,592,1,Loyal Customers,12,1,0.43333333333333335,Medium Risk
13250,2010-09-05 11:33:00,2010-07-25 14:01:00,2,253.09,107,17,13.320526315789474,461,41,1,Other,4,0,0.8,High Risk
13251,2010-11-02 13:20:00,2010-11-02 13:20:00,1,252.68,215,25,10.1072,402,0,1,Other,4,0,0.62,High Risk
13252,2010-11-10 16:00:00,2010-03-24 10:30:00,2,399.3,134,19,21.01578947368421,394,231,1,Other,6,0,0.8733333333333333,High Risk
13253,2011-07-06 10:09:00,2010-01-05 12:13:00,4,2951.11,3015,73,39.34813333333334,157,546,1,High Value Customers,11,1,0.75,High Risk
13254,2010-11-28 15:42:00,2010-11-28 15:42:00,1,51.41,43,4,12.8525,376,0,1,Other,4,0,0.98,High Risk
13255,2011-11-30 13:14:00,2010-07-15 13:20:00,3,678.76,407,26,26.106153846153845,9,502,0,Other,11,1,0.11333333333333333,Low Risk
13257,2010-09-29 14:58:00,2010-09-29 14:58:00,1,149.75,33,7,21.392857142857142,436,0,1,Other,3,0,0.95,High Risk
13258,2011-11-28 09:31:00,2010-11-04 12:45:00,5,1009.43,446,29,22.94159090909091,12,388,0,Loyal Customers,12,1,0.17666666666666667,Low Risk
13259,2011-10-09 10:48:00,2010-01-10 10:26:00,9,1402.54,503,234,4.480958466453674,62,637,0,Loyal Customers,12,1,0.07,Low Risk
13260,2011-10-09 13:21:00,2011-10-09 13:21:00,1,557.62,142,8,69.7025,61,0,0,Other,6,0,0.24,Low Risk
13261,2011-03-16 12:22:00,2011-02-27 10:41:00,2,944.1,210,8,104.9,269,17,1,Other,7,0,0.87,High Risk
13262,2011-03-21 15:06:00,2010-04-18 12:14:00,3,573.45,247,48,11.469000000000001,263,337,1,At Risk,7,0,0.8733333333333333,High Risk
13263,2011-12-08 13:59:00,2010-10-22 17:07:00,39,8676.2,5372,507,4.554435695538058,1,411,0,Champions,15,1,0.03,Low Risk
13264,2010-09-23 12:42:00,2010-09-23 12:42:00,1,722.5600000000001,375,38,19.014736842105265,443,0,1,Other,5,0,0.85,High Risk
13265,2011-10-17 15:02:00,2011-03-11 09:54:00,5,2092.66,1740,66,23.251777777777775,53,220,0,Champions,12,1,0.09333333333333334,Low Risk
13266,2011-11-28 14:39:00,2009-12-17 10:52:00,19,6135.04,6837,154,19.98384364820847,11,711,0,Champions,15,1,0.0,Low Risk
13267,2011-12-07 11:12:00,2009-12-07 16:56:00,36,9429.81,3959,152,22.943576642335763,3,729,0,Champions,15,1,0.006666666666666667,Low Risk
13268,2011-11-22 11:51:00,2011-03-17 13:20:00,11,3174.75,3624,257,7.331986143187067,18,249,0,Champions,15,1,0.10666666666666667,Low Risk
13269,2011-12-08 14:53:00,2009-12-02 11:47:00,28,8537.32,6366,238,17.566502057613167,1,736,0,Champions,15,1,0.0,Low Risk
13270,2010-12-08 14:53:00,2010-12-08 14:53:00,1,590.0,200,1,590.0,366,0,1,Other,5,0,0.9674244663040525,High Risk
13271,2011-11-02 14:31:00,2011-11-02 14:31:00,1,211.49,240,79,2.430919540229885,37,0,0,New / Potential,6,0,0.15,Low Risk
13272,2011-11-08 14:00:00,2011-09-11 12:06:00,2,276.56,96,15,18.437333333333335,31,58,0,New / Potential,7,0,0.30666666666666664,Medium Risk
13273,2011-08-18 14:02:00,2011-08-18 14:02:00,1,138.98,153,16,8.68625,113,0,1,Other,5,0,0.95,High Risk
13274,2010-10-26 13:48:00,2010-10-26 13:48:00,1,360.85,199,19,18.992105263157896,409,0,1,Other,5,0,0.8733333333333333,High Risk
13275,2010-11-21 12:09:00,2010-03-17 14:05:00,2,238.86,138,48,4.97625,384,248,1,Other,5,0,0.9533333333333334,High Risk
13276,2011-10-07 12:44:00,2010-03-07 14:05:00,5,1891.91,840,209,7.915941422594143,64,578,0,Loyal Customers,11,1,0.19666666666666666,Low Risk
13277,2011-11-24 09:21:00,2010-06-18 08:45:00,7,523.3,382,10,22.752173913043475,16,524,0,Loyal Customers,11,1,0.23666666666666666,Low Risk
13278,2011-10-30 11:49:00,2010-04-08 11:59:00,4,1435.85,1358,80,13.294907407407406,41,569,0,High Value Customers,11,1,0.1,Low Risk
13279,2011-09-22 17:24:00,2011-09-22 17:24:00,1,137.75,73,9,15.305555555555555,78,0,0,Other,5,0,0.38666666666666666,Medium Risk
13280,2011-08-09 13:14:00,2010-03-05 09:07:00,7,2293.33,1489,159,11.186975609756097,122,522,1,Loyal Customers,11,1,0.7833333333333333,High Risk
13281,2010-09-26 16:03:00,2010-09-26 16:03:00,1,350.85,201,22,15.947727272727274,439,0,1,Other,4,0,0.5966666666666667,Medium Risk
13282,2011-11-21 15:33:00,2010-10-29 14:11:00,4,1313.19,410,42,25.748823529411766,18,388,0,High Value Customers,12,1,0.23,Low Risk
13283,2011-10-11 09:50:00,2010-03-09 14:36:00,4,373.36,204,19,18.668,60,580,0,Other,8,0,0.37333333333333335,Medium Risk
13284,2011-01-13 09:23:00,2011-01-13 09:23:00,1,201.19,91,13,15.476153846153846,331,0,1,Other,4,0,0.9566666666666667,High Risk
13285,2011-11-16 13:19:00,2010-03-25 14:26:00,6,3364.59,2457,182,14.565324675324677,23,600,0,Champions,13,1,0.03333333333333333,Low Risk
13286,2010-04-18 15:35:00,2010-04-18 15:35:00,1,734.91,274,46,14.998163265306122,600,0,1,Other,5,0,0.96,High Risk
13287,2010-04-15 15:26:00,2010-01-04 10:43:00,3,781.59,429,46,14.746981132075472,603,101,1,At Risk,7,0,0.8433333333333334,High Risk
13288,2010-09-22 16:32:00,2010-02-11 14:59:00,5,927.61,379,7,92.761,443,223,1,At Risk,8,0,0.6,Medium Risk
13289,2009-12-16 11:53:00,2009-12-16 11:53:00,1,307.95,119,16,19.246875,724,0,1,Other,4,0,0.89,High Risk
13290,2010-09-27 16:29:00,2010-09-27 16:29:00,1,208.63,1,1,208.63,438,0,1,Other,3,0,0.9466666666666667,High Risk
13291,2011-07-07 10:36:00,2010-02-11 18:36:00,11,3270.79,1600,155,10.285503144654088,156,510,1,Loyal Customers,13,1,0.75,High Risk
13292,2011-11-01 10:04:00,2010-07-01 14:36:00,5,994.51,530,55,16.856101694915253,39,487,0,Loyal Customers,11,1,0.12333333333333334,Low Risk
13293,2010-11-12 13:28:00,2010-02-09 12:05:00,6,1192.94,555,51,16.56861111111111,392,276,1,At Risk,9,0,0.8766666666666667,High Risk
13294,2011-06-03 08:54:00,2010-03-03 12:54:00,3,1689.53,996,93,16.564019607843136,190,456,1,At Risk,9,0,0.9,High Risk
13295,2010-12-15 11:21:00,2010-05-12 09:13:00,4,1101.97,733,56,16.44731343283582,360,217,1,At Risk,8,0,0.8366666666666667,High Risk
13296,2011-07-25 13:46:00,2010-05-11 14:29:00,6,792.51,653,50,14.953018867924529,137,439,1,Loyal Customers,10,0,0.9166666666666666,High Risk
13297,2011-12-02 09:32:00,2010-06-15 12:35:00,7,4368.62,2694,108,35.51723577235772,8,534,0,Champions,14,1,0.11,Low Risk
13298,2011-12-08 13:11:00,2011-12-08 13:11:00,1,360.0,96,2,180.0,1,0,0,New / Potential,8,0,0.2866666666666667,Low Risk
13299,2011-03-16 12:55:00,2010-06-29 11:30:00,3,1218.7,416,56,19.656451612903226,268,260,1,At Risk,8,0,0.64,High Risk
13300,2011-06-23 13:09:00,2010-05-14 15:56:00,3,1285.51,455,44,23.37290909090909,169,404,1,High Value Customers,10,0,0.8533333333333334,High Risk
13301,2011-08-28 11:25:00,2011-02-20 13:13:00,4,618.09,345,75,7.630740740740741,104,188,1,Other,9,0,0.8366666666666667,High Risk
13302,2011-07-07 17:56:00,2010-07-01 12:32:00,2,159.2,12,3,53.06666666666666,155,371,1,Other,6,0,0.8866666666666667,High Risk
13303,2010-11-04 14:55:00,2010-11-04 14:55:00,1,61.72,26,4,15.43,400,0,1,Other,4,0,0.98,High Risk
13304,2010-12-23 14:35:00,2010-02-08 12:42:00,4,1217.99,716,59,15.61525641025641,351,318,1,At Risk,8,0,0.8766666666666667,High Risk
13305,2011-12-05 15:15:00,2010-03-10 14:49:00,16,3616.41,2228,153,18.08205,4,635,0,Champions,15,1,0.0033333333333333335,Low Risk
13306,2010-10-05 14:55:00,2010-10-05 14:55:00,1,53.65,74,4,13.4125,430,0,1,Other,3,0,0.9566666666666667,High Risk
13307,2011-08-11 17:14:00,2010-04-26 13:28:00,3,273.34,140,15,18.222666666666665,120,472,1,Other,7,0,0.7433333333333333,High Risk
13308,2011-11-17 09:31:00,2010-04-22 09:22:00,4,1670.3700000000001,1073,65,23.526338028169015,23,574,0,High Value Customers,11,1,0.16333333333333333,Low Risk
13309,2011-12-02 16:34:00,2010-11-12 12:10:00,6,1706.3700000000001,1914,95,13.125923076923078,7,385,0,Champions,13,1,0.16,Low Risk
13310,2011-11-11 17:23:00,2010-11-02 17:03:00,5,1541.2,816,80,16.223157894736843,28,374,0,Champions,12,1,0.23666666666666666,Low Risk
13311,2011-12-05 12:55:00,2011-07-12 14:26:00,2,598.57,305,25,23.02192307692308,4,145,0,New / Potential,9,1,0.27666666666666667,Low Risk
13312,2010-09-14 14:36:00,2010-09-14 14:36:00,1,124.75,41,5,24.95,451,0,1,Other,3,0,0.7966666666666666,High Risk
13313,2011-11-17 16:48:00,2009-12-02 16:18:00,12,3445.32,2308,105,18.424171122994654,22,715,0,Champions,14,1,0.0,Low Risk
13314,2011-12-08 12:29:00,2011-09-27 10:20:00,3,775.94,560,55,12.515161290322581,2,72,0,Other,11,1,0.23666666666666666,Low Risk
13315,2010-01-19 15:34:00,2010-01-19 15:34:00,1,310.26000000000005,232,22,14.102727272727275,689,0,1,Other,4,0,0.9066666666666666,High Risk
13316,2011-11-02 13:40:00,2010-03-10 10:01:00,10,12940.82,19931,115,74.80242774566474,37,602,0,Champions,14,1,0.04,Low Risk
13317,2011-10-04 13:35:00,2009-12-13 11:11:00,19,6486.091,3149,222,18.854915697674418,66,660,0,Loyal Customers,13,1,0.006666666666666667,Low Risk
13318,2011-12-08 18:51:00,2011-11-02 13:26:00,3,640.76,304,14,32.038,1,36,0,Other,11,1,0.7433333333333333,High Risk
13319,2011-12-04 13:34:00,2009-12-06 14:46:00,58,21323.22,8974,345,23.10208017334778,5,727,0,Champions,15,1,0.0,Low Risk
13320,2011-09-22 18:07:00,2010-08-18 10:29:00,6,2211.6,1509,98,14.842953020134228,78,400,0,Loyal Customers,11,1,0.18333333333333332,Low Risk
13321,2011-09-28 15:24:00,2011-09-14 15:18:00,2,567.36,372,10,51.57818181818182,72,14,0,Other,7,0,0.23,Low Risk
13322,2011-11-22 14:21:00,2011-11-22 14:21:00,1,199.48000000000002,117,25,7.9792000000000005,17,0,0,New / Potential,7,0,0.94,High Risk
13323,2011-12-06 17:12:00,2011-09-16 13:23:00,5,787.85,175,6,37.516666666666666,3,81,0,Loyal Customers,12,1,0.28,Low Risk
13324,2011-11-03 16:28:00,2010-05-25 10:23:00,18,10513.47,8448,36,79.6475,36,527,0,Champions,14,1,0.14666666666666667,Low Risk
13325,2011-09-19 10:36:00,2011-09-19 10:36:00,1,675.3,240,12,56.275,82,0,0,Other,7,0,0.3433333333333333,Medium Risk
13326,2010-10-03 16:00:00,2010-10-03 16:00:00,1,281.76,140,13,21.673846153846153,432,0,1,Other,3,0,0.9333333333333333,High Risk
13327,2011-11-01 10:21:00,2009-12-18 15:35:00,20,9134.48,4203,175,28.45632398753894,39,682,0,Champions,14,1,0.0033333333333333335,Low Risk
13328,2011-01-27 15:22:00,2011-01-27 15:22:00,1,1308.48,680,17,76.96941176470588,316,0,1,Other,7,0,0.9066666666666666,High Risk
13329,2011-11-08 10:29:00,2009-12-04 15:41:00,8,4808.7699999999995,3311,68,40.75228813559322,32,703,0,Champions,13,1,0.01,Low Risk
13330,2011-09-08 12:27:00,2010-02-23 10:12:00,6,2796.1,1951,80,23.898290598290597,93,562,1,Loyal Customers,11,1,0.6833333333333333,High Risk
13331,2010-11-03 08:04:00,2010-11-03 08:04:00,1,262.4,54,12,21.866666666666664,402,0,1,Other,4,0,0.88,High Risk
13332,2011-11-25 13:30:00,2011-11-25 13:30:00,1,350.90000000000003,179,21,16.709523809523812,14,0,0,New / Potential,8,0,0.28,Low Risk
13333,2010-10-24 13:24:00,2010-02-19 09:26:00,3,1015.74,685,54,18.468,411,247,1,At Risk,7,0,0.5033333333333333,Medium Risk
13334,2011-09-18 15:21:00,2010-02-25 12:21:00,5,6201.8,3198,307,13.083966244725739,82,570,0,Loyal Customers,12,1,0.31666666666666665,Medium Risk
13336,2011-09-23 14:05:00,2011-09-23 14:05:00,1,795.12,559,51,15.590588235294117,77,0,0,Other,7,0,0.26,Low Risk
13337,2010-06-11 13:27:00,2010-06-11 13:27:00,1,1575.26,980,87,18.106436781609194,546,0,1,Other,6,0,0.55,Medium Risk
13338,2011-07-05 09:06:00,2010-01-05 12:25:00,4,2445.62,1151,113,19.10640625,158,545,1,High Value Customers,10,0,0.73,High Risk
13339,2011-05-23 08:31:00,2011-05-23 08:31:00,1,860.12,326,54,15.928148148148148,201,0,1,Other,6,0,0.69,High Risk
13340,2011-10-25 13:15:00,2010-02-22 14:54:00,12,22100.56,9636,190,102.79330232558141,45,609,0,Champions,14,1,0.06333333333333334,Low Risk
13341,2011-03-24 09:50:00,2011-03-24 09:50:00,1,775.85,301,42,18.472619047619048,261,0,1,Other,6,0,0.84,High Risk
13343,2011-06-15 12:24:00,2011-06-15 12:24:00,1,353.43,135,19,18.60157894736842,178,0,1,Other,6,0,0.8966666666666666,High Risk
13344,2011-10-03 09:45:00,2011-03-07 10:28:00,3,2511.69,952,115,21.6525,68,209,0,High Value Customers,10,1,0.7133333333333334,High Risk
13345,2011-02-25 09:01:00,2011-02-25 09:01:00,1,389.5,141,20,19.475,288,0,1,Other,5,0,0.8533333333333334,High Risk
13346,2010-09-03 11:41:00,2010-04-22 12:34:00,6,299.4,180,4,49.9,463,133,1,At Risk,7,0,0.8933333333333333,High Risk
13347,2011-09-30 13:28:00,2011-09-30 13:28:00,1,341.36,205,8,42.67,70,0,0,Other,6,0,0.32,Medium Risk
13348,2011-10-06 17:28:00,2011-10-06 17:28:00,1,233.76000000000002,136,14,16.697142857142858,64,0,0,Other,5,0,0.89,High Risk
13349,2011-11-29 08:07:00,2011-11-29 08:07:00,1,247.32,225,16,15.4575,11,0,0,New / Potential,7,0,0.21,Low Risk
13350,2011-11-23 16:33:00,2011-09-21 13:33:00,2,979.12,287,36,24.478,16,63,0,New / Potential,10,0,0.24333333333333335,Low Risk
13351,2011-10-04 12:55:00,2011-10-04 12:55:00,1,373.94,117,16,23.37125,66,0,0,Other,6,0,0.3433333333333333,Medium Risk
13352,2011-10-10 13:55:00,2011-10-10 13:55:00,1,397.98,321,24,16.5825,60,0,0,Other,6,0,0.28,Low Risk
13354,2011-09-29 13:17:00,2011-09-29 13:17:00,1,743.53,604,51,14.579019607843136,71,0,0,Other,7,0,0.22666666666666666,Low Risk
13355,2011-08-09 14:48:00,2011-08-09 14:48:00,1,674.7,314,32,21.084375,122,0,1,Other,7,0,0.81,High Risk
13356,2011-09-20 14:33:00,2011-09-20 14:33:00,1,768.24,325,42,18.291428571428572,80,0,0,Other,7,0,0.68,High Risk
13357,2011-03-27 13:56:00,2010-03-22 14:30:00,5,3805.51,2112,284,9.658654822335025,257,369,1,At Risk,11,1,0.7966666666666666,High Risk
13358,2011-03-16 11:52:00,2011-03-16 11:52:00,1,439.03000000000003,285,29,15.138965517241381,269,0,1,Other,5,0,0.8433333333333334,High Risk
13359,2011-10-07 09:30:00,2010-11-01 15:05:00,2,1043.31,381,52,18.630535714285713,64,339,0,Other,8,0,0.19666666666666666,Low Risk
13360,2010-10-04 12:37:00,2010-01-08 11:16:00,4,1553.65,942,58,23.540151515151518,432,269,1,At Risk,8,0,0.8633333333333333,High Risk
13361,2010-08-24 14:56:00,2010-04-01 07:49:00,2,1450.5,324,29,42.661764705882355,472,145,1,Other,7,0,0.6833333333333333,High Risk
13362,2011-11-30 14:41:00,2010-10-10 15:27:00,7,5394.07,2481,186,18.100906040268455,9,415,0,Champions,14,1,0.26,Low Risk
13363,2011-11-22 12:40:00,2010-10-26 11:07:00,3,1723.8600000000001,1146,78,16.90058823529412,18,392,0,High Value Customers,12,1,0.12,Low Risk
13364,2011-09-29 18:13:00,2011-09-29 18:13:00,1,134.96,71,10,13.496,71,0,0,Other,5,0,0.36,Medium Risk
13365,2011-11-06 12:36:00,2011-05-06 12:00:00,2,2225.37,1247,122,17.385703125,34,184,0,High Value Customers,10,1,0.45,Medium Risk
13366,2011-10-20 13:37:00,2011-10-20 13:37:00,1,56.16,144,1,56.16,50,0,0,New / Potential,6,0,0.3233333333333333,Medium Risk
13367,2010-10-04 10:00:00,2010-10-04 10:00:00,1,510.2,253,20,25.509999999999998,432,0,1,Other,4,0,0.8933333333333333,High Risk
13368,2011-03-28 09:59:00,2010-10-12 10:43:00,4,1121.5,606,45,21.567307692307693,257,166,1,At Risk,8,0,0.87,High Risk
13369,2010-12-09 11:30:00,2010-12-09 11:30:00,1,308.28000000000003,149,14,22.020000000000003,366,0,1,Other,5,0,0.89,High Risk
13370,2010-12-03 10:26:00,2010-12-03 10:26:00,1,754.87,343,39,19.355641025641027,372,0,1,Other,6,0,0.7666666666666667,High Risk
13371,2010-07-22 17:33:00,2010-03-17 15:29:00,2,2297.66,1019,75,24.9745652173913,505,127,1,Other,7,0,0.8633333333333333,High Risk
13372,2011-09-11 12:46:00,2011-09-11 12:46:00,1,378.64,159,23,16.46260869565217,90,0,0,Other,6,0,0.2866666666666667,Low Risk
13373,2011-10-10 10:51:00,2009-12-06 12:34:00,6,7587.1900000000005,4263,292,21.193268156424583,61,672,0,Loyal Customers,12,1,0.0033333333333333335,Low Risk
13374,2010-10-21 10:04:00,2010-09-16 10:29:00,2,422.8,135,17,24.870588235294118,415,34,1,Other,5,0,0.89,High Risk
13375,2011-09-12 10:19:00,2010-09-21 08:12:00,2,1792.23,1124,62,25.242676056338027,89,356,0,High Value Customers,9,0,0.19333333333333333,Low Risk
13376,2011-09-01 16:16:00,2011-04-19 13:03:00,3,1019.76,493,45,19.240754716981133,99,135,1,Other,9,0,0.6566666666666666,High Risk
13377,2010-11-08 12:20:00,2010-03-04 10:06:00,2,1552.88,748,71,19.90871794871795,397,249,1,Other,8,0,0.9233333333333333,High Risk
13379,2011-11-13 13:45:00,2011-07-26 12:26:00,3,572.56,601,85,5.902680412371134,26,110,0,Other,9,0,0.19333333333333333,Low Risk
13380,2010-10-03 10:18:00,2010-10-03 10:18:00,1,62.4,48,3,20.8,433,0,1,Other,3,0,0.9433333333333334,High Risk
13381,2011-11-08 11:58:00,2009-12-01 15:19:00,12,8224.37,5125,154,23.102162921348317,32,706,0,Champions,14,1,0.0,Low Risk
13382,2011-03-04 10:03:00,2009-12-08 09:56:00,5,1387.58,863,74,16.134651162790696,281,451,1,At Risk,10,0,0.86,High Risk
13383,2010-06-14 11:45:00,2010-06-14 11:45:00,1,305.28000000000003,288,1,305.28000000000003,544,0,1,Other,4,0,0.6897755082989016,High Risk
13384,2011-11-09 11:04:00,2010-07-27 12:22:00,11,6680.83,4142,192,25.30617424242424,31,469,0,Champions,14,1,0.07,Low Risk
13385,2011-01-14 09:52:00,2011-01-14 09:52:00,1,534.57,281,35,15.273428571428573,330,0,1,Other,5,0,0.9066666666666666,High Risk
13386,2010-10-21 12:52:00,2010-09-28 13:09:00,2,835.46,514,24,26.950322580645164,414,22,1,Other,6,0,0.8566666666666667,High Risk
13387,2010-10-18 14:07:00,2010-10-18 14:07:00,1,186.94,123,71,2.632957746478873,417,0,1,Other,3,0,0.8233333333333334,High Risk
13388,2011-07-31 12:52:00,2010-04-15 10:18:00,3,1185.65,701,68,17.183333333333334,131,472,1,Other,9,0,0.85,High Risk
13389,2011-11-28 14:01:00,2011-04-21 12:12:00,3,797.96,429,50,15.646274509803922,11,221,0,Other,11,1,0.31,Medium Risk
13390,2011-09-26 08:38:00,2011-09-26 08:38:00,1,544.08,224,13,41.8523076923077,75,0,0,Other,6,0,0.8433333333333334,High Risk
13391,2011-05-20 10:50:00,2011-05-20 10:50:00,1,59.8,4,1,59.8,204,0,1,Other,4,0,0.9966666666666667,High Risk
13392,2010-01-31 13:34:00,2010-01-31 13:34:00,1,91.14,82,8,11.3925,677,0,1,Other,3,0,0.9533333333333334,High Risk
13393,2010-05-05 09:34:00,2009-12-07 18:12:00,4,1131.45,662,53,16.397826086956524,584,148,1,At Risk,7,0,0.87,High Risk
13394,2011-12-08 11:36:00,2009-12-01 11:58:00,19,6621.7,5354,254,16.18997555012225,2,736,0,Champions,15,1,0.0,Low Risk
13395,2011-06-07 15:04:00,2010-10-14 13:00:00,3,1180.23,1660,77,14.57074074074074,185,236,1,Other,9,0,0.81,High Risk
13396,2011-11-10 16:59:00,2011-01-24 13:37:00,2,1360.99,600,42,31.65093023255814,29,290,0,High Value Customers,10,0,0.31,Medium Risk
13397,2011-09-28 10:56:00,2010-01-20 09:50:00,10,3191.87,1336,68,35.863707865168536,73,616,0,Loyal Customers,13,1,0.05,Low Risk
13398,2011-05-31 13:17:00,2010-09-17 09:34:00,2,670.34,341,37,17.18820512820513,192,256,1,Other,7,0,0.8833333333333333,High Risk
13399,2010-09-01 13:59:00,2010-07-08 17:47:00,3,275.4,120,10,18.36,464,54,1,At Risk,5,0,0.7866666666666666,High Risk
13400,2010-05-06 09:00:00,2010-05-06 09:00:00,1,310.83,284,23,13.514347826086956,583,0,1,Other,4,0,0.9066666666666666,High Risk
13402,2011-08-04 15:51:00,2010-05-24 10:56:00,4,1226.8500000000001,917,55,15.52974683544304,127,437,1,High Value Customers,10,0,0.8966666666666666,High Risk
13403,2011-11-22 08:28:00,2009-12-16 13:23:00,3,229.5,114,9,25.5,18,705,0,Other,9,0,0.013333333333333334,Low Risk
13404,2011-12-08 15:37:00,2011-05-11 11:57:00,2,252.49,111,11,22.953636363636363,1,211,0,New / Potential,8,1,0.16333333333333333,Low Risk
13405,2011-09-26 17:01:00,2009-12-15 14:13:00,6,1213.811,855,33,28.228162790697674,74,650,0,Loyal Customers,10,1,0.016666666666666666,Low Risk
13406,2010-10-08 14:44:00,2010-03-18 07:29:00,2,568.92,292,7,63.21333333333333,427,204,1,Other,5,0,0.9533333333333334,High Risk
13407,2010-05-10 12:41:00,2010-02-16 11:13:00,3,2244.7,1690,85,26.408235294117645,579,83,1,At Risk,8,0,0.7966666666666666,High Risk
13408,2011-12-08 09:05:00,2009-12-04 09:31:00,106,50174.782,28675,321,60.74428813559322,2,733,0,Champions,15,1,0.0,Low Risk
13410,2011-11-15 15:33:00,2009-12-08 13:43:00,9,2201.96,1244,25,44.0392,24,707,0,Champions,13,1,0.03,Low Risk
13411,2011-08-24 13:57:00,2011-08-24 13:57:00,1,213.55,72,17,11.863888888888889,107,0,1,Other,5,0,0.9633333333333334,High Risk
13412,2010-03-29 16:28:00,2010-03-29 16:28:00,1,487.35,176,33,14.333823529411765,620,0,1,Other,4,0,0.9366666666666666,High Risk
13413,2010-03-10 12:17:00,2010-01-21 17:43:00,6,429.44,455,38,9.986976744186046,640,47,1,At Risk,7,0,0.8733333333333333,High Risk
13414,2011-07-29 11:45:00,2010-04-15 17:00:00,6,2494.14,2702,48,45.348,134,469,1,Loyal Customers,11,1,0.8733333333333333,High Risk
13415,2010-08-24 11:38:00,2009-12-11 14:20:00,4,784.17,496,85,7.764059405940594,473,255,1,At Risk,7,0,0.94,High Risk
13416,2011-10-27 08:56:00,2009-12-03 13:02:00,3,940.8000000000001,208,16,36.184615384615384,44,692,0,Other,10,0,0.03,Low Risk
13417,2011-12-05 08:49:00,2010-02-08 12:39:00,6,1669.49,532,57,21.681688311688312,5,664,0,Champions,13,1,0.02,Low Risk
13418,2011-11-28 10:23:00,2009-12-11 12:51:00,31,11559.66,7354,328,21.526368715083798,12,716,0,Champions,15,1,0.0,Low Risk
13419,2011-10-07 12:49:00,2011-10-07 12:49:00,1,221.06,275,16,13.81625,64,0,0,Other,5,0,0.25,Low Risk
13420,2011-07-13 08:48:00,2011-06-22 11:35:00,2,159.85,101,8,19.98125,150,20,1,Other,6,0,0.8933333333333333,High Risk
13421,2011-10-30 14:21:00,2010-02-14 14:45:00,8,4058.75,2351,174,15.316037735849056,40,622,0,Champions,13,1,0.01,Low Risk
13422,2011-10-06 13:42:00,2011-10-06 13:42:00,1,2626.3,1326,127,20.67952755905512,64,0,0,High Value Customers,8,0,0.26,Low Risk
13423,2010-10-07 09:02:00,2010-10-07 09:02:00,1,217.03,141,12,18.085833333333333,429,0,1,Other,3,0,0.93,High Risk
13424,2010-09-16 10:49:00,2010-09-16 10:49:00,1,572.77,529,40,14.31925,450,0,1,Other,4,0,0.42333333333333334,Medium Risk
13425,2011-08-23 17:13:00,2010-05-09 14:35:00,5,3390.4300000000003,2358,124,19.154971751412432,108,471,1,Loyal Customers,12,1,0.8266666666666667,High Risk
13426,2011-12-09 08:59:00,2009-12-09 15:16:00,22,8167.38,4868,162,23.811603498542276,1,729,0,Champions,15,1,0.0,Low Risk
13427,2011-11-20 13:02:00,2009-12-17 13:44:00,6,1006.53,880,35,19.356346153846154,19,702,0,Loyal Customers,12,1,0.03666666666666667,Low Risk
13428,2011-11-29 14:20:00,2010-07-13 13:20:00,3,478.54,356,122,3.46768115942029,10,504,0,Other,10,1,0.056666666666666664,Low Risk
13429,2011-11-29 09:10:00,2011-09-25 15:59:00,4,1006.8,1390,55,15.02686567164179,11,64,0,Other,11,1,0.13666666666666666,Low Risk
13430,2011-11-21 08:19:00,2011-09-14 14:26:00,2,679.45,751,48,13.866326530612247,19,67,0,New / Potential,10,0,0.17333333333333334,Low Risk
13431,2011-10-03 13:49:00,2010-02-18 11:53:00,8,3316.2400000000002,1570,113,25.707286821705427,67,592,0,Loyal Customers,12,1,0.15,Low Risk
13432,2010-05-17 13:18:00,2010-04-06 14:42:00,2,439.1,217,98,3.955855855855856,571,40,1,Other,5,0,0.8866666666666667,High Risk
13433,2010-07-26 16:55:00,2010-01-12 08:59:00,4,658.32,190,22,27.430000000000003,501,195,1,At Risk,7,0,0.89,High Risk
13434,2011-09-26 14:30:00,2010-02-22 09:54:00,5,1666.8600000000001,864,17,47.624571428571436,74,581,0,Loyal Customers,11,1,0.09,Low Risk
13435,2011-12-04 14:45:00,2010-07-27 16:56:00,9,4447.33,2754,96,29.84785234899329,5,494,0,Champions,15,1,0.34,Medium Risk
13436,2011-12-08 10:33:00,2011-12-08 10:33:00,1,196.89,76,12,16.4075,2,0,0,New / Potential,7,0,0.3566666666666667,Medium Risk
13437,2011-11-25 14:00:00,2011-06-02 14:30:00,7,3408.06,1283,143,20.40754491017964,14,175,0,Champions,14,1,0.10666666666666667,Low Risk
13438,2010-06-10 18:46:00,2010-06-10 18:46:00,1,46.5,10,1,46.5,547,0,1,Other,3,0,0.98,High Risk
13439,2011-03-29 14:20:00,2010-07-01 14:36:00,3,986.61,952,132,5.907844311377246,255,270,1,At Risk,8,0,0.85,High Risk
13440,2010-10-12 13:11:00,2010-09-14 10:34:00,7,1295.25,573,49,21.953389830508474,423,28,1,At Risk,9,0,0.29,Low Risk
13441,2011-09-09 09:38:00,2010-10-04 10:38:00,2,720.9,520,33,18.971052631578946,92,339,1,Other,8,0,0.7733333333333333,High Risk
13442,2010-02-10 14:03:00,2009-12-01 14:59:00,3,419.87,115,33,11.04921052631579,667,70,1,At Risk,6,0,0.8866666666666667,High Risk
13443,2010-09-17 12:31:00,2010-01-31 13:30:00,6,1273.16,805,176,6.3658,449,228,1,At Risk,9,0,0.7666666666666667,High Risk
13444,2010-11-30 13:02:00,2010-07-21 14:34:00,2,619.08,331,51,10.861052631578948,374,131,1,Other,7,0,0.92,High Risk
13445,2010-03-23 15:34:00,2010-03-23 15:34:00,1,241.89999999999998,198,7,34.55714285714286,626,0,1,Other,3,0,0.89,High Risk
13446,2010-10-05 18:51:00,2010-02-14 11:52:00,11,3881.89,2403,113,20.218177083333334,430,233,1,At Risk,11,1,0.6766666666666666,High Risk
13447,2011-11-16 13:38:00,2011-11-04 10:10:00,3,1129.14,584,55,19.137966101694918,23,12,0,Other,10,1,0.1,Low Risk
13448,2011-11-23 12:33:00,2009-12-06 12:14:00,13,8745.93,4195,321,16.408874296435272,17,717,0,Champions,15,1,0.01,Low Risk
13449,2011-11-16 08:28:00,2011-11-16 08:28:00,1,291.88,222,19,15.362105263157895,24,0,0,New / Potential,7,0,0.29333333333333333,Low Risk
13450,2011-11-13 11:54:00,2010-04-15 19:15:00,13,4120.04,4318,57,28.027482993197278,27,576,0,Champions,14,1,0.06,Low Risk
13451,2011-11-13 15:58:00,2010-03-21 16:13:00,11,7090.06,5229,561,6.937436399217222,26,601,0,Champions,14,1,0.06,Low Risk
13452,2011-03-25 14:19:00,2010-08-24 09:53:00,3,729.8,6,2,243.26666666666665,259,213,1,At Risk,8,0,0.88,High Risk
13453,2011-06-27 09:34:00,2010-11-02 13:23:00,3,781.69,341,33,19.542250000000003,166,236,1,Other,9,0,0.8333333333333334,High Risk
13454,2010-03-08 14:40:00,2010-03-08 14:40:00,1,219.87,198,23,9.559565217391304,641,0,1,Other,3,0,0.64,High Risk
13455,2011-11-15 11:21:00,2009-12-09 08:58:00,6,2212.9900000000002,795,79,19.412192982456144,25,706,0,Champions,12,1,0.013333333333333334,Low Risk
13456,2011-11-22 09:18:00,2011-05-16 15:34:00,6,1766.72,765,43,28.043174603174602,18,189,0,Champions,13,1,0.20666666666666667,Low Risk
13457,2010-01-20 08:48:00,2009-12-02 12:46:00,2,148.22,96,9,16.468888888888888,689,48,1,Other,4,0,0.8466666666666667,High Risk
13458,2011-12-02 15:29:00,2010-11-16 14:01:00,16,11959.27,6760,290,24.658288659793815,7,381,0,Champions,15,1,0.12666666666666668,Low Risk
13459,2010-03-25 10:24:00,2010-01-26 13:35:00,2,1160.41,986,57,15.896027397260275,625,57,1,Other,6,0,0.8166666666666667,High Risk
13460,2011-11-10 17:17:00,2011-10-21 09:50:00,2,183.44,286,16,10.790588235294118,29,20,0,New / Potential,7,0,0.2,Low Risk
13461,2011-11-01 09:01:00,2010-04-21 16:01:00,6,4160.0,3132,30,67.09677419354838,39,558,0,Champions,13,1,0.15333333333333332,Low Risk
13462,2011-04-01 11:20:00,2009-12-14 09:48:00,5,1153.8500000000001,697,64,16.251408450704226,253,473,1,At Risk,9,0,0.89,High Risk
13464,2011-10-12 15:01:00,2010-03-31 15:22:00,6,3097.64,1440,128,20.514172185430464,58,559,0,Champions,13,1,0.21666666666666667,Low Risk
13465,2010-09-19 15:13:00,2010-05-02 15:30:00,2,931.12,584,34,27.385882352941177,446,139,1,Other,6,0,0.9766666666666667,High Risk
13466,2011-06-08 16:39:00,2010-03-21 13:50:00,5,1013.35,660,49,18.424545454545456,184,444,1,Loyal Customers,10,0,0.8866666666666667,High Risk
13467,2011-11-29 10:01:00,2011-11-03 16:56:00,2,1071.91,580,89,10.937857142857144,11,25,0,New / Potential,10,1,0.24666666666666667,Low Risk
13468,2011-12-08 10:39:00,2009-12-03 13:32:00,72,12793.28,5617,290,18.4607215007215,2,734,0,Champions,15,1,0.0,Low Risk
13469,2010-02-24 15:03:00,2010-02-24 15:03:00,1,82.4,52,6,13.733333333333334,653,0,1,Other,3,0,0.9266666666666666,High Risk
13470,2011-09-01 14:57:00,2011-08-16 17:06:00,2,165.0,100,7,16.5,99,15,1,Other,6,0,0.9266666666666666,High Risk
13471,2011-12-08 15:44:00,2011-10-23 13:10:00,4,2501.84,1583,214,9.84976377952756,1,46,0,High Value Customers,12,1,0.24333333333333335,Low Risk
13472,2010-09-02 09:41:00,2010-06-02 09:48:00,2,592.24,310,24,21.15142857142857,464,91,1,Other,5,0,0.8466666666666667,High Risk
13473,2011-10-10 11:20:00,2009-12-15 19:02:00,8,2657.76,1000,65,37.968,61,663,0,Loyal Customers,11,1,0.02666666666666667,Low Risk
13474,2011-04-17 13:53:00,2010-08-01 14:40:00,3,646.59,318,116,5.131666666666667,236,258,1,At Risk,8,0,0.63,High Risk
13475,2011-06-01 13:52:00,2011-02-14 12:36:00,4,1431.78,1012,64,16.648604651162792,191,107,1,At Risk,9,0,0.7733333333333333,High Risk
13476,2011-06-14 12:00:00,2010-03-05 09:39:00,5,2061.4700000000003,713,86,19.447830188679248,179,466,1,Loyal Customers,11,1,0.66,High Risk
13477,2011-11-02 12:04:00,2010-01-25 11:52:00,11,2819.17,2091,112,17.956496815286624,38,646,0,Champions,13,1,0.01,Low Risk
13478,2010-08-27 13:23:00,2010-01-31 15:51:00,5,2215.78,1189,114,17.72624,469,207,1,At Risk,9,0,0.76,High Risk
13479,2011-05-23 10:45:00,2010-08-19 16:18:00,4,851.37,716,45,16.063584905660377,201,276,1,At Risk,8,0,0.72,High Risk
13480,2010-10-19 11:53:00,2010-01-29 12:35:00,2,627.82,362,40,15.31268292682927,417,262,1,Other,6,0,0.86,High Risk
13481,2011-10-25 09:07:00,2009-12-04 12:37:00,11,3830.84,2055,162,17.101964285714285,46,689,0,Champions,14,1,0.0,Low Risk
13482,2011-04-21 17:03:00,2010-03-22 10:31:00,2,336.09,187,20,16.804499999999997,232,395,1,Other,6,0,0.33,Medium Risk
13483,2011-10-05 11:53:00,2011-10-05 11:53:00,1,140.34,160,10,14.034,66,0,0,Other,5,0,0.2733333333333333,Low Risk
13484,2011-04-12 16:30:00,2010-03-10 11:46:00,3,790.72,224,38,20.274871794871796,241,398,1,At Risk,8,0,0.6066666666666667,High Risk
13485,2011-04-20 13:58:00,2009-12-03 13:46:00,11,3019.2200000000003,1798,131,19.108987341772153,233,503,1,At Risk,12,1,0.17333333333333334,Low Risk
13486,2011-09-22 13:13:00,2011-07-07 17:19:00,3,1122.41,669,69,16.2668115942029,78,76,0,Other,9,0,0.17,Low Risk
13487,2011-10-13 12:07:00,2009-12-05 10:25:00,5,846.87,362,31,17.283061224489796,58,677,0,Loyal Customers,11,1,0.02666666666666667,Low Risk
13488,2011-11-22 14:41:00,2010-01-25 10:13:00,23,14205.960000000001,7375,370,20.921885125184097,17,666,0,Champions,15,1,0.0,Low Risk
13489,2011-08-26 13:16:00,2011-02-18 10:42:00,4,449.52,560,11,32.10857142857143,105,189,1,Other,8,0,0.8933333333333333,High Risk
13490,2010-02-23 14:48:00,2010-02-23 14:48:00,1,154.25,25,8,19.28125,654,0,1,Other,3,0,0.9866666666666667,High Risk
13491,2011-10-19 08:32:00,2009-12-07 08:24:00,27,4467.66,2349,144,17.117471264367815,52,681,0,Champions,14,1,0.0,Low Risk
13492,2011-07-26 14:25:00,2011-05-09 10:06:00,3,1269.84,408,38,25.3968,136,78,1,High Value Customers,10,0,0.74,High Risk
13493,2011-03-09 15:35:00,2011-02-25 16:42:00,2,618.63,380,6,77.32875,275,11,1,Other,7,0,0.57,Medium Risk
13494,2011-02-01 11:58:00,2011-02-01 11:58:00,1,316.26000000000005,162,18,17.570000000000004,312,0,1,Other,5,0,0.9533333333333334,High Risk
13495,2011-12-02 11:21:00,2009-12-07 12:12:00,10,4863.31,2465,59,36.566240601503765,8,724,0,Champions,15,1,0.0033333333333333335,Low Risk
13496,2011-11-29 10:58:00,2010-12-15 10:17:00,2,653.33,341,28,18.66657142857143,11,349,0,New / Potential,10,0,0.18,Low Risk
13497,2011-03-02 09:04:00,2010-02-08 10:27:00,6,1166.8300000000002,525,52,20.117758620689656,283,386,1,At Risk,9,0,0.8766666666666667,High Risk
13498,2009-12-09 15:26:00,2009-12-09 15:26:00,1,327.38,362,17,19.25764705882353,730,0,1,Other,4,0,0.8766666666666667,High Risk
13499,2011-11-22 11:21:00,2011-03-15 08:52:00,5,1159.1100000000001,1365,31,27.597857142857144,18,252,0,Loyal Customers,12,1,0.21666666666666667,Low Risk
13500,2011-11-16 15:35:00,2010-11-03 13:16:00,4,1466.3,838,77,17.250588235294117,23,378,0,High Value Customers,11,1,0.43666666666666665,Medium Risk
13501,2011-02-24 18:59:00,2010-05-18 13:24:00,3,2885.11,1253,90,25.30798245614035,288,282,1,At Risk,9,0,0.86,High Risk
13502,2011-11-23 10:39:00,2010-06-09 10:52:00,5,780.5,490,28,23.651515151515152,17,531,0,Loyal Customers,12,1,0.13333333333333333,Low Risk
13503,2011-09-29 13:23:00,2010-02-16 13:49:00,6,1859.24,1105,158,9.837248677248677,71,589,0,Loyal Customers,11,1,0.1,Low Risk
13504,2011-10-06 13:20:00,2011-10-06 13:20:00,1,295.93,178,22,13.451363636363636,64,0,0,Other,6,0,0.25666666666666665,Low Risk
13505,2011-09-28 11:56:00,2011-04-21 12:07:00,4,4393.63,2486,182,20.435488372093022,73,159,0,High Value Customers,11,1,0.09,Low Risk
13506,2011-01-27 13:53:00,2010-09-05 12:33:00,5,1338.08,942,55,16.519506172839506,316,144,1,At Risk,10,0,0.78,High Risk
13507,2011-12-06 13:13:00,2011-07-17 11:50:00,4,2479.16,1597,146,15.303456790123455,3,142,0,High Value Customers,12,1,0.12333333333333334,Low Risk
13508,2011-04-10 11:58:00,2010-03-07 11:58:00,2,287.05,180,27,10.251785714285715,244,399,1,Other,6,0,0.8466666666666667,High Risk
13509,2011-12-01 10:10:00,2010-07-20 12:10:00,8,1114.72,1214,27,22.749387755102042,9,498,0,Loyal Customers,12,1,0.5466666666666666,Medium Risk
13510,2011-12-08 13:46:00,2009-12-21 11:53:00,11,4558.29,3044,176,15.772629757785467,1,717,0,Champions,15,1,0.006666666666666667,Low Risk
13511,2010-02-01 12:10:00,2010-02-01 12:10:00,1,282.76,60,5,56.552,677,0,1,Other,3,0,0.8933333333333333,High Risk
13512,2011-03-24 10:03:00,2010-05-05 13:22:00,4,713.39,419,31,18.292051282051283,261,322,1,At Risk,8,0,0.9033333333333333,High Risk
13513,2011-08-05 11:50:00,2010-02-22 16:36:00,3,824.59,364,32,20.61475,127,528,1,Other,9,0,0.6866666666666666,High Risk
13514,2011-09-27 09:39:00,2010-01-26 15:11:00,4,815.9000000000001,288,15,38.852380952380955,74,608,0,Other,9,0,0.06666666666666667,Low Risk
13515,2011-09-28 11:26:00,2010-03-05 11:58:00,6,1265.82,819,64,16.655526315789473,73,571,0,Loyal Customers,11,1,0.03333333333333333,Low Risk
13516,2011-11-18 13:15:00,2010-10-18 08:52:00,4,1685.26,1114,55,27.6272131147541,21,396,0,High Value Customers,11,1,0.15333333333333332,Low Risk
13517,2011-10-11 11:43:00,2011-06-13 08:44:00,3,2128.42,1369,125,15.09517730496454,60,120,0,High Value Customers,10,1,0.17,Low Risk
13518,2011-09-15 10:29:00,2011-09-15 10:29:00,1,627.16,382,36,17.42111111111111,86,0,0,Other,7,0,0.7033333333333334,High Risk
13519,2011-09-22 18:24:00,2010-09-23 11:45:00,2,343.21,133,19,18.063684210526315,78,364,0,Other,7,0,0.17333333333333334,Low Risk
13520,2011-10-12 10:20:00,2009-12-17 11:11:00,11,6606.0,3179,81,33.19597989949749,59,663,0,Champions,14,1,0.0033333333333333335,Low Risk
13521,2011-12-08 13:50:00,2011-11-29 15:09:00,3,1071.73,718,313,2.5639473684210525,1,8,0,Other,11,1,0.14333333333333334,Low Risk
13522,2011-11-09 15:11:00,2011-11-09 15:11:00,1,125.80000000000001,44,5,25.160000000000004,30,0,0,New / Potential,6,0,0.34,Medium Risk
13523,2011-11-06 15:11:00,2010-11-02 14:55:00,6,4534.57,1989,177,22.56004975124378,33,369,0,Champions,13,1,0.17,Low Risk
13524,2011-10-30 12:34:00,2011-05-04 12:26:00,5,680.1800000000001,324,17,25.191851851851855,41,179,0,Loyal Customers,11,1,0.24666666666666667,Low Risk
13525,2011-11-25 12:01:00,2011-04-05 15:36:00,2,628.78,394,5,104.79666666666667,15,233,0,New / Potential,10,0,0.28,Low Risk
13526,2009-12-01 13:13:00,2009-12-01 12:56:00,2,1182.0,1911,29,26.863636363636363,738,0,1,Other,6,0,0.8866666666666667,High Risk
13527,2011-11-06 12:04:00,2010-01-21 12:37:00,12,4541.29,2736,266,10.251218961625282,34,653,0,Champions,14,1,0.0,Low Risk
13529,2011-09-22 09:15:00,2011-05-19 11:50:00,2,307.76,74,15,20.517333333333333,79,125,0,Other,7,0,0.7066666666666667,High Risk
13530,2010-03-15 14:10:00,2010-03-15 14:10:00,1,402.98,272,18,22.387777777777778,634,0,1,Other,4,0,0.9433333333333334,High Risk
13531,2011-05-18 16:56:00,2009-12-03 15:20:00,6,1433.07,497,44,19.107599999999998,205,531,1,At Risk,10,0,0.3333333333333333,Medium Risk
13532,2011-11-06 12:25:00,2011-11-06 12:25:00,1,210.31,129,66,3.1865151515151515,34,0,0,New / Potential,6,0,0.31333333333333335,Medium Risk
13533,2011-06-10 11:54:00,2011-03-17 12:47:00,3,269.09,202,61,3.5878666666666663,183,84,1,Other,7,0,0.69,High Risk
13534,2011-12-07 14:52:00,2010-07-07 15:00:00,35,7720.900000000001,3869,163,19.696173469387755,2,517,0,Champions,15,1,0.04666666666666667,Low Risk
13535,2010-11-02 11:49:00,2010-11-02 11:49:00,1,89.5,10,1,89.5,403,0,1,Other,4,0,0.9933333333333333,High Risk
13536,2011-12-08 16:38:00,2011-09-25 13:30:00,7,3444.39,2126,91,19.35050561797753,1,74,0,Champions,14,1,0.09666666666666666,Low Risk
13537,2010-10-10 12:45:00,2010-09-14 10:41:00,2,717.85,337,38,17.09166666666667,426,26,1,Other,6,0,0.8366666666666667,High Risk
13538,2011-10-27 16:34:00,2010-02-02 12:47:00,12,3103.13,959,105,21.853028169014085,43,632,0,Champions,14,1,0.0033333333333333335,Low Risk
13539,2011-09-15 10:18:00,2010-04-28 12:04:00,7,1569.36,710,69,18.248372093023253,86,504,0,Loyal Customers,11,1,0.5233333333333333,Medium Risk
13540,2010-08-29 14:20:00,2010-02-22 09:22:00,3,632.39,189,26,19.7621875,467,188,1,At Risk,7,0,0.7266666666666667,High Risk
13541,2010-10-08 16:37:00,2010-05-18 16:15:00,2,785.25,279,10,78.525,427,143,1,Other,6,0,0.97,High Risk
13542,2010-11-28 11:24:00,2009-12-10 19:53:00,17,3959.4900000000002,804,98,11.962205438066466,377,352,1,At Risk,12,1,0.83,High Risk
13543,2010-03-15 13:34:00,2010-01-21 14:30:00,2,1439.61,329,37,30.63,634,52,1,Other,7,0,0.5066666666666667,Medium Risk
13544,2011-10-31 11:57:00,2010-03-05 11:31:00,6,790.2,331,219,3.320168067226891,40,605,0,Loyal Customers,11,1,0.09333333333333334,Low Risk
13545,2010-11-14 11:27:00,2010-06-13 11:49:00,2,364.93,252,54,6.757962962962963,391,153,1,Other,6,0,0.9266666666666666,High Risk
13546,2011-11-27 14:50:00,2010-10-11 17:23:00,5,1086.24,587,95,7.146315789473684,12,411,0,Loyal Customers,12,1,0.17,Low Risk
13547,2010-10-27 14:14:00,2010-10-27 14:14:00,1,167.08,79,44,3.7972727272727274,408,0,1,Other,4,0,0.71,High Risk
13548,2011-09-04 14:50:00,2010-08-25 13:44:00,3,901.44,558,169,4.899130434782609,96,375,1,Other,9,0,0.73,High Risk
13549,2011-11-14 09:20:00,2010-11-17 12:17:00,8,1005.8000000000001,554,44,17.047457627118646,26,361,0,Loyal Customers,11,1,0.17666666666666667,Low Risk
13550,2010-11-21 15:24:00,2010-11-21 15:24:00,1,342.55,430,40,8.155952380952382,383,0,1,Other,5,0,0.8333333333333334,High Risk
13551,2011-01-24 14:46:00,2010-02-11 15:01:00,2,244.2,36,5,48.839999999999996,319,346,1,Other,5,0,0.8966666666666666,High Risk
13552,2011-10-04 15:19:00,2010-02-19 13:28:00,22,6948.92,2630,162,33.56966183574879,66,592,0,Loyal Customers,13,1,0.09333333333333334,Low Risk
13553,2010-02-03 12:21:00,2010-02-03 12:21:00,1,499.6,201,85,5.613483146067416,675,0,1,Other,4,0,0.8166666666666667,High Risk
13554,2010-11-24 15:05:00,2010-09-19 12:39:00,7,1629.35,578,156,8.313010204081632,380,66,1,At Risk,10,0,0.7566666666666667,High Risk
13555,2011-09-27 12:36:00,2010-01-19 13:20:00,13,8891.84,4762,264,22.39758186397985,74,615,0,Loyal Customers,13,1,0.07,Low Risk
13556,2010-10-06 16:44:00,2010-09-30 09:01:00,2,200.82,134,8,22.313333333333333,429,6,1,Other,4,0,0.8866666666666667,High Risk
13557,2011-11-11 15:24:00,2009-12-08 17:41:00,13,3032.26,2398,126,16.84588888888889,28,702,0,Champions,14,1,0.0,Low Risk
13558,2011-12-04 11:24:00,2011-10-02 13:01:00,4,594.52,338,123,3.517869822485207,6,62,0,Other,10,1,0.20666666666666667,Low Risk
13559,2010-07-15 09:52:00,2010-06-14 11:52:00,2,990.0,360,1,495.0,513,30,1,Other,6,0,0.9133333333333333,High Risk
13560,2011-12-02 13:11:00,2011-12-02 13:11:00,1,171.42000000000002,63,32,5.3568750000000005,7,0,0,New / Potential,7,0,0.5,Medium Risk
13561,2011-05-08 12:39:00,2010-02-28 13:42:00,11,1803.4,1125,131,7.875109170305677,216,433,1,At Risk,11,1,0.6833333333333333,High Risk
13562,2011-09-19 10:51:00,2010-01-14 16:33:00,8,4838.18,1603,88,24.684591836734697,82,612,0,Loyal Customers,12,1,0.03333333333333333,Low Risk
13563,2011-09-16 14:45:00,2011-07-22 17:21:00,2,777.53,209,49,15.867959183673468,84,55,0,Other,8,0,0.20333333333333334,Low Risk
13564,2011-07-18 14:33:00,2009-12-02 11:55:00,37,16498.97,8878,484,13.749141666666668,144,593,1,Loyal Customers,13,1,0.7433333333333333,High Risk
13565,2011-11-20 14:33:00,2010-10-24 15:51:00,3,414.8,260,45,6.913333333333333,19,391,0,Other,10,0,0.12666666666666668,Low Risk
13566,2011-10-30 11:59:00,2010-03-10 12:22:00,5,1688.6,1257,263,4.613661202185792,41,598,0,Champions,12,1,0.05333333333333334,Low Risk
13567,2010-10-07 12:51:00,2010-06-16 12:48:00,4,1079.29,643,180,5.369601990049751,428,113,1,At Risk,7,0,0.6166666666666667,High Risk
13568,2011-06-19 14:42:00,2011-06-19 14:42:00,1,187.05,66,41,4.3500000000000005,173,0,1,Other,5,0,0.9633333333333334,High Risk
13569,2011-11-22 13:07:00,2010-10-07 13:05:00,4,726.54,345,140,4.058882681564246,17,411,0,Other,11,1,0.05333333333333334,Low Risk
13570,2011-04-10 13:36:00,2011-04-10 13:36:00,1,239.49,161,27,8.870000000000001,243,0,1,Other,4,0,0.7233333333333334,High Risk
13571,2011-11-27 10:47:00,2009-12-08 13:02:00,26,4537.26,3191,263,6.74184249628529,13,718,0,Champions,15,1,0.0,Low Risk
13572,2011-05-18 11:59:00,2011-05-18 11:59:00,1,1384.25,534,32,41.946969696969695,206,0,1,Other,7,0,0.92,High Risk
13573,2011-10-20 14:33:00,2010-03-12 16:06:00,6,904.52,647,73,10.396781609195402,50,586,0,Loyal Customers,11,1,0.08666666666666667,Low Risk
13574,2010-10-24 13:28:00,2010-10-24 13:28:00,1,404.45,304,84,4.444505494505495,411,0,1,Other,4,0,0.8533333333333334,High Risk
13575,2011-11-16 13:14:00,2011-06-16 14:24:00,5,732.07,449,41,15.914565217391305,23,152,0,Loyal Customers,11,1,0.6466666666666666,High Risk
13576,2011-11-29 15:34:00,2009-12-08 15:12:00,28,11202.59,4506,145,41.80070895522388,10,721,0,Champions,15,1,0.0033333333333333335,Low Risk
13577,2011-11-14 15:19:00,2009-12-14 16:10:00,11,3489.28,1661,102,20.76952380952381,25,699,0,Champions,14,1,0.006666666666666667,Low Risk
13578,2010-10-26 13:44:00,2010-10-26 13:44:00,1,147.66,127,9,16.406666666666666,409,0,1,Other,4,0,0.9133333333333333,High Risk
13579,2011-11-25 08:41:00,2010-02-18 13:53:00,5,1374.3400000000001,718,72,16.967160493827162,15,644,0,Champions,13,1,0.07666666666666666,Low Risk
13580,2010-10-29 15:01:00,2010-10-29 15:01:00,1,107.75,45,5,21.55,406,0,1,Other,4,0,0.82,High Risk
13581,2011-02-03 14:41:00,2010-10-21 16:30:00,2,280.53000000000003,119,32,8.500909090909092,309,104,1,Other,5,0,0.9266666666666666,High Risk
13582,2010-11-15 11:34:00,2010-04-01 11:38:00,2,241.68,106,10,21.970909090909092,390,227,1,Other,5,0,0.4766666666666667,Medium Risk
13583,2011-07-07 10:40:00,2010-01-29 13:53:00,2,1445.031,1097,93,15.052406249999999,156,523,1,High Value Customers,9,0,0.73,High Risk
13584,2011-02-06 12:49:00,2010-02-02 08:40:00,3,385.7,360,74,4.82125,307,369,1,At Risk,7,0,0.22,Low Risk
13585,2010-06-27 12:33:00,2009-12-01 14:56:00,3,684.54,1386,29,17.552307692307693,531,207,1,At Risk,7,0,0.87,High Risk
13586,2010-06-16 13:47:00,2010-06-16 13:47:00,1,127.28,38,20,6.364,541,0,1,Other,3,0,0.95,High Risk
13587,2011-10-07 12:31:00,2010-02-14 13:17:00,4,1673.5,664,27,55.78333333333333,64,599,0,High Value Customers,10,1,0.11666666666666667,Low Risk
13588,2011-11-24 10:42:00,2011-03-29 15:53:00,9,2478.95,2606,131,14.246839080459768,16,239,0,Champions,14,1,0.13,Low Risk
13589,2011-11-25 12:10:00,2009-12-06 10:26:00,6,1120.74,293,48,21.552692307692308,15,719,0,Loyal Customers,12,1,0.023333333333333334,Low Risk
13590,2011-11-28 12:54:00,2009-12-01 13:37:00,18,6336.04,5271,255,15.606009852216749,11,726,0,Champions,15,1,0.006666666666666667,Low Risk
13591,2011-10-06 12:26:00,2009-12-14 15:44:00,7,2093.94,850,89,20.732079207920794,65,660,0,Loyal Customers,11,1,0.016666666666666666,Low Risk
13592,2011-11-04 09:49:00,2011-03-20 14:01:00,4,247.95999999999998,84,15,15.497499999999999,36,228,0,Other,8,0,0.6766666666666666,High Risk
13593,2011-08-23 13:35:00,2010-03-02 16:36:00,14,5493.29,2170,212,13.463946078431372,108,538,1,Loyal Customers,13,1,0.8233333333333334,High Risk
13594,2011-10-18 10:19:00,2010-08-11 10:23:00,2,533.32,396,31,16.161212121212124,53,432,0,New / Potential,8,0,0.16666666666666666,Low Risk
13595,2010-07-11 12:36:00,2010-03-03 14:42:00,3,784.48,341,114,5.485874125874126,517,129,1,At Risk,7,0,0.85,High Risk
13596,2011-12-04 12:01:00,2011-11-27 11:57:00,2,664.11,384,133,4.548698630136986,6,7,0,New / Potential,10,1,0.3233333333333333,Medium Risk
13597,2010-11-04 14:54:00,2010-11-02 09:30:00,2,396.71,231,17,23.335882352941177,400,2,1,Other,6,0,0.91,High Risk
13598,2011-10-23 14:28:00,2010-02-26 11:22:00,5,761.96,393,78,8.28217391304348,47,604,0,Loyal Customers,11,1,0.11,Low Risk
13599,2011-12-08 16:10:00,2009-12-01 12:30:00,33,9811.04,6248,235,25.028163265306123,1,737,0,Champions,15,1,0.0033333333333333335,Low Risk
13600,2011-01-31 15:27:00,2010-03-15 17:16:00,2,518.42,599,35,12.644390243902437,312,321,1,Other,6,0,0.85,High Risk
13601,2011-10-25 17:31:00,2010-06-11 15:03:00,4,1159.99,957,160,6.270216216216216,45,501,0,Other,10,1,0.15333333333333332,Low Risk
13602,2011-10-06 11:47:00,2010-05-28 11:49:00,4,1025.17,538,49,17.67534482758621,65,495,0,Other,9,0,0.10333333333333333,Low Risk
13603,2011-11-13 15:57:00,2011-11-13 15:57:00,1,164.34,164,27,6.086666666666667,26,0,0,New / Potential,6,0,0.30666666666666664,Medium Risk
13604,2010-02-19 12:02:00,2010-02-19 12:02:00,1,717.62,242,21,34.172380952380955,659,0,1,Other,5,0,0.8833333333333333,High Risk
13605,2010-11-17 17:16:00,2010-05-17 15:46:00,2,522.67,425,50,9.861698113207547,387,184,1,Other,6,0,0.9066666666666666,High Risk
13606,2011-11-10 17:46:00,2011-02-01 11:42:00,3,276.75,276,40,6.91875,29,282,0,Other,8,0,0.72,High Risk
13607,2011-10-30 16:17:00,2010-11-02 11:48:00,2,1075.81,466,110,8.89099173553719,40,362,0,New / Potential,9,0,0.13333333333333333,Low Risk
13608,2010-06-17 12:28:00,2010-06-17 12:28:00,1,232.05,110,31,6.825,541,0,1,Other,3,0,0.98,High Risk
13609,2010-04-25 13:26:00,2010-04-25 13:26:00,1,167.35,19,7,23.907142857142855,593,0,1,Other,3,0,0.99,High Risk
13610,2011-11-27 15:38:00,2010-01-05 14:12:00,14,2103.71,869,309,5.272456140350878,12,691,0,Champions,14,1,0.04666666666666667,Low Risk
13611,2011-09-11 14:51:00,2009-12-03 07:57:00,10,3297.9300000000003,1988,170,14.592610619469028,89,647,0,Loyal Customers,13,1,0.006666666666666667,Low Risk
13612,2010-03-17 12:14:00,2010-03-17 12:14:00,1,818.29,444,50,16.3658,633,0,1,Other,5,0,0.8933333333333333,High Risk
13613,2010-09-13 12:01:00,2010-02-17 12:40:00,5,1039.8500000000001,445,50,17.62457627118644,453,207,1,At Risk,8,0,0.8633333333333333,High Risk
13614,2011-11-15 14:47:00,2010-06-06 13:42:00,6,2332.74,821,227,8.836136363636363,24,527,0,Champions,12,1,0.13666666666666666,Low Risk
13615,2011-01-25 08:21:00,2010-01-28 15:43:00,8,6272.53,2910,259,17.091362397820163,319,361,1,At Risk,11,1,0.72,High Risk
13616,2010-05-20 12:59:00,2010-01-17 14:56:00,2,283.85,172,31,8.110000000000001,568,122,1,Other,4,0,0.9,High Risk
13617,2011-10-30 13:50:00,2010-08-01 15:23:00,8,1278.75,593,48,11.950934579439252,40,454,0,Champions,12,1,0.21,Low Risk
13618,2011-06-19 11:09:00,2011-06-19 11:09:00,1,177.34,246,13,13.641538461538461,174,0,1,Other,5,0,0.84,High Risk
13619,2010-06-13 11:39:00,2010-02-03 14:16:00,2,224.94,79,39,4.998666666666667,545,129,1,Other,4,0,0.9733333333333334,High Risk
13620,2010-06-29 15:02:00,2010-06-29 15:02:00,1,112.34,74,5,22.468,528,0,1,Other,3,0,0.85,High Risk
13621,2011-08-15 08:26:00,2011-08-15 08:26:00,1,213.85,343,19,11.255263157894737,117,0,1,Other,5,0,0.78,High Risk
13622,2010-01-12 13:22:00,2010-01-12 13:22:00,1,658.95,379,32,20.5921875,696,0,1,Other,5,0,0.8233333333333334,High Risk
13623,2011-11-09 12:00:00,2009-12-02 13:57:00,10,2533.06,1010,211,8.919225352112676,31,706,0,Champions,13,1,0.03,Low Risk
13624,2010-11-16 13:43:00,2010-11-16 13:43:00,1,462.08,820,22,21.003636363636364,388,0,1,Other,5,0,0.9033333333333333,High Risk
13625,2010-04-22 10:50:00,2010-04-22 10:50:00,1,301.26,144,21,14.345714285714285,597,0,1,Other,4,0,0.9366666666666666,High Risk
13626,2011-04-01 10:05:00,2010-11-25 16:12:00,2,707.04,398,44,16.069090909090907,253,126,1,Other,7,0,0.8733333333333333,High Risk
13627,2011-10-11 14:20:00,2010-03-09 14:03:00,7,2245.9,1632,118,17.410077519379847,59,581,0,Champions,12,1,0.15333333333333332,Low Risk
13628,2010-02-01 14:44:00,2010-02-01 14:44:00,1,310.14,106,16,19.38375,676,0,1,Other,4,0,0.9266666666666666,High Risk
13629,2011-11-16 13:21:00,2010-02-11 17:34:00,19,13370.86,7722,28,153.6880459770115,23,642,0,Champions,14,1,0.19,Low Risk
13630,2011-12-04 15:16:00,2011-02-27 12:49:00,7,2031.78,1391,51,28.61661971830986,5,280,0,Champions,13,1,0.16333333333333333,Low Risk
13631,2011-09-01 09:57:00,2011-03-17 17:13:00,11,3070.42,467,6,279.1290909090909,100,167,1,Loyal Customers,13,1,0.8666666666666667,High Risk
13632,2011-11-15 10:51:00,2010-04-07 10:59:00,8,3645.81,1633,166,16.571863636363638,25,586,0,Champions,13,1,0.09666666666666666,Low Risk
13634,2011-11-06 13:40:00,2010-01-10 14:26:00,16,5033.77,2090,269,11.286479820627804,33,664,0,Champions,14,1,0.0,Low Risk
13635,2011-10-03 10:55:00,2009-12-01 09:46:00,4,2999.16,1884,135,18.513333333333332,68,671,0,High Value Customers,11,1,0.02,Low Risk
13636,2011-11-03 10:30:00,2011-02-27 14:29:00,5,949.12,592,57,15.065396825396826,37,248,0,Loyal Customers,11,1,0.64,High Risk
13637,2011-10-18 13:32:00,2011-04-27 13:06:00,3,804.3,405,79,8.124242424242423,52,174,0,Other,10,0,0.25666666666666665,Low Risk
13638,2011-11-24 10:38:00,2011-11-24 10:38:00,1,122.64,93,8,15.33,16,0,0,New / Potential,7,0,0.8333333333333334,High Risk
13639,2011-09-26 13:36:00,2010-09-29 10:05:00,2,1346.27,997,49,22.81813559322034,74,362,0,High Value Customers,9,0,0.20666666666666667,Low Risk
13640,2010-04-07 15:33:00,2010-04-07 15:33:00,1,405.0,108,4,101.25,611,0,1,Other,4,0,0.76,High Risk
13641,2010-03-09 07:37:00,2009-12-05 13:17:00,5,1016.47,1098,41,23.10159090909091,641,93,1,At Risk,8,0,0.7266666666666667,High Risk
13642,2011-05-08 12:34:00,2010-10-03 12:23:00,4,472.2,231,93,4.497142857142857,216,217,1,At Risk,7,0,0.8766666666666667,High Risk
13643,2011-11-08 15:37:00,2009-12-08 12:48:00,10,2156.77,902,71,21.144803921568627,31,700,0,Champions,13,1,0.01,Low Risk
13644,2011-11-23 14:07:00,2011-08-26 11:53:00,4,2624.26,2067,144,17.974383561643837,16,89,0,High Value Customers,12,1,0.08333333333333333,Low Risk
13645,2011-08-11 16:11:00,2011-08-11 16:11:00,1,252.1,158,5,50.42,120,0,1,Other,5,0,0.9633333333333334,High Risk
13646,2010-11-05 12:13:00,2010-11-05 12:00:00,2,326.25,79,58,5.625,400,0,1,Other,6,0,0.82,High Risk
13647,2011-11-30 12:00:00,2010-04-15 12:55:00,8,3041.68,1795,98,21.882589928057552,10,593,0,Champions,14,1,0.13,Low Risk
13648,2010-11-04 14:46:00,2009-12-01 18:13:00,8,1764.02,960,95,16.641698113207546,400,337,1,At Risk,10,0,0.8666666666666667,High Risk
13649,2011-03-28 11:51:00,2010-06-30 16:35:00,6,1453.68,782,97,13.46,257,270,1,At Risk,10,0,0.8733333333333333,High Risk
13650,2011-11-23 12:22:00,2010-01-26 08:44:00,10,3288.0,1746,127,19.11627906976744,17,666,0,Champions,15,1,0.0,Low Risk
13651,2011-11-04 14:59:00,2010-11-23 09:44:00,3,226.85,62,14,16.20357142857143,35,346,0,Other,8,0,0.2733333333333333,Low Risk
13652,2011-10-25 08:51:00,2010-02-25 17:37:00,5,2262.05,1458,116,16.04290780141844,46,606,0,Champions,12,1,0.04666666666666667,Low Risk
13653,2010-08-09 08:19:00,2010-08-09 08:19:00,1,152.2,72,9,16.91111111111111,488,0,1,Other,3,0,0.89,High Risk
13654,2011-10-27 16:24:00,2009-12-02 11:43:00,11,6308.0,4762,262,19.173252279635257,43,694,0,Champions,14,1,0.0,Low Risk
13655,2011-08-17 14:25:00,2010-04-27 09:59:00,6,2280.51,1225,103,19.163949579831936,114,477,1,Loyal Customers,11,1,0.8933333333333333,High Risk
13656,2011-06-28 10:31:00,2010-04-23 12:50:00,4,1078.85,862,81,12.400574712643676,165,430,1,Other,9,0,0.7866666666666666,High Risk
13657,2011-11-29 12:32:00,2011-05-22 12:35:00,2,382.14,209,16,23.88375,11,190,0,New / Potential,9,0,0.31666666666666665,Medium Risk
13658,2011-11-30 10:13:00,2010-02-05 13:17:00,9,6025.5,2171,164,25.424050632911392,10,662,0,Champions,15,1,0.05,Low Risk
13659,2011-05-18 12:37:00,2010-02-17 09:05:00,12,4884.68,2527,224,17.827299270072995,206,455,1,At Risk,12,1,0.7433333333333333,High Risk
13660,2010-11-04 16:10:00,2010-11-04 16:10:00,1,306.64,136,39,7.6659999999999995,400,0,1,Other,5,0,0.9,High Risk
13661,2010-04-15 14:58:00,2010-04-15 14:58:00,1,325.24,118,17,19.131764705882354,603,0,1,Other,4,0,0.9533333333333334,High Risk
13662,2011-09-15 12:04:00,2010-02-19 13:21:00,11,2233.61,1169,126,16.423602941176473,86,572,0,Loyal Customers,12,1,0.18333333333333332,Low Risk
13663,2011-06-13 15:44:00,2010-03-03 10:11:00,5,2047.51,893,87,20.681919191919192,179,467,1,Loyal Customers,11,1,0.8966666666666666,High Risk
13665,2010-11-18 13:06:00,2010-07-23 13:29:00,3,1711.66,1652,97,16.147735849056605,386,117,1,At Risk,9,0,0.73,High Risk
13666,2011-10-10 15:39:00,2009-12-04 10:48:00,5,127.9,54,19,6.731578947368422,60,675,0,Loyal Customers,8,0,0.08666666666666667,Low Risk
13667,2011-07-13 15:42:00,2011-07-13 15:42:00,1,299.05,149,82,3.603012048192771,149,0,1,Other,6,0,0.9366666666666666,High Risk
13668,2011-12-07 12:11:00,2009-12-11 14:28:00,35,12948.48,6096,411,17.127619047619046,3,725,0,Champions,15,1,0.0,Low Risk
13669,2011-10-20 09:32:00,2010-10-28 15:05:00,3,413.55,393,13,29.539285714285715,51,356,0,Other,9,0,0.15666666666666668,Low Risk
13670,2011-09-25 15:25:00,2011-09-25 15:25:00,1,349.7,282,25,13.988,75,0,0,Other,6,0,0.7733333333333333,High Risk
13671,2010-11-10 10:50:00,2010-11-10 10:50:00,1,172.6,95,61,2.696875,395,0,1,Other,4,0,0.8866666666666667,High Risk
13672,2011-02-11 13:53:00,2009-12-09 11:40:00,3,419.92,138,13,23.32888888888889,301,429,1,At Risk,7,0,0.4066666666666667,Medium Risk
13673,2011-11-21 12:11:00,2011-11-07 15:40:00,2,387.44,114,47,6.457333333333334,19,13,0,New / Potential,9,0,0.30333333333333334,Medium Risk
13674,2010-10-03 10:41:00,2010-10-03 10:41:00,1,240.68,102,14,17.19142857142857,433,0,1,Other,3,0,0.9666666666666667,High Risk
13675,2011-07-11 12:57:00,2011-02-28 12:14:00,2,486.82000000000005,330,25,19.472800000000003,151,133,1,Other,7,0,0.74,High Risk
13676,2010-06-18 17:30:00,2010-03-30 16:53:00,2,243.9,104,13,18.76153846153846,539,80,1,Other,4,0,0.8333333333333334,High Risk
13677,2010-10-31 11:32:00,2010-07-07 17:25:00,2,551.24,217,98,5.200377358490566,405,115,1,Other,6,0,0.9666666666666667,High Risk
13678,2011-07-11 10:14:00,2011-07-11 10:14:00,1,232.6,924,16,14.5375,152,0,1,Other,5,0,0.88,High Risk
13679,2010-08-03 12:13:00,2009-12-04 16:52:00,3,281.26,102,44,5.6251999999999995,494,241,1,At Risk,5,0,0.9233333333333333,High Risk
13680,2011-12-08 13:47:00,2009-12-04 14:14:00,12,11419.67,5244,354,17.67750773993808,1,733,0,Champions,15,1,0.0033333333333333335,Low Risk
13681,2011-11-22 11:13:00,2011-07-07 15:21:00,4,827.83,360,37,14.523333333333333,18,137,0,Other,11,1,0.2633333333333333,Low Risk
13682,2011-06-05 14:06:00,2011-06-05 14:06:00,1,59.5,10,3,19.833333333333332,187,0,1,Other,5,0,0.9833333333333333,High Risk
13683,2010-09-08 10:00:00,2010-09-08 10:00:00,1,258.6,180,10,25.860000000000003,458,0,1,Other,3,0,0.8533333333333334,High Risk
13684,2011-02-27 10:13:00,2010-03-28 14:48:00,4,594.88,234,81,5.508148148148148,286,335,1,At Risk,7,0,0.8666666666666667,High Risk
13685,2011-12-07 11:41:00,2011-10-10 12:59:00,7,3119.44,5056,29,79.98564102564103,3,57,0,Champions,14,1,0.22,Low Risk
13686,2011-06-10 09:10:00,2010-11-03 13:44:00,3,409.04,378,27,12.030588235294118,183,218,1,Other,8,0,0.8766666666666667,High Risk
13687,2010-09-27 16:30:00,2010-09-27 16:30:00,1,11880.84,87167,45,264.01866666666666,438,0,1,Other,7,0,0.7166666666666667,High Risk
13688,2010-03-14 14:11:00,2010-03-14 14:11:00,1,375.5,130,5,75.1,635,0,1,Other,4,0,0.8166666666666667,High Risk
13689,2011-10-07 13:21:00,2010-09-21 10:27:00,2,1259.5,722,6,139.94444444444446,63,381,0,High Value Customers,9,0,0.2,Low Risk
13690,2011-10-11 15:03:00,2011-10-11 15:03:00,1,172.25,67,9,19.13888888888889,59,0,0,New / Potential,6,0,0.36,Medium Risk
13691,2010-11-08 17:34:00,2010-11-08 17:34:00,1,212.78,145,54,3.9403703703703705,396,0,1,Other,4,0,0.7066666666666667,High Risk
13692,2011-11-15 11:17:00,2010-10-15 13:28:00,5,3114.4,2101,83,32.44166666666667,25,395,0,Champions,13,1,0.1,Low Risk
13693,2010-11-30 18:21:00,2009-12-07 11:29:00,9,2011.8200000000002,880,78,18.979433962264153,374,358,1,At Risk,11,1,0.7233333333333334,High Risk
13694,2011-12-06 09:32:00,2009-12-04 15:26:00,143,195640.69,188201,896,128.7957142857143,4,731,0,Champions,15,1,0.0,Low Risk
13695,2011-11-08 14:26:00,2010-05-11 11:07:00,16,2770.73,1791,47,28.861770833333335,31,546,0,Champions,13,1,0.09333333333333334,Low Risk
13696,2010-10-14 09:44:00,2010-02-11 14:17:00,3,2020.4,552,24,84.18333333333334,422,244,1,At Risk,8,0,0.8366666666666667,High Risk
13697,2011-11-01 09:14:00,2011-11-01 09:14:00,1,151.3,177,12,12.608333333333334,39,0,0,New / Potential,6,0,0.15,Low Risk
13698,2010-04-22 11:52:00,2010-01-27 09:02:00,2,451.73,227,31,11.887631578947369,597,85,1,Other,5,0,0.7233333333333334,High Risk
13699,2011-07-07 16:51:00,2010-06-07 13:03:00,2,764.15,219,33,20.6527027027027,155,395,1,Other,8,0,0.8033333333333333,High Risk
13700,2011-11-13 13:00:00,2010-02-07 10:53:00,13,2596.9700000000003,2786,163,10.820708333333334,26,644,0,Champions,13,1,0.0,Low Risk
13701,2010-09-19 12:39:00,2010-09-19 12:39:00,1,161.0,80,9,17.88888888888889,447,0,1,Other,3,0,0.9266666666666666,High Risk
13702,2010-09-20 11:40:00,2010-09-20 11:40:00,1,135.18,74,5,27.036,446,0,1,Other,3,0,0.9866666666666667,High Risk
13703,2011-01-25 13:10:00,2010-10-20 13:11:00,2,425.56,128,36,11.501621621621622,318,96,1,Other,6,0,0.9066666666666666,High Risk
13704,2011-12-04 15:13:00,2011-09-12 14:40:00,9,2308.06,1531,111,17.224328358208954,5,83,0,Champions,14,1,0.2833333333333333,Low Risk
13705,2011-12-02 12:32:00,2010-03-25 17:19:00,7,1717.19,906,55,23.205270270270272,8,616,0,Champions,13,1,0.06333333333333334,Low Risk
13706,2011-02-10 09:21:00,2010-03-23 09:18:00,2,631.1700000000001,301,38,16.609736842105264,303,324,1,Other,7,0,0.8866666666666667,High Risk
13707,2011-03-17 18:03:00,2010-06-21 11:57:00,5,3365.86,2210,142,21.715225806451613,267,269,1,At Risk,11,1,0.8033333333333333,High Risk
13708,2011-03-13 13:46:00,2011-03-13 13:46:00,1,285.33,301,49,5.823061224489796,271,0,1,Other,4,0,0.8833333333333333,High Risk
13709,2011-12-06 10:28:00,2010-01-11 10:40:00,18,7571.35,4122,296,18.602825552825554,4,693,0,Champions,15,1,0.0,Low Risk
13710,2011-11-08 08:16:00,2010-04-06 12:54:00,3,509.52,336,13,33.967999999999996,32,580,0,Other,9,0,0.10666666666666667,Low Risk
13711,2011-05-05 10:31:00,2009-12-15 19:04:00,9,1792.26,819,80,19.48108695652174,219,505,1,At Risk,11,1,0.3333333333333333,Medium Risk
13712,2011-04-07 12:33:00,2010-04-08 11:16:00,2,766.42,1128,32,23.224848484848483,247,364,1,Other,7,0,0.8233333333333334,High Risk
13713,2010-10-27 16:18:00,2010-05-05 16:48:00,3,740.76,284,70,9.2595,408,174,1,At Risk,8,0,0.8466666666666667,High Risk
13714,2010-08-31 13:57:00,2010-08-31 13:57:00,1,161.35,50,30,5.378333333333333,465,0,1,Other,3,0,0.89,High Risk
13715,2011-03-03 19:21:00,2010-03-11 15:33:00,17,8153.04,4800,277,15.92390625,281,357,1,At Risk,12,1,0.66,High Risk
13716,2011-03-15 13:49:00,2011-03-15 13:49:00,1,138.28,138,21,6.584761904761905,269,0,1,Other,4,0,0.9333333333333333,High Risk
13717,2011-11-07 14:13:00,2010-08-11 09:40:00,8,1763.3,2144,110,14.220161290322581,32,453,0,Champions,12,1,0.18333333333333332,Low Risk
13718,2011-04-07 13:24:00,2011-02-17 11:58:00,2,306.55,173,9,25.545833333333334,246,49,1,Other,6,0,0.9,High Risk
13719,2011-11-24 15:26:00,2010-05-17 14:36:00,11,2783.08,1588,194,11.222096774193549,15,556,0,Champions,14,1,0.15,Low Risk
13720,2011-08-15 12:46:00,2011-03-30 09:17:00,4,799.9,501,42,18.60232558139535,117,138,1,Other,9,0,0.8566666666666667,High Risk
13721,2011-11-03 14:05:00,2010-11-09 17:59:00,2,741.54,512,41,17.655714285714286,36,358,0,New / Potential,9,0,0.3333333333333333,Medium Risk
13722,2011-07-31 12:44:00,2010-03-03 14:13:00,10,5635.41,3059,137,29.816984126984128,132,514,1,Loyal Customers,13,1,0.7033333333333334,High Risk
13723,2011-05-06 17:04:00,2010-04-07 14:32:00,6,1194.08,593,51,20.58758620689655,217,394,1,At Risk,9,0,0.74,High Risk
13724,2010-03-12 15:28:00,2010-03-12 15:28:00,1,213.01,130,39,5.071666666666666,637,0,1,Other,3,0,0.9366666666666666,High Risk
13725,2011-10-21 10:03:00,2011-02-04 12:18:00,8,1980.56,806,95,19.043846153846154,50,258,0,Champions,12,1,0.2833333333333333,Low Risk
13726,2011-11-01 10:49:00,2011-08-31 11:06:00,2,1079.66,1054,39,25.70619047619048,39,61,0,New / Potential,9,0,0.5866666666666667,Medium Risk
13727,2011-11-11 09:46:00,2009-12-09 13:25:00,8,1074.15,368,74,12.941566265060242,29,701,0,Loyal Customers,11,1,0.03,Low Risk
13728,2011-11-03 10:49:00,2009-12-09 17:13:00,16,2855.17,1269,75,17.409573170731708,37,693,0,Champions,13,1,0.013333333333333334,Low Risk
13729,2010-09-30 10:44:00,2010-01-24 14:57:00,3,724.73,419,36,18.582820512820515,436,248,1,At Risk,7,0,0.8433333333333334,High Risk
13730,2011-07-27 08:35:00,2011-07-01 12:47:00,2,752.6,488,38,17.50232558139535,136,25,1,Other,8,0,0.8333333333333334,High Risk
13731,2011-05-04 14:33:00,2011-04-07 10:10:00,2,610.59,278,36,16.068157894736842,219,27,1,Other,7,0,0.67,High Risk
13732,2011-11-11 15:49:00,2011-11-11 15:49:00,1,491.86,498,33,14.904848484848486,28,0,0,New / Potential,7,0,0.22666666666666666,Low Risk
13733,2010-10-25 12:18:00,2009-12-04 15:28:00,2,487.03000000000003,335,28,16.794137931034484,411,324,1,Other,5,0,0.9066666666666666,High Risk
13734,2010-07-19 12:04:00,2010-04-16 08:42:00,4,6695.6900000000005,302,24,247.98851851851853,509,94,1,At Risk,9,1,0.8766666666666667,High Risk
13735,2011-11-15 11:14:00,2009-12-13 13:31:00,13,9762.77,4135,362,15.089289026275116,25,701,0,Champions,14,1,0.0033333333333333335,Low Risk
13736,2011-12-04 15:19:00,2009-12-06 12:07:00,7,2752.47,1549,325,4.968357400722021,5,728,0,Champions,13,1,0.0033333333333333335,Low Risk
13737,2011-05-23 16:32:00,2011-05-23 16:32:00,1,339.6,125,29,11.32,200,0,1,Other,5,0,0.9833333333333333,High Risk
13738,2010-11-08 15:23:00,2010-11-08 15:23:00,1,434.78000000000003,237,88,4.885168539325843,396,0,1,Other,5,0,0.9133333333333333,High Risk
13739,2011-11-21 13:35:00,2010-06-30 10:25:00,2,292.2,76,6,48.699999999999996,18,509,0,New / Potential,9,0,0.21333333333333335,Low Risk
13740,2011-04-13 10:32:00,2009-12-02 12:22:00,5,1582.77,987,83,16.837978723404255,241,496,1,At Risk,10,0,0.44666666666666666,Medium Risk
13741,2011-09-29 09:19:00,2011-05-06 13:43:00,3,668.4300000000001,218,34,19.65970588235294,72,145,0,Other,9,0,0.27,Low Risk
13742,2011-11-23 11:07:00,2011-01-23 14:59:00,12,3107.87,1115,200,9.92929712460064,17,303,0,Champions,15,1,0.07,Low Risk
13743,2011-12-07 10:09:00,2011-03-25 14:46:00,7,1341.6,1776,8,32.72195121951219,3,256,0,Champions,13,1,0.12666666666666668,Low Risk
13744,2011-09-05 15:19:00,2011-02-20 14:08:00,2,1080.52,1153,54,17.15111111111111,95,197,1,Other,8,0,0.7533333333333333,High Risk
13745,2011-06-30 16:43:00,2010-06-11 17:19:00,2,777.36,1146,46,13.881428571428572,162,383,1,Other,8,0,0.75,High Risk
13746,2010-10-22 11:55:00,2010-10-22 11:55:00,1,176.69,83,9,19.63222222222222,414,0,1,Other,3,0,0.88,High Risk
13747,2010-12-01 10:37:00,2010-10-11 09:15:00,2,169.8,60,4,33.96,374,51,1,Other,5,0,0.9233333333333333,High Risk
13748,2011-09-05 09:45:00,2009-12-01 16:44:00,9,2064.35,1028,40,35.592241379310344,96,642,1,Loyal Customers,12,1,0.65,High Risk
13750,2011-10-17 12:16:00,2010-04-01 14:49:00,11,3602.18,1370,51,48.029066666666665,54,563,0,Champions,14,1,0.18,Low Risk
13751,2011-02-24 15:56:00,2011-02-24 15:56:00,1,296.25,152,9,32.916666666666664,288,0,1,Other,5,0,0.8933333333333333,High Risk
13752,2011-08-07 14:16:00,2010-06-30 10:23:00,7,1579.8300000000002,1005,75,16.806702127659577,124,403,1,Loyal Customers,11,1,0.44666666666666666,Medium Risk
13753,2011-02-25 12:48:00,2009-12-03 10:20:00,4,2094.57,1450,64,26.182125000000003,288,449,1,At Risk,9,0,0.4866666666666667,Medium Risk
13754,2011-07-11 11:51:00,2010-09-28 15:29:00,3,447.05,315,16,21.288095238095238,152,285,1,Other,8,0,0.94,High Risk
13755,2011-12-06 12:26:00,2011-10-07 15:45:00,9,2108.06,1242,232,6.567165109034268,4,59,0,Champions,14,1,0.15,Low Risk
13756,2011-12-07 16:44:00,2009-12-15 15:18:00,23,8655.95,5138,142,25.236005830903792,2,722,0,Champions,15,1,0.0033333333333333335,Low Risk
13757,2010-02-03 12:37:00,2010-02-03 12:37:00,1,195.55,54,8,24.44375,675,0,1,Other,3,0,0.8833333333333333,High Risk
13758,2011-11-28 11:11:00,2009-12-01 10:06:00,15,8698.13,4667,213,30.51975438596491,12,727,0,Champions,15,1,0.013333333333333334,Low Risk
13759,2011-11-06 14:47:00,2011-09-29 15:40:00,2,659.4100000000001,287,24,26.376400000000004,33,37,0,New / Potential,9,0,0.27,Low Risk
13760,2011-10-16 16:13:00,2010-04-25 13:10:00,5,1363.6399999999999,623,95,11.459159663865545,54,539,0,Champions,12,1,0.35,Medium Risk
13761,2011-10-20 14:01:00,2010-02-21 11:08:00,6,1952.17,1079,118,16.001393442622952,50,606,0,Champions,12,1,0.03,Low Risk
13762,2011-05-05 09:15:00,2010-01-10 12:13:00,5,2472.48,2608,23,70.64228571428572,219,479,1,At Risk,10,1,0.8733333333333333,High Risk
13763,2011-10-07 15:13:00,2010-09-30 17:39:00,3,5217.44,3224,50,104.3488,63,371,0,High Value Customers,11,1,0.22666666666666666,Low Risk
13764,2011-09-30 12:03:00,2010-03-07 12:56:00,6,2919.62,2084,295,7.890864864864865,71,571,0,Loyal Customers,12,1,0.10333333333333333,Low Risk
13765,2010-02-24 13:46:00,2010-02-24 13:46:00,1,352.821,297,17,20.754176470588238,653,0,1,Other,4,0,0.8866666666666667,High Risk
13766,2010-08-01 14:25:00,2010-08-01 14:25:00,1,190.35,137,16,11.197058823529412,495,0,1,Other,3,0,0.7666666666666667,High Risk
13767,2011-12-07 15:00:00,2009-12-01 10:52:00,73,33903.57,14595,117,44.37640052356021,2,736,0,Champions,15,1,0.0,Low Risk
13768,2009-12-13 10:41:00,2009-12-09 10:25:00,2,875.97,373,30,26.544545454545457,727,4,1,Other,6,0,0.8966666666666666,High Risk
13769,2011-12-07 15:08:00,2009-12-16 11:59:00,20,5478.12,2452,121,19.920436363636362,2,721,0,Champions,15,1,0.0,Low Risk
13770,2010-10-13 15:10:00,2009-12-09 14:44:00,4,785.37,468,48,16.361875,422,308,1,At Risk,7,0,0.94,High Risk
13771,2011-10-06 14:18:00,2010-02-25 12:37:00,9,5728.82,3140,182,26.522314814814813,64,588,0,Loyal Customers,13,1,0.05,Low Risk
13772,2011-11-06 11:43:00,2010-02-23 13:55:00,8,3100.02,1446,394,5.467407407407407,34,620,0,Champions,13,1,0.03,Low Risk
13773,2010-11-08 11:49:00,2010-02-18 10:27:00,2,301.54,174,19,15.870526315789474,397,263,1,Other,6,0,0.8133333333333334,High Risk
13774,2011-09-19 12:06:00,2011-09-19 12:06:00,1,345.0,192,22,15.681818181818182,82,0,0,Other,6,0,0.26666666666666666,Low Risk
13775,2010-04-28 12:15:00,2010-04-28 12:15:00,1,1049.66,455,63,16.661269841269842,591,0,1,Other,5,0,0.93,High Risk
13776,2010-10-07 16:11:00,2010-10-07 16:07:00,2,623.98,2,1,311.99,428,0,1,Other,6,0,0.9766666666666667,High Risk
13777,2011-12-09 12:25:00,2009-12-02 09:47:00,61,49638.26,23190,44,139.4333146067416,1,737,0,Champions,15,1,0.023333333333333334,Low Risk
13778,2011-08-28 15:25:00,2010-05-23 13:34:00,4,1124.49,511,33,25.55659090909091,103,462,1,Other,9,0,0.84,High Risk
13779,2010-07-12 11:24:00,2010-07-12 11:24:00,1,161.13,53,27,5.967777777777777,516,0,1,Other,3,0,0.9533333333333334,High Risk
13780,2011-12-02 13:49:00,2010-10-28 19:51:00,3,732.07,479,90,7.470102040816327,7,399,0,Other,11,1,0.16333333333333333,Low Risk
13781,2011-04-03 12:08:00,2009-12-18 15:46:00,3,778.83,300,56,13.663684210526316,251,470,1,At Risk,8,0,0.87,High Risk
13782,2011-11-27 11:54:00,2009-12-06 12:52:00,13,1786.08,643,187,7.50453781512605,13,720,0,Champions,14,1,0.06333333333333334,Low Risk
13783,2010-08-09 09:23:00,2010-02-04 13:47:00,4,1542.09,3437,4,154.209,488,185,1,At Risk,8,0,0.9266666666666666,High Risk
13784,2011-11-30 09:33:00,2010-09-15 12:27:00,14,2910.23,2827,13,67.67976744186046,10,440,0,Champions,15,1,0.20666666666666667,Low Risk
13785,2010-10-07 09:25:00,2010-09-05 16:01:00,4,542.49,151,26,18.083000000000002,429,31,1,At Risk,6,0,0.8866666666666667,High Risk
13786,2010-12-07 13:53:00,2009-12-03 15:32:00,6,3127.9900000000002,1515,80,26.965431034482762,367,368,1,At Risk,11,1,0.7133333333333334,High Risk
13787,2011-09-25 12:06:00,2010-01-14 10:13:00,6,1222.5,998,71,14.215116279069768,76,619,0,Loyal Customers,11,1,0.03666666666666667,Low Risk
13788,2010-07-22 15:50:00,2010-07-22 15:50:00,1,3.75,1,1,3.75,505,0,1,Other,3,0,0.9733333333333334,High Risk
13789,2010-11-16 15:31:00,2010-11-16 15:31:00,1,239.46,258,18,13.303333333333335,388,0,1,Other,4,0,0.88,High Risk
13790,2011-12-05 15:48:00,2011-12-05 15:48:00,1,348.79999999999995,748,45,7.75111111111111,4,0,0,New / Potential,8,0,0.13333333333333333,Low Risk
13791,2011-08-04 11:44:00,2011-06-24 16:38:00,2,1516.0,1200,7,137.8181818181818,128,40,1,High Value Customers,9,0,0.6666666666666666,High Risk
13792,2011-10-04 14:31:00,2010-10-13 11:05:00,3,383.95,156,23,16.693478260869565,66,356,0,Other,8,0,0.37666666666666665,Medium Risk
13793,2010-03-03 08:25:00,2010-03-03 08:25:00,1,96.0,52,7,13.714285714285714,647,0,1,Other,3,0,0.97,High Risk
13794,2010-06-11 12:30:00,2010-06-11 12:30:00,1,126.03,63,9,14.003333333333334,547,0,1,Other,3,0,0.92,High Risk
13795,2010-11-16 17:25:00,2010-03-12 12:44:00,4,836.3,1250,23,28.837931034482757,388,249,1,At Risk,8,0,0.8433333333333334,High Risk
13796,2010-07-28 14:45:00,2010-07-28 14:45:00,1,289.7,218,22,13.168181818181818,499,0,1,Other,4,0,0.9,High Risk
13797,2010-09-29 10:34:00,2010-03-02 12:17:00,3,1179.45,573,71,15.121153846153847,437,210,1,At Risk,7,0,0.8633333333333333,High Risk
13798,2011-12-08 15:51:00,2009-12-08 16:21:00,110,75428.87,48187,168,104.61701803051317,1,729,0,Champions,15,1,0.0,Low Risk
13799,2011-08-15 12:07:00,2010-03-05 16:39:00,9,2803.57,1539,64,26.448773584905663,117,527,1,Loyal Customers,12,1,0.75,High Risk
13800,2011-02-03 12:27:00,2009-12-03 10:03:00,3,1679.56,891,73,23.00767123287671,310,427,1,At Risk,9,0,0.87,High Risk
13801,2011-10-04 10:15:00,2011-10-04 10:15:00,1,324.8,168,23,14.121739130434783,67,0,0,Other,6,0,0.21333333333333335,Low Risk
13802,2011-07-24 10:54:00,2010-02-16 10:11:00,19,26259.11,14129,212,58.61408482142857,139,523,1,Loyal Customers,13,1,0.7233333333333334,High Risk
13803,2011-03-29 12:57:00,2010-03-31 10:00:00,3,1338.91,831,73,17.16551282051282,255,363,1,At Risk,9,0,0.43666666666666665,Medium Risk
13804,2011-11-09 12:32:00,2010-09-29 10:26:00,9,3161.12,1797,149,18.928862275449102,31,406,0,Champions,14,1,0.07333333333333333,Low Risk
13805,2011-10-18 14:50:00,2011-08-02 15:29:00,2,924.5999999999999,1900,10,71.12307692307692,52,76,0,New / Potential,9,0,0.7366666666666667,High Risk
13806,2011-10-07 11:43:00,2011-10-07 11:43:00,1,256.38,56,10,25.637999999999998,64,0,0,Other,5,0,0.2633333333333333,Low Risk
13807,2010-12-07 15:48:00,2009-12-04 12:41:00,3,422.2,116,24,16.887999999999998,367,368,1,At Risk,7,0,0.7666666666666667,High Risk
13808,2011-12-04 12:18:00,2011-09-04 12:07:00,5,1747.66,782,70,22.995526315789476,6,91,0,Champions,13,1,0.12666666666666668,Low Risk
13809,2011-02-07 13:15:00,2010-09-05 11:42:00,3,679.6999999999999,281,23,27.188,305,155,1,At Risk,8,0,0.9333333333333333,High Risk
13810,2011-11-11 08:33:00,2011-10-14 12:57:00,3,1499.01,312,32,42.828857142857146,29,27,0,High Value Customers,11,1,0.17,Low Risk
13811,2011-06-09 09:54:00,2011-04-14 18:40:00,3,814.5,68,7,62.65384615384615,184,55,1,Other,9,0,0.5466666666666666,Medium Risk
13812,2011-10-28 14:27:00,2011-08-26 12:54:00,3,539.0,333,33,14.972222222222221,42,63,0,Other,9,0,0.16,Low Risk
13813,2011-10-31 10:38:00,2009-12-06 10:16:00,8,2765.4700000000003,1292,84,19.33895104895105,40,694,0,Champions,12,1,0.0,Low Risk
13814,2011-09-08 13:48:00,2010-06-30 14:12:00,3,2257.32,1214,56,28.573670886075952,92,434,1,High Value Customers,10,0,0.55,Medium Risk
13815,2011-11-17 14:19:00,2010-02-12 10:26:00,8,7475.74,5381,203,20.999269662921346,22,643,0,Champions,13,1,0.01,Low Risk
13816,2011-11-16 08:38:00,2011-10-06 14:37:00,2,571.6700000000001,269,25,20.416785714285716,24,40,0,New / Potential,8,0,0.29,Low Risk
13817,2011-11-10 17:49:00,2010-12-23 11:46:00,2,382.98,211,20,15.957500000000001,29,322,0,New / Potential,8,0,0.18666666666666668,Low Risk
13818,2010-10-06 12:35:00,2010-10-06 12:35:00,1,61.28,60,5,12.256,430,0,1,Other,3,0,0.98,High Risk
13819,2011-02-11 10:38:00,2009-12-01 16:18:00,6,2642.35,2309,47,26.161881188118812,302,436,1,At Risk,10,1,0.54,Medium Risk
13820,2010-10-17 13:46:00,2010-01-28 12:26:00,3,652.75,285,68,7.334269662921348,418,262,1,At Risk,7,0,0.8133333333333334,High Risk
13821,2011-07-18 09:49:00,2010-01-04 13:36:00,6,1379.08,477,158,6.760196078431372,145,559,1,Loyal Customers,11,1,0.7466666666666667,High Risk
13822,2011-12-04 12:13:00,2011-10-30 15:55:00,2,632.0,611,90,6.583333333333333,6,34,0,New / Potential,10,1,0.15333333333333332,Low Risk
13823,2011-11-21 10:22:00,2009-12-15 14:34:00,7,3403.4500000000003,1564,108,20.880061349693253,19,705,0,Champions,14,1,0.0033333333333333335,Low Risk
13824,2011-11-07 12:41:00,2010-03-12 15:17:00,12,3314.76,1442,59,33.147600000000004,33,604,0,Champions,14,1,0.06,Low Risk
13825,2010-03-28 11:02:00,2009-12-09 14:30:00,2,255.59,182,38,6.38975,622,108,1,Other,4,0,0.97,High Risk
13826,2011-06-16 13:48:00,2011-06-16 13:48:00,1,189.5,82,10,18.95,176,0,1,Other,5,0,0.96,High Risk
13827,2011-10-13 12:38:00,2011-07-19 15:38:00,3,409.8,138,83,4.4543478260869565,58,85,0,Other,9,0,0.32666666666666666,Medium Risk
13828,2011-11-17 16:02:00,2011-11-17 16:02:00,1,209.49,311,15,13.966000000000001,22,0,0,New / Potential,6,0,0.24666666666666667,Low Risk
13829,2010-10-14 18:19:00,2010-10-14 18:19:00,1,102.0,12,1,102.0,421,0,1,Other,3,0,0.9933333333333333,High Risk
13830,2010-05-07 12:24:00,2010-05-07 12:24:00,1,156.85000000000002,47,11,14.259090909090911,582,0,1,Other,3,0,0.95,High Risk
13831,2011-11-23 15:41:00,2009-12-10 14:50:00,18,6585.54,2393,121,36.184285714285714,16,713,0,Champions,15,1,0.0033333333333333335,Low Risk
13832,2011-11-20 15:36:00,2010-10-13 14:41:00,2,609.89,420,54,11.088909090909091,19,403,0,New / Potential,10,0,0.44333333333333336,Medium Risk
13833,2011-07-03 13:27:00,2010-10-31 14:11:00,2,700.41,243,43,15.91840909090909,159,244,1,Other,8,0,0.87,High Risk
13834,2010-05-12 10:27:00,2010-02-08 12:52:00,2,324.19,221,15,20.261875,577,92,1,Other,5,0,0.8,High Risk
13835,2011-11-14 15:37:00,2010-03-04 08:26:00,7,1095.27,520,60,15.426338028169013,25,620,0,Loyal Customers,11,1,0.04666666666666667,Low Risk
13836,2010-11-05 13:31:00,2010-10-21 13:27:00,2,620.37,273,29,20.011935483870968,399,15,1,Other,7,0,0.9166666666666666,High Risk
13837,2011-05-12 12:10:00,2011-01-26 12:15:00,2,266.59000000000003,182,17,14.810555555555558,212,105,1,Other,5,0,0.8533333333333334,High Risk
13838,2011-12-04 11:00:00,2010-05-09 11:40:00,10,1690.07,694,328,4.193722084367246,6,573,0,Champions,14,1,0.14333333333333334,Low Risk
13839,2010-08-10 13:52:00,2010-08-10 13:52:00,1,139.95000000000002,25,7,19.992857142857144,486,0,1,Other,3,0,0.9866666666666667,High Risk
13840,2010-10-19 13:34:00,2010-10-19 13:34:00,1,651.4,358,40,16.285,416,0,1,Other,5,0,0.8966666666666666,High Risk
13841,2011-04-01 12:10:00,2011-04-01 12:10:00,1,85.0,100,1,85.0,253,0,1,Other,4,0,0.97,High Risk
13842,2011-10-12 10:51:00,2010-02-16 15:54:00,18,5319.34,2716,214,15.878626865671642,59,602,0,Champions,14,1,0.023333333333333334,Low Risk
13843,2010-11-23 17:48:00,2010-11-23 17:48:00,1,319.75,145,18,17.76388888888889,381,0,1,Other,5,0,0.9933333333333333,High Risk
13844,2011-11-28 13:21:00,2011-11-28 13:21:00,1,361.62,196,20,18.081,11,0,0,New / Potential,8,0,0.31666666666666665,Medium Risk
13845,2011-10-06 08:25:00,2011-10-06 08:25:00,1,312.98,182,9,34.775555555555556,65,0,0,Other,6,0,0.33666666666666667,Medium Risk
13846,2011-11-15 12:07:00,2010-11-05 09:47:00,4,1307.79,705,81,16.145555555555553,25,375,0,High Value Customers,11,1,0.11666666666666667,Low Risk
13847,2009-12-20 10:41:00,2009-12-20 10:41:00,1,310.72,96,19,16.353684210526318,720,0,1,Other,4,0,0.9866666666666667,High Risk
13848,2011-09-08 12:58:00,2009-12-09 16:17:00,8,3015.0,9200,3,301.5,92,637,1,Loyal Customers,12,1,0.7,High Risk
13849,2011-10-19 10:59:00,2010-03-25 12:03:00,5,3469.3,1883,189,15.769545454545455,52,572,0,Champions,13,1,0.13333333333333333,Low Risk
13850,2011-08-02 14:04:00,2011-08-02 14:04:00,1,1595.48,944,93,17.155698924731183,129,0,1,High Value Customers,8,0,0.7466666666666667,High Risk
13851,2011-09-05 12:36:00,2010-01-29 11:54:00,8,4606.46,2525,111,32.903285714285715,96,584,1,Loyal Customers,12,1,0.7333333333333333,High Risk
13852,2010-04-08 09:06:00,2010-04-08 09:06:00,1,187.35000000000002,85,11,17.031818181818185,611,0,1,Other,3,0,0.9333333333333333,High Risk
13853,2011-10-13 14:18:00,2011-10-13 14:18:00,1,1090.1399999999999,312,23,47.39739130434782,57,0,0,New / Potential,8,0,0.5466666666666666,Medium Risk
13854,2011-12-01 09:06:00,2010-01-08 11:28:00,39,11944.56,3642,61,67.10426966292134,9,691,0,Champions,15,1,0.01,Low Risk
13855,2010-07-27 09:53:00,2009-12-08 16:56:00,4,1310.3400000000001,575,64,17.949863013698632,501,230,1,At Risk,8,0,0.92,High Risk
13856,2011-06-24 10:03:00,2010-03-30 15:40:00,11,1142.03,1105,33,21.148703703703703,169,450,1,Loyal Customers,11,1,0.8066666666666666,High Risk
13857,2010-11-11 12:54:00,2010-05-17 14:21:00,6,1001.01,782,99,7.820390625,393,177,1,At Risk,9,0,0.85,High Risk
13858,2011-10-13 16:17:00,2011-10-13 16:17:00,1,216.17000000000002,75,11,19.651818181818182,57,0,0,New / Potential,6,0,0.18,Low Risk
13859,2011-01-17 16:14:00,2010-06-28 15:36:00,2,515.86,167,34,14.329444444444444,326,203,1,Other,6,0,0.96,High Risk
13860,2011-12-08 12:57:00,2011-09-14 09:27:00,5,1245.9,591,58,16.39342105263158,1,85,0,Champions,13,1,0.11333333333333333,Low Risk
13861,2010-10-06 14:20:00,2010-06-27 11:37:00,2,273.26,225,21,13.012380952380951,429,101,1,Other,4,0,0.8733333333333333,High Risk
13862,2011-11-21 16:24:00,2010-11-15 13:43:00,9,2556.09,1927,113,15.9755625,18,371,0,Champions,14,1,0.13333333333333333,Low Risk
13863,2011-04-06 10:20:00,2010-04-25 13:09:00,4,1239.55,553,59,17.707857142857144,248,345,1,At Risk,9,0,0.92,High Risk
13864,2010-11-18 12:50:00,2010-11-18 12:50:00,1,662.4000000000001,192,1,662.4000000000001,387,0,1,Other,6,0,0.9486393512590697,High Risk
13865,2011-10-12 13:31:00,2011-02-23 12:04:00,4,501.56,204,26,16.718666666666667,58,231,0,Other,9,0,0.32666666666666666,Medium Risk
13866,2011-09-26 14:54:00,2011-09-26 14:54:00,1,145.67,57,7,20.81,74,0,0,Other,5,0,0.19,Low Risk
13867,2011-11-08 15:48:00,2011-05-05 17:28:00,3,1005.09,501,51,16.7515,31,186,0,Other,10,0,0.76,High Risk
13868,2011-12-02 16:32:00,2011-11-01 12:45:00,2,3192.54,1964,32,96.74363636363637,7,31,0,High Value Customers,12,1,0.31666666666666665,Medium Risk
13869,2011-08-08 13:53:00,2010-01-17 14:53:00,10,7996.87,4302,502,9.542804295942721,123,567,1,Loyal Customers,13,1,0.6566666666666666,High Risk
13870,2011-12-07 13:23:00,2010-02-08 12:08:00,15,5712.08,3449,159,23.701576763485477,2,667,0,Champions,15,1,0.006666666666666667,Low Risk
13871,2011-11-17 10:49:00,2009-12-20 13:09:00,17,7885.85,3502,183,19.616542288557216,23,696,0,Champions,14,1,0.0033333333333333335,Low Risk
13872,2010-06-30 15:35:00,2009-12-14 09:56:00,3,919.57,339,51,16.13280701754386,527,198,1,At Risk,7,0,0.87,High Risk
13873,2011-08-12 10:08:00,2010-03-03 12:31:00,8,1038.92,472,55,17.315333333333335,120,526,1,Loyal Customers,10,1,0.79,High Risk
13874,2010-12-16 18:20:00,2010-02-04 18:39:00,7,2049.15,864,46,29.697826086956525,358,314,1,At Risk,10,0,0.74,High Risk
13875,2011-10-17 09:36:00,2009-12-17 10:30:00,14,4814.37,3072,159,17.831,54,668,0,Champions,14,1,0.0,Low Risk
13876,2011-10-07 10:22:00,2011-10-07 10:22:00,1,122.7,36,7,17.52857142857143,64,0,0,Other,5,0,0.36,Medium Risk
13877,2011-09-14 15:49:00,2010-01-19 10:53:00,3,449.68,478,23,19.551304347826086,86,603,0,Other,8,0,0.1,Low Risk
13878,2011-10-16 12:19:00,2010-04-14 13:50:00,4,2416.9,927,93,23.695098039215686,55,549,0,High Value Customers,11,1,0.14,Low Risk
13879,2010-03-04 10:49:00,2010-03-04 10:49:00,1,395.5,204,25,15.82,646,0,1,Other,4,0,0.84,High Risk
13880,2011-11-18 13:44:00,2010-05-26 14:29:00,17,4293.86,2535,148,19.254977578475334,21,540,0,Champions,14,1,0.03333333333333333,Low Risk
13881,2011-12-06 12:50:00,2010-03-04 14:41:00,43,45179.1,29760,182,98.8601750547046,4,641,0,Champions,15,1,0.013333333333333334,Low Risk
13882,2011-12-07 11:16:00,2011-10-06 15:28:00,5,1191.13,953,54,18.325076923076924,3,61,0,Loyal Customers,12,1,0.13,Low Risk
13883,2011-11-29 10:45:00,2009-12-08 17:26:00,15,6560.02,3584,200,20.759556962025318,11,720,0,Champions,15,1,0.0033333333333333335,Low Risk
13884,2011-12-02 16:30:00,2010-08-26 19:57:00,10,1825.03,752,108,10.027637362637362,7,462,0,Champions,14,1,0.16666666666666666,Low Risk
13885,2011-06-03 15:07:00,2011-05-23 08:52:00,2,506.8,182,28,18.1,189,11,1,Other,7,0,0.7966666666666666,High Risk
13886,2011-09-29 13:17:00,2011-09-29 13:17:00,1,243.56,126,16,15.2225,71,0,0,Other,5,0,0.21,Low Risk
13887,2011-05-19 17:22:00,2011-05-19 17:22:00,1,349.55,147,19,18.397368421052633,204,0,1,Other,5,0,0.9466666666666667,High Risk
13888,2011-08-12 10:13:00,2010-05-13 11:57:00,7,2001.5900000000001,795,124,11.705204678362573,120,455,1,Loyal Customers,11,1,0.79,High Risk
13889,2011-09-08 09:13:00,2010-01-22 14:32:00,6,1991.23,979,57,23.990722891566264,93,593,1,Loyal Customers,11,1,0.8066666666666666,High Risk
13890,2011-12-08 15:36:00,2009-12-06 15:15:00,14,2927.38,1392,100,16.921271676300577,1,732,0,Champions,15,1,0.0,Low Risk
13891,2010-11-26 15:57:00,2010-05-06 16:02:00,3,859.21,476,97,8.678888888888888,378,203,1,At Risk,8,0,0.8766666666666667,High Risk
13892,2011-11-13 11:50:00,2010-05-13 10:32:00,6,1267.65,3125,33,35.212500000000006,27,549,0,Champions,12,1,0.16666666666666666,Low Risk
13893,2011-02-15 11:30:00,2011-02-15 11:30:00,1,821.1,190,21,39.1,298,0,1,Other,6,0,0.85,High Risk
13894,2011-11-16 09:44:00,2011-02-02 12:54:00,3,564.62,354,25,20.911851851851853,24,286,0,Other,9,0,0.7,High Risk
13895,2011-11-11 16:57:00,2009-12-03 13:09:00,6,4008.52,2060,154,21.551182795698924,28,708,0,Champions,13,1,0.0,Low Risk
13896,2010-03-24 08:55:00,2010-03-24 08:55:00,1,388.55,149,21,18.502380952380953,626,0,1,Other,4,0,0.92,High Risk
13897,2011-10-20 14:30:00,2010-01-31 13:48:00,3,1160.72,820,58,19.67322033898305,50,627,0,Other,10,0,0.03,Low Risk
13898,2011-01-18 10:28:00,2010-10-24 15:42:00,2,686.4,544,43,14.921739130434782,326,85,1,Other,7,0,0.8833333333333333,High Risk
13899,2011-11-23 13:40:00,2011-03-10 09:30:00,2,388.52,156,19,20.448421052631577,16,258,0,New / Potential,9,0,0.6833333333333333,High Risk
13900,2011-06-09 19:26:00,2010-03-25 13:46:00,6,1610.5900000000001,938,80,16.953578947368424,183,441,1,Loyal Customers,11,1,0.95,High Risk
13901,2011-09-28 14:48:00,2010-01-05 09:29:00,15,5676.34,3344,280,18.310774193548387,72,631,0,Loyal Customers,13,1,0.0,Low Risk
13902,2010-03-17 13:09:00,2009-12-15 10:02:00,5,34095.26,220600,58,541.1946031746032,632,92,1,At Risk,10,1,0.5333333333333333,Medium Risk
13903,2010-11-04 17:44:00,2010-11-04 17:44:00,1,165.45000000000002,103,10,16.545,400,0,1,Other,4,0,0.98,High Risk
13904,2011-11-02 13:41:00,2011-02-18 11:18:00,2,332.64,332,24,12.793846153846154,37,257,0,New / Potential,8,0,0.2966666666666667,Low Risk
13905,2009-12-07 11:41:00,2009-12-07 11:41:00,1,312.65,135,12,26.054166666666664,733,0,1,Other,4,0,0.9233333333333333,High Risk
13906,2010-10-26 15:00:00,2010-10-26 15:00:00,1,42.0,100,1,42.0,409,0,1,Other,4,0,0.95,High Risk
13907,2010-01-17 12:22:00,2010-01-17 12:22:00,1,136.8,68,4,34.2,692,0,1,Other,3,0,0.9366666666666666,High Risk
13908,2011-09-21 11:49:00,2011-03-08 12:04:00,4,2369.55,1478,104,19.42254098360656,80,196,0,High Value Customers,10,1,0.58,Medium Risk
13909,2010-10-12 17:22:00,2010-07-06 16:52:00,2,282.85,301,35,7.44342105263158,423,98,1,Other,4,0,0.9033333333333333,High Risk
13911,2011-10-13 15:43:00,2010-03-01 16:31:00,20,4234.99,4487,178,17.7940756302521,57,590,0,Champions,14,1,0.02,Low Risk
13912,2010-10-12 08:43:00,2010-10-12 08:43:00,1,124.95,29,7,17.85,424,0,1,Other,3,0,0.9066666666666666,High Risk
13913,2010-07-21 10:11:00,2010-07-21 10:11:00,1,42.22,10,3,14.073333333333332,507,0,1,Other,3,0,0.99,High Risk
13914,2011-11-28 10:35:00,2011-11-03 16:28:00,2,626.45,380,28,18.983333333333334,12,24,0,New / Potential,10,0,0.19,Low Risk
13915,2010-11-10 15:17:00,2010-11-10 15:17:00,1,70.80000000000001,24,2,35.400000000000006,394,0,1,Other,4,0,0.8433333333333334,High Risk
13916,2010-09-02 10:04:00,2010-02-02 10:06:00,4,1275.81,673,72,17.240675675675675,464,211,1,At Risk,8,0,0.61,High Risk
13917,2011-10-21 09:56:00,2011-06-01 12:46:00,2,272.04,228,16,15.113333333333335,50,141,0,New / Potential,7,0,0.25666666666666665,Low Risk
13918,2011-10-21 12:25:00,2011-03-31 18:05:00,2,1212.8400000000001,1140,30,40.428000000000004,50,203,0,New / Potential,9,0,0.7433333333333333,High Risk
13919,2011-10-11 14:24:00,2010-06-17 09:30:00,4,1360.68,1133,65,17.67116883116883,59,481,0,High Value Customers,11,1,0.19333333333333333,Low Risk
13920,2010-10-04 12:37:00,2010-05-26 15:48:00,4,1774.68,1772,81,20.635813953488373,432,130,1,At Risk,8,0,0.8433333333333334,High Risk
13921,2010-11-02 16:32:00,2009-12-18 12:19:00,4,730.7,210,36,16.606818181818184,402,319,1,At Risk,8,0,0.87,High Risk
13922,2010-12-23 10:38:00,2010-08-29 14:36:00,3,865.2,467,30,28.84,352,115,1,At Risk,8,0,0.9466666666666667,High Risk
13923,2011-10-17 12:33:00,2011-10-17 12:33:00,1,351.13,185,20,17.5565,54,0,0,New / Potential,7,0,0.43666666666666665,Medium Risk
13924,2011-12-08 09:39:00,2011-09-28 15:07:00,6,1838.8500000000001,1575,90,15.716666666666669,2,70,0,Champions,13,1,0.09,Low Risk
13925,2011-09-08 12:47:00,2011-07-28 12:09:00,4,678.25,331,28,16.54268292682927,93,42,1,Other,9,0,0.7433333333333333,High Risk
13926,2011-11-16 13:16:00,2011-11-16 13:16:00,1,223.85000000000002,104,11,20.35,23,0,0,New / Potential,6,0,0.24666666666666667,Low Risk
13927,2011-09-26 12:00:00,2010-09-28 16:12:00,2,708.26,463,37,17.274634146341462,75,362,0,Other,8,0,0.11333333333333333,Low Risk
13928,2011-11-29 10:33:00,2011-07-29 15:59:00,4,464.57,129,23,17.206296296296298,11,122,0,Other,10,1,0.7833333333333333,High Risk
13929,2011-06-23 15:26:00,2010-01-14 07:25:00,11,3494.1,1566,38,61.3,169,525,1,Loyal Customers,13,1,0.7966666666666666,High Risk
13930,2011-10-13 09:45:00,2011-07-26 11:00:00,2,337.34,274,15,19.843529411764706,58,78,0,New / Potential,8,0,0.26666666666666666,Low Risk
13931,2011-09-05 10:12:00,2009-12-03 10:26:00,11,5257.38,3488,205,19.399926199261994,96,640,1,Loyal Customers,13,1,0.01,Low Risk
13932,2011-02-18 12:02:00,2011-02-18 12:02:00,1,307.4,72,16,19.2125,295,0,1,Other,5,0,0.8766666666666667,High Risk
13933,2011-08-22 14:03:00,2011-07-14 13:35:00,2,608.79,205,23,26.469130434782606,109,39,1,Other,7,0,0.8833333333333333,High Risk
13934,2011-03-21 08:39:00,2011-03-21 08:39:00,1,922.1,390,31,29.74516129032258,264,0,1,Other,6,0,0.7466666666666667,High Risk
13935,2010-04-22 11:21:00,2010-02-25 16:01:00,3,6116.92,2252,67,76.4615,597,55,1,At Risk,9,0,0.86,High Risk
13936,2011-06-13 08:47:00,2010-10-21 14:21:00,3,939.6600000000001,661,56,15.926440677966102,180,234,1,Other,9,0,0.9133333333333333,High Risk
13937,2011-06-23 16:35:00,2010-11-02 12:37:00,2,880.13,587,54,16.298703703703705,169,233,1,Other,8,0,0.9466666666666667,High Risk
13938,2011-11-04 14:37:00,2011-11-04 14:37:00,1,71.66,70,7,10.237142857142857,35,0,0,New / Potential,6,0,0.3566666666666667,Medium Risk
13939,2011-11-16 13:33:00,2010-04-06 12:43:00,7,1560.96,1608,91,14.190545454545456,23,589,0,Champions,12,1,0.10333333333333333,Low Risk
13940,2011-11-22 15:15:00,2011-07-18 16:05:00,4,839.14,516,39,17.12530612244898,17,126,0,Other,11,1,0.24333333333333335,Low Risk
13941,2011-11-18 09:43:00,2009-12-16 16:10:00,15,10027.18,4782,42,106.67212765957447,22,701,0,Champions,14,1,0.05,Low Risk
13942,2010-06-23 12:35:00,2010-06-23 12:35:00,1,320.0,1000,1,320.0,535,0,1,Other,4,0,0.9193343104270902,High Risk
13943,2010-05-11 11:30:00,2010-05-11 11:30:00,1,246.54000000000002,94,15,16.436,578,0,1,Other,3,0,0.9766666666666667,High Risk
13944,2010-02-24 15:02:00,2010-02-24 15:02:00,1,200.43,153,35,5.726571428571429,653,0,1,Other,3,0,0.8566666666666667,High Risk
13945,2010-11-10 10:00:00,2010-08-17 09:59:00,2,854.1500000000001,413,49,16.748039215686276,395,85,1,Other,7,0,0.9233333333333333,High Risk
13946,2011-09-21 13:33:00,2009-12-04 11:07:00,6,1876.23,2847,49,33.504107142857144,79,656,0,Loyal Customers,11,1,0.016666666666666666,Low Risk
13947,2011-10-05 14:42:00,2011-10-05 14:42:00,1,90.60000000000001,44,5,18.12,65,0,0,Other,5,0,0.2833333333333333,Low Risk
13948,2010-12-14 10:18:00,2009-12-04 12:14:00,4,548.76,248,23,22.865,361,374,1,At Risk,7,0,0.5166666666666667,Medium Risk
13949,2011-12-07 09:35:00,2011-09-06 11:55:00,6,2427.32,2474,124,15.170750000000002,3,91,0,Champions,13,1,0.14333333333333334,Low Risk
13950,2011-11-28 14:44:00,2011-04-07 11:29:00,4,745.0600000000001,323,33,21.287428571428574,11,235,0,Other,11,1,0.25,Low Risk
13951,2011-06-16 16:43:00,2011-02-18 15:21:00,3,674.45,459,38,17.293589743589745,176,118,1,Other,9,0,0.8,High Risk
13952,2011-05-06 09:00:00,2009-12-16 09:41:00,14,12823.521,5947,238,31.35335207823961,218,505,1,At Risk,12,1,0.7,High Risk
13953,2011-12-02 16:04:00,2009-12-11 12:58:00,12,6640.68,5224,8,265.6272,7,721,0,Champions,15,1,0.04666666666666667,Low Risk
13954,2011-12-08 12:50:00,2011-09-30 10:52:00,2,439.92,150,24,17.5968,2,69,0,New / Potential,9,1,0.31333333333333335,Medium Risk
13955,2011-07-08 17:19:00,2010-11-29 17:35:00,3,544.0699999999999,272,82,6.400823529411764,154,220,1,Other,8,0,0.8933333333333333,High Risk
13956,2011-12-04 13:20:00,2011-03-13 12:51:00,5,1019.27,486,123,6.933809523809524,5,266,0,Loyal Customers,12,1,0.48333333333333334,Medium Risk
13957,2010-10-18 10:02:00,2010-02-19 10:32:00,3,458.25,157,21,16.97222222222222,418,240,1,At Risk,6,0,0.8533333333333334,High Risk
13958,2010-11-25 10:11:00,2009-12-05 13:12:00,8,4709.2300000000005,2264,172,20.745506607929517,380,354,1,At Risk,11,1,0.74,High Risk
13959,2011-09-21 15:06:00,2010-07-16 15:11:00,6,1064.77,694,120,6.781974522292994,79,431,0,Loyal Customers,10,1,0.11333333333333333,Low Risk
13960,2011-11-18 15:27:00,2011-09-29 12:39:00,2,230.22,142,11,19.185,21,50,0,New / Potential,7,0,0.23,Low Risk
13961,2010-11-12 14:40:00,2010-11-12 14:40:00,1,538.4,226,19,28.336842105263155,392,0,1,Other,5,0,0.91,High Risk
13962,2011-11-18 08:47:00,2010-09-30 10:35:00,3,362.8,160,23,15.773913043478261,22,413,0,Other,9,0,0.17333333333333334,Low Risk
13963,2011-02-04 14:43:00,2010-04-21 16:20:00,17,2860.57,2007,129,17.33678787878788,308,288,1,At Risk,11,1,0.75,High Risk
13964,2010-11-17 13:53:00,2010-10-05 12:38:00,2,438.9,228,22,18.287499999999998,387,43,1,Other,6,0,0.88,High Risk
13965,2010-08-20 10:40:00,2010-01-05 15:21:00,3,996.61,425,23,41.525416666666665,477,226,1,At Risk,7,0,0.9233333333333333,High Risk
13966,2010-09-30 13:08:00,2010-09-30 13:08:00,1,384.26,760,21,18.298095238095236,435,0,1,Other,4,0,0.8733333333333333,High Risk
13967,2011-07-17 12:02:00,2010-11-08 13:24:00,2,166.3,66,4,27.71666666666667,146,250,1,Other,6,0,0.91,High Risk
13968,2010-10-12 13:22:00,2010-10-12 13:22:00,1,123.66,174,8,15.4575,423,0,1,Other,3,0,0.8733333333333333,High Risk
13969,2011-12-02 15:11:00,2010-03-25 13:15:00,35,12973.460000000001,6640,472,12.193101503759399,7,617,0,Champions,15,1,0.30666666666666664,Medium Risk
13970,2010-11-18 13:21:00,2010-09-28 11:53:00,2,846.55,469,10,65.11923076923077,386,51,1,Other,7,0,0.8366666666666667,High Risk
13971,2011-11-21 12:06:00,2010-01-26 09:51:00,14,4667.57,3084,184,18.30419607843137,19,664,0,Champions,15,1,0.0,Low Risk
13972,2011-09-30 11:54:00,2011-05-22 11:34:00,2,190.25,187,15,12.683333333333334,71,131,0,Other,6,0,0.6766666666666666,High Risk
13973,2011-02-25 15:21:00,2011-02-25 15:21:00,1,264.7,109,11,24.063636363636363,287,0,1,Other,4,0,0.7866666666666666,High Risk
13974,2011-10-21 14:41:00,2010-05-06 17:55:00,2,677.72,356,43,15.76093023255814,49,532,0,New / Potential,9,0,0.05333333333333334,Low Risk
13975,2011-11-08 13:19:00,2010-02-02 13:13:00,12,5256.4,3884,434,7.132157394843961,31,644,0,Champions,14,1,0.006666666666666667,Low Risk
13976,2011-05-17 09:13:00,2010-02-09 13:08:00,4,1192.3600000000001,452,49,21.29214285714286,207,461,1,At Risk,8,0,0.95,High Risk
13977,2010-10-24 14:08:00,2010-10-24 14:08:00,1,519.8100000000001,303,13,39.98538461538462,411,0,1,Other,4,0,0.96,High Risk
13978,2011-11-25 11:36:00,2011-10-25 15:04:00,2,196.79,315,14,13.119333333333334,15,30,0,New / Potential,8,0,0.20666666666666667,Low Risk
13979,2011-09-27 13:32:00,2009-12-03 10:02:00,7,3379.93,2270,356,8.60033078880407,73,663,0,Loyal Customers,12,1,0.006666666666666667,Low Risk
13980,2011-10-10 13:34:00,2010-02-21 14:18:00,5,768.8199999999999,463,57,12.203492063492062,60,595,0,Loyal Customers,10,0,0.15,Low Risk
13981,2010-10-20 10:03:00,2010-10-20 10:03:00,1,331.14,234,22,15.05181818181818,416,0,1,Other,4,0,0.9266666666666666,High Risk
13982,2011-10-31 16:24:00,2010-01-20 14:04:00,9,3954.29,2478,123,17.57462222222222,39,649,0,Champions,14,1,0.0,Low Risk
13983,2011-11-10 11:06:00,2009-12-09 13:53:00,21,6753.89,3925,238,20.781200000000002,30,700,0,Champions,14,1,0.0,Low Risk
13984,2011-11-13 12:38:00,2009-12-07 11:51:00,12,1893.8,1301,53,21.520454545454545,27,706,0,Champions,13,1,0.0033333333333333335,Low Risk
13985,2011-12-05 17:06:00,2010-02-09 13:56:00,22,10020.86,4936,149,20.87679166666667,4,664,0,Champions,15,1,0.0,Low Risk
13986,2011-11-22 15:00:00,2011-11-22 15:00:00,1,320.46,430,12,24.650769230769228,17,0,0,New / Potential,8,0,0.24333333333333335,Low Risk
13987,2010-11-25 10:20:00,2010-11-04 09:54:00,2,682.54,492,46,14.837826086956522,380,21,1,Other,7,0,0.8,High Risk
13988,2011-11-20 10:15:00,2010-03-24 11:05:00,8,4757.8,3385,218,16.12813559322034,20,605,0,Champions,13,1,0.016666666666666666,Low Risk
13989,2011-10-05 09:47:00,2010-05-25 12:13:00,5,2026.06,2207,61,23.558837209302325,66,497,0,Loyal Customers,11,1,0.19666666666666666,Low Risk
13990,2011-05-10 15:19:00,2011-05-10 15:19:00,1,311.3,190,16,19.45625,213,0,1,Other,5,0,0.94,High Risk
13991,2011-11-27 16:18:00,2011-07-19 12:58:00,6,852.88,995,58,10.400975609756097,12,131,0,Loyal Customers,12,1,0.20666666666666667,Low Risk
13992,2011-11-09 15:23:00,2010-09-02 17:04:00,3,219.5,154,10,19.954545454545453,30,432,0,Other,8,0,0.22,Low Risk
13993,2011-10-28 09:06:00,2009-12-03 11:57:00,19,6775.71,2135,110,25.960574712643677,43,693,0,Champions,14,1,0.006666666666666667,Low Risk
13994,2011-12-06 11:05:00,2011-07-14 18:28:00,6,2274.14,932,122,15.36581081081081,4,144,0,Champions,13,1,0.29333333333333333,Low Risk
13995,2011-11-24 14:22:00,2009-12-18 12:43:00,14,3902.01,2359,146,16.965260869565217,15,706,0,Champions,15,1,0.0,Low Risk
13996,2010-11-18 16:27:00,2010-11-05 15:07:00,2,895.76,613,29,27.144242424242425,386,13,1,Other,7,0,0.68,High Risk
13997,2010-07-08 18:06:00,2010-06-07 17:33:00,3,376.46,143,36,8.55590909090909,519,31,1,At Risk,6,0,0.8633333333333333,High Risk
13998,2010-09-19 10:20:00,2010-05-12 13:18:00,3,566.7,204,30,18.280645161290323,447,129,1,At Risk,6,0,0.88,High Risk
13999,2011-11-29 13:40:00,2009-12-05 12:42:00,29,9502.26,5043,174,20.391115879828327,10,724,0,Champions,15,1,0.0,Low Risk
14000,2011-05-12 16:50:00,2009-12-02 09:50:00,5,2046.34,1838,28,41.76204081632653,211,526,1,At Risk,10,0,0.3,Low Risk
14001,2011-10-25 10:31:00,2010-08-03 12:49:00,9,4228.85,1779,60,41.056796116504856,46,447,0,Champions,14,1,0.12333333333333334,Low Risk
14002,2011-07-28 15:55:00,2011-07-06 14:59:00,2,529.73,877,47,11.270851063829788,134,22,1,Other,7,0,0.45,Medium Risk
14003,2009-12-07 08:53:00,2009-12-07 08:53:00,1,209.41,149,16,13.088125,733,0,1,Other,3,0,0.8666666666666667,High Risk
14004,2011-10-27 14:40:00,2010-09-30 09:39:00,11,6258.45,3425,127,25.968672199170125,43,392,0,Champions,14,1,0.09666666666666666,Low Risk
14005,2011-11-30 12:41:00,2011-05-08 10:33:00,5,2874.72,2478,53,34.22285714285714,10,206,0,Champions,13,1,0.18,Low Risk
14006,2011-08-16 09:39:00,2010-02-25 09:45:00,7,2196.67,2181,55,28.528181818181817,116,536,1,Loyal Customers,11,1,0.8033333333333333,High Risk
14007,2010-07-15 09:06:00,2010-07-15 09:06:00,1,79.48,16,5,15.896,513,0,1,Other,3,0,0.9633333333333334,High Risk
14008,2010-10-03 13:09:00,2010-10-03 13:09:00,1,509.04,326,32,15.9075,432,0,1,Other,4,0,0.87,High Risk
14009,2011-05-25 15:47:00,2010-09-03 12:08:00,3,1099.91,951,71,14.863648648648649,198,264,1,At Risk,8,0,0.8633333333333333,High Risk
14010,2010-05-23 13:00:00,2010-05-23 12:46:00,2,445.15,177,20,18.547916666666666,565,0,1,Other,5,0,0.8833333333333333,High Risk
14011,2010-08-16 15:31:00,2010-04-11 13:40:00,2,457.82,644,32,14.306875,480,127,1,Other,5,0,0.8133333333333334,High Risk
14012,2011-03-07 12:26:00,2011-03-07 12:26:00,1,328.8,160,11,29.89090909090909,278,0,1,Other,5,0,0.9366666666666666,High Risk
14013,2011-08-21 15:01:00,2010-03-26 10:02:00,5,1084.57,775,56,15.949558823529411,110,513,1,Loyal Customers,10,0,0.7266666666666667,High Risk
14014,2011-09-23 13:18:00,2010-05-12 09:04:00,3,1948.21,2004,76,25.63434210526316,77,499,0,High Value Customers,10,0,0.11666666666666667,Low Risk
14015,2011-10-18 10:02:00,2011-10-18 10:02:00,1,917.34,378,20,45.867000000000004,53,0,0,New / Potential,8,0,0.25333333333333335,Low Risk
14016,2011-07-01 11:29:00,2010-01-08 14:12:00,11,11403.41,5722,354,25.45404017857143,162,538,1,Loyal Customers,13,1,0.6833333333333333,High Risk
14017,2010-05-17 14:52:00,2010-05-17 14:52:00,1,229.75,73,14,16.410714285714285,571,0,1,Other,3,0,0.9366666666666666,High Risk
14018,2010-03-04 14:23:00,2010-03-04 14:23:00,1,367.15,224,13,28.24230769230769,645,0,1,Other,4,0,0.8033333333333333,High Risk
14019,2011-10-24 10:13:00,2011-07-24 15:39:00,3,1421.6100000000001,1037,37,21.539545454545458,47,91,0,High Value Customers,11,0,0.19333333333333333,Low Risk
14020,2011-11-23 09:22:00,2010-06-28 15:29:00,4,1249.01,648,63,17.347361111111113,17,512,0,High Value Customers,12,1,0.11666666666666667,Low Risk
14021,2011-07-07 15:46:00,2010-04-26 11:22:00,7,1716.58,878,84,19.07311111111111,155,437,1,Loyal Customers,11,1,0.8233333333333334,High Risk
14022,2011-04-28 14:39:00,2010-08-10 09:38:00,2,792.15,681,45,16.854255319148937,225,261,1,Other,7,0,0.83,High Risk
14023,2011-12-02 13:58:00,2011-04-03 15:50:00,2,584.07,345,30,18.840967741935486,7,242,0,New / Potential,9,1,0.5966666666666667,Medium Risk
14024,2011-08-10 11:30:00,2010-11-14 10:51:00,3,645.74,238,33,18.99235294117647,122,269,1,Other,9,0,0.61,High Risk
14025,2010-09-01 10:11:00,2010-05-05 09:56:00,8,4057.9,1914,60,40.98888888888889,465,119,1,At Risk,10,1,0.8233333333333334,High Risk
14026,2010-08-26 10:31:00,2010-03-24 14:10:00,2,713.11,427,43,14.2622,471,154,1,Other,6,0,0.9066666666666666,High Risk
14027,2011-10-10 09:01:00,2011-10-10 09:01:00,1,104.82,62,6,17.47,61,0,0,Other,5,0,0.28,Low Risk
14028,2010-06-07 13:33:00,2010-06-07 12:02:00,3,10396.5,7170,3,1155.1666666666667,550,0,1,At Risk,9,0,0.8033333333333333,High Risk
14029,2011-10-07 14:46:00,2011-07-18 16:57:00,2,467.66,198,15,31.177333333333333,63,80,0,Other,7,0,0.85,High Risk
14030,2011-11-21 16:48:00,2009-12-10 17:27:00,20,7521.8,4215,591,9.128398058252428,18,710,0,Champions,15,1,0.006666666666666667,Low Risk
14031,2011-12-02 17:13:00,2009-12-03 15:35:00,44,39019.51,13783,280,52.02601333333334,7,729,0,Champions,15,1,0.0,Low Risk
14032,2011-12-07 15:23:00,2009-12-14 12:02:00,16,4546.41,3740,79,19.767,2,723,0,Champions,15,1,0.0,Low Risk
14033,2010-06-02 15:10:00,2010-06-02 15:10:00,1,109.44,576,1,109.44,555,0,1,Other,3,0,0.8910860472766576,High Risk
14034,2011-11-17 14:02:00,2011-07-05 13:06:00,3,648.89,420,82,7.545232558139535,22,135,0,Other,10,0,0.17333333333333334,Low Risk
14035,2011-11-11 10:03:00,2010-04-06 12:39:00,9,2794.75,1405,70,19.27413793103448,29,583,0,Champions,13,1,0.29,Low Risk
14036,2011-02-28 09:26:00,2011-02-28 09:26:00,1,626.65,268,38,16.49078947368421,285,0,1,Other,6,0,0.97,High Risk
14037,2011-06-16 13:57:00,2009-12-07 11:39:00,6,836.95,590,96,7.341666666666667,176,556,1,Loyal Customers,10,0,0.7633333333333333,High Risk
14038,2011-09-22 13:37:00,2010-02-04 08:56:00,5,3069.88,1708,99,19.067577639751555,78,595,0,Loyal Customers,12,1,0.06333333333333334,Low Risk
14039,2011-11-06 13:48:00,2010-05-13 10:15:00,2,267.28000000000003,192,10,26.728,33,542,0,New / Potential,7,0,0.13666666666666666,Low Risk
14040,2011-10-30 12:42:00,2009-12-01 12:14:00,35,12523.81,4972,335,16.035608194622277,41,698,0,Champions,14,1,0.0,Low Risk
14041,2011-03-18 13:25:00,2011-03-18 13:25:00,1,141.41,94,21,6.733809523809524,266,0,1,Other,4,0,0.9833333333333333,High Risk
14042,2009-12-14 15:07:00,2009-12-14 15:07:00,1,431.98,180,21,20.570476190476192,725,0,1,Other,4,0,0.7933333333333333,High Risk
14043,2010-08-05 18:18:00,2009-12-10 15:56:00,2,302.59999999999997,152,37,7.380487804878048,491,238,1,Other,5,0,0.8166666666666667,High Risk
14044,2011-11-13 12:05:00,2010-01-24 15:14:00,10,3077.7,2100,533,3.7260290556900726,27,657,0,Champions,14,1,0.016666666666666666,Low Risk
14045,2011-08-22 15:27:00,2010-01-08 10:08:00,16,10986.63,4459,16,296.93594594594595,109,591,1,Loyal Customers,13,1,0.74,High Risk
14046,2011-02-28 14:48:00,2011-02-28 14:48:00,1,154.99,460,14,11.070714285714287,284,0,1,Other,4,0,0.83,High Risk
14047,2011-12-01 11:43:00,2010-02-01 10:05:00,14,3968.11,1541,91,26.105986842105263,9,668,0,Champions,15,1,0.0033333333333333335,Low Risk
14048,2011-02-07 14:53:00,2010-11-22 14:08:00,3,748.69,467,126,5.309858156028369,305,77,1,At Risk,8,0,0.49,Medium Risk
14049,2011-11-23 12:20:00,2010-04-01 14:52:00,13,13023.4,8480,573,12.274646559849199,17,600,0,Champions,15,1,0.08666666666666667,Low Risk
14050,2011-11-08 10:00:00,2011-08-25 13:46:00,2,746.36,689,49,13.821481481481483,32,74,0,New / Potential,9,0,0.48333333333333334,Medium Risk
14051,2011-12-09 10:20:00,2009-12-03 11:53:00,37,21770.98,5709,82,68.46220125786164,1,735,0,Champions,15,1,0.0,Low Risk
14052,2011-11-20 12:30:00,2010-11-14 11:37:00,2,466.66,174,115,3.8566942148760335,20,371,0,New / Potential,8,0,0.15333333333333332,Low Risk
14053,2011-08-07 14:27:00,2010-08-10 11:02:00,4,572.3,490,3,63.58888888888888,124,362,1,Other,8,0,0.8166666666666667,High Risk
14054,2011-10-05 15:49:00,2011-10-05 15:49:00,1,92.46000000000001,62,6,15.410000000000002,65,0,0,Other,5,0,0.35333333333333333,Medium Risk
14055,2011-08-25 15:04:00,2009-12-16 15:11:00,3,1520.96,720,33,46.08969696969697,106,616,1,High Value Customers,10,0,0.7333333333333333,High Risk
14056,2011-12-08 13:36:00,2011-02-28 15:19:00,23,8152.71,4252,320,7.493299632352941,1,282,0,Champions,15,1,0.09666666666666666,Low Risk
14057,2011-11-16 10:32:00,2009-12-03 13:17:00,22,8346.66,6438,244,18.67261744966443,24,712,0,Champions,14,1,0.0,Low Risk
14058,2010-09-03 09:31:00,2010-06-27 11:29:00,2,469.19,211,23,19.549583333333334,463,67,1,Other,5,0,0.92,High Risk
14059,2011-03-18 10:06:00,2011-03-18 10:06:00,1,183.6,128,8,22.95,267,0,1,Other,4,0,0.9166666666666666,High Risk
14060,2011-12-05 12:29:00,2010-03-11 09:47:00,30,8898.24,7419,100,34.48930232558139,5,634,0,Champions,15,1,0.0033333333333333335,Low Risk
14061,2010-07-20 17:22:00,2009-12-01 18:03:00,3,917.4300000000001,133,17,48.28578947368421,507,230,1,At Risk,7,0,0.9266666666666666,High Risk
14062,2011-11-30 10:04:00,2009-12-10 14:28:00,24,25585.65,12794,141,75.25191176470588,10,719,0,Champions,15,1,0.0,Low Risk
14063,2010-09-27 16:18:00,2009-12-08 13:46:00,9,22710.2,3850,30,567.755,438,293,1,At Risk,11,1,0.77,High Risk
14064,2011-11-10 13:14:00,2010-01-21 13:22:00,15,3260.2400000000002,3911,131,13.814576271186441,29,657,0,Champions,14,1,0.006666666666666667,Low Risk
14065,2010-11-15 16:13:00,2010-10-04 12:03:00,3,891.02,582,42,18.18408163265306,389,42,1,At Risk,8,0,0.23333333333333334,Low Risk
14066,2011-03-18 12:21:00,2011-03-18 12:21:00,1,152.55,45,7,21.792857142857144,267,0,1,Other,4,0,0.6533333333333333,High Risk
14067,2011-10-07 10:21:00,2011-09-04 12:00:00,2,374.7,361,51,7.2057692307692305,64,32,0,Other,7,0,0.15666666666666668,Low Risk
14068,2011-01-23 16:02:00,2010-01-31 10:10:00,4,1516.72,510,93,14.043703703703704,320,357,1,At Risk,9,0,0.89,High Risk
14069,2010-07-13 12:12:00,2010-05-27 12:30:00,2,225.81,58,37,5.507560975609756,515,46,1,Other,4,0,0.96,High Risk
14070,2010-01-24 12:27:00,2010-01-24 12:27:00,1,321.6,85,40,7.843902439024391,685,0,1,Other,4,0,0.9266666666666666,High Risk
14071,2011-12-06 12:27:00,2011-03-20 11:33:00,8,1437.57,994,271,4.450681114551084,4,261,0,Champions,13,1,0.19333333333333333,Low Risk
14072,2010-02-11 12:31:00,2010-02-11 12:31:00,1,390.85,65,19,20.571052631578947,667,0,1,Other,4,0,0.79,High Risk
14073,2011-11-07 15:49:00,2011-11-07 15:49:00,1,151.04,130,13,11.618461538461538,32,0,0,New / Potential,6,0,0.25666666666666665,Low Risk
14074,2010-03-26 13:55:00,2010-03-26 13:55:00,1,219.4,228,6,36.56666666666667,623,0,1,Other,3,0,0.8515815964837657,High Risk
14075,2011-12-05 08:38:00,2010-06-16 14:47:00,6,1734.87,1494,59,21.41814814814815,5,536,0,Champions,13,1,0.19333333333333333,Low Risk
14076,2011-08-02 15:19:00,2011-08-02 15:19:00,1,118.67,79,43,2.6970454545454547,129,0,1,Other,5,0,0.9333333333333333,High Risk
14077,2011-10-30 12:35:00,2010-11-09 16:01:00,6,615.08,376,43,10.983571428571429,41,354,0,Loyal Customers,11,1,0.68,High Risk
14078,2011-08-30 12:16:00,2010-03-28 15:05:00,9,1553.47,586,107,10.49641891891892,102,519,1,Loyal Customers,12,1,0.8366666666666667,High Risk
14079,2011-08-07 12:10:00,2010-01-26 17:19:00,2,618.73,302,13,47.59461538461539,125,557,1,Other,8,0,0.21333333333333335,Low Risk
14080,2011-11-07 11:09:00,2009-12-02 15:01:00,5,1115.68,268,74,13.441927710843375,33,704,0,Loyal Customers,11,1,0.09,Low Risk
14081,2011-02-10 16:17:00,2009-12-10 18:27:00,10,4867.57,3381,465,5.767263033175355,302,426,1,At Risk,12,1,0.6933333333333334,High Risk
14082,2010-12-10 11:02:00,2010-11-12 11:47:00,2,413.36,246,48,6.359384615384616,365,27,1,Other,6,0,0.8266666666666667,High Risk
14083,2011-12-05 13:14:00,2009-12-18 11:34:00,11,1082.19,760,169,5.849675675675676,4,717,0,Loyal Customers,13,1,0.023333333333333334,Low Risk
14084,2010-07-15 14:36:00,2010-07-15 14:36:00,1,150.5,306,7,21.5,512,0,1,Other,3,0,0.61,High Risk
14085,2011-12-07 13:46:00,2009-12-08 13:41:00,33,9720.67,6434,479,9.302076555023923,2,729,0,Champions,15,1,0.0,Low Risk
14086,2010-09-03 10:52:00,2010-09-03 10:52:00,1,39.95,1,1,39.95,463,0,1,Other,3,0,0.9966666666666667,High Risk
14087,2011-12-07 12:41:00,2009-12-04 15:27:00,3,829.47,718,175,3.8942253521126764,3,732,0,Other,11,1,0.05333333333333334,Low Risk
14088,2011-11-29 16:16:00,2010-10-14 19:46:00,16,64036.8,15276,436,93.89560117302054,10,410,0,Champions,15,1,0.11,Low Risk
14089,2011-10-14 10:38:00,2011-10-14 10:38:00,1,158.75,133,13,12.211538461538462,57,0,0,New / Potential,6,0,0.19333333333333333,Low Risk
14090,2011-01-19 10:51:00,2011-01-19 10:51:00,1,76.32000000000001,72,1,76.32000000000001,325,0,1,Other,4,0,1.0,High Risk
14091,2010-02-23 15:17:00,2010-01-10 13:41:00,2,9530.08,3316,13,733.0830769230769,654,44,1,Other,8,0,0.9033333333333333,High Risk
14092,2011-12-02 12:13:00,2009-12-16 16:24:00,24,7229.45,3606,169,19.381903485254693,8,715,0,Champions,15,1,0.0,Low Risk
14093,2011-11-27 16:27:00,2011-11-27 16:27:00,1,433.86,391,95,4.3386000000000005,12,0,0,New / Potential,8,0,0.18,Low Risk
14094,2010-09-26 11:58:00,2010-09-26 11:58:00,1,311.77,158,41,7.250465116279069,440,0,1,Other,4,0,0.95,High Risk
14095,2009-12-17 12:49:00,2009-12-17 12:49:00,1,2.95,1,1,2.95,723,0,1,Other,3,0,0.9066666666666666,High Risk
14096,2011-12-05 17:17:00,2011-08-30 10:49:00,17,65164.79,16352,1119,12.749909998043435,4,97,0,Champions,15,1,0.1,Low Risk
14097,2010-08-15 14:20:00,2010-03-04 10:46:00,2,422.86,352,39,10.5715,481,164,1,Other,5,0,0.8866666666666667,High Risk
14098,2011-11-03 10:13:00,2011-11-03 10:13:00,1,147.35,104,21,7.016666666666667,37,0,0,New / Potential,6,0,0.99,High Risk
14099,2011-11-23 13:53:00,2009-12-10 11:55:00,20,5750.91,3666,273,11.038214971209213,16,713,0,Champions,15,1,0.0,Low Risk
14100,2011-07-25 11:01:00,2011-07-25 11:01:00,1,191.95,63,24,7.678,138,0,1,Other,5,0,0.9966666666666667,High Risk
14101,2011-09-27 12:28:00,2010-03-28 13:36:00,13,9961.93,10542,19,110.68811111111111,74,547,0,Loyal Customers,13,1,0.09666666666666666,Low Risk
14102,2011-12-04 15:38:00,2011-10-26 12:46:00,5,1105.8799999999999,769,35,19.066896551724135,5,39,0,Loyal Customers,12,1,0.20333333333333334,Low Risk
14104,2011-07-08 12:50:00,2010-05-28 16:11:00,5,743.53,496,117,5.507629629629629,155,405,1,Loyal Customers,10,0,0.8233333333333334,High Risk
14105,2011-04-14 17:58:00,2009-12-18 16:57:00,5,5988.83,3534,200,21.465340501792113,239,482,1,At Risk,11,1,0.7766666666666666,High Risk
14106,2009-12-02 14:09:00,2009-12-02 14:09:00,1,214.8,24,1,214.8,737,0,1,Other,3,0,0.9333333333333333,High Risk
14107,2011-10-19 12:12:00,2009-12-09 14:20:00,11,4877.3,3489,102,20.666525423728814,52,678,0,Champions,14,1,0.0033333333333333335,Low Risk
14108,2011-11-09 10:41:00,2009-12-01 18:07:00,4,1044.96,660,49,20.095384615384617,31,707,0,Other,10,1,0.01,Low Risk
14109,2011-09-28 10:18:00,2011-09-28 10:18:00,1,144.2,88,9,16.022222222222222,73,0,0,Other,5,0,0.25666666666666665,Low Risk
14110,2011-12-06 12:26:00,2009-12-01 09:50:00,33,12987.95,5825,177,32.55125313283208,4,735,0,Champions,15,1,0.0,Low Risk
14111,2011-11-25 13:44:00,2011-04-12 11:36:00,4,692.85,458,10,69.285,14,227,0,Other,11,1,0.2966666666666667,Low Risk
14112,2011-11-17 12:30:00,2010-02-23 14:16:00,13,5834.59,3539,199,17.897515337423314,23,631,0,Champions,14,1,0.006666666666666667,Low Risk
14113,2011-12-06 12:18:00,2009-12-08 07:42:00,16,7092.610000000001,3439,76,58.136147540983615,4,728,0,Champions,15,1,0.013333333333333334,Low Risk
14114,2011-03-11 09:42:00,2010-04-12 11:07:00,7,1364.09,650,72,18.43364864864865,274,332,1,At Risk,10,0,0.9033333333333333,High Risk
14115,2010-07-26 12:36:00,2010-02-11 11:44:00,2,622.67,509,22,28.303181818181816,502,165,1,Other,6,0,0.8833333333333333,High Risk
14116,2011-11-20 10:29:00,2011-08-10 12:44:00,5,1382.74,707,61,19.204722222222223,20,101,0,Champions,12,1,0.12666666666666668,Low Risk
14117,2011-07-19 09:49:00,2011-07-19 09:49:00,1,90.0,72,3,30.0,144,0,1,Other,5,0,0.9,High Risk
14118,2010-10-07 11:59:00,2010-10-07 11:59:00,1,458.45,97,15,30.563333333333333,429,0,1,Other,4,0,0.5766666666666667,Medium Risk
14119,2010-11-29 10:33:00,2009-12-21 14:52:00,2,183.37,177,11,16.67,376,342,1,Other,5,0,0.8666666666666667,High Risk
14121,2011-12-06 12:19:00,2011-10-11 10:39:00,4,2780.15,2082,148,17.485220125786164,4,56,0,High Value Customers,12,1,0.17,Low Risk
14122,2010-10-29 15:11:00,2009-12-02 14:22:00,3,362.42,114,12,27.87846153846154,406,331,1,At Risk,7,0,0.6566666666666666,High Risk
14123,2009-12-06 15:35:00,2009-12-06 15:35:00,1,436.18,234,24,18.174166666666668,733,0,1,Other,4,0,0.9,High Risk
14124,2011-09-16 13:32:00,2011-09-16 13:32:00,1,419.58,1618,4,83.916,84,0,0,Other,6,0,0.25,Low Risk
14125,2011-11-29 12:47:00,2011-09-22 15:40:00,3,2720.63,1628,159,16.38933734939759,11,67,0,High Value Customers,12,1,0.1,Low Risk
14126,2011-12-02 11:45:00,2010-09-21 14:51:00,4,1172.46,887,37,27.26651162790698,8,436,0,Other,11,1,0.2733333333333333,Low Risk
14127,2011-08-09 10:49:00,2010-10-10 11:53:00,6,1900.0800000000002,828,96,16.240000000000002,123,302,1,Loyal Customers,11,1,0.91,High Risk
14128,2011-10-10 12:00:00,2010-06-06 14:05:00,3,924.21,814,50,14.218615384615385,61,490,0,Other,9,0,0.2966666666666667,Low Risk
14129,2011-12-08 11:02:00,2010-05-09 14:54:00,9,2591.34,1414,40,23.77376146788991,2,577,0,Champions,14,1,0.46,Medium Risk
14130,2011-01-24 16:05:00,2009-12-11 16:33:00,4,1858.77,1215,189,8.448954545454546,319,408,1,At Risk,9,0,0.71,High Risk
14131,2010-03-01 11:59:00,2010-03-01 11:59:00,1,168.22,105,45,3.65695652173913,649,0,1,Other,3,0,0.8733333333333333,High Risk
14132,2011-12-07 13:35:00,2011-06-09 12:04:00,11,3586.03,3368,100,17.93015,2,181,0,Champions,15,1,0.3233333333333333,Medium Risk
14133,2011-08-02 11:34:00,2009-12-06 12:10:00,4,911.14,398,33,25.309444444444445,130,603,1,Other,9,0,0.66,High Risk
14134,2010-11-22 12:26:00,2009-12-10 09:25:00,15,11123.35,5814,130,61.79638888888889,383,347,1,At Risk,12,1,0.76,High Risk
14135,2011-12-08 11:38:00,2009-12-02 08:58:00,24,8839.67,8534,138,40.363789954337896,2,736,0,Champions,15,1,0.006666666666666667,Low Risk
14136,2010-11-04 11:53:00,2009-12-08 09:19:00,5,1570.81,1148,86,14.818962264150944,401,331,1,At Risk,10,0,0.8733333333333333,High Risk
14137,2010-01-13 12:30:00,2010-01-13 12:30:00,1,332.7,462,11,30.245454545454546,696,0,1,Other,4,0,0.89,High Risk
14138,2011-12-08 12:44:00,2011-10-07 09:38:00,2,965.88,600,40,20.997391304347826,2,62,0,New / Potential,10,1,0.59,Medium Risk
14139,2011-10-24 13:34:00,2010-06-15 09:17:00,4,1086.8,1049,48,15.75072463768116,46,496,0,Other,10,1,0.12,Low Risk
14140,2011-12-06 09:05:00,2011-11-08 11:20:00,2,935.05,811,60,14.167424242424241,4,27,0,New / Potential,10,1,0.22666666666666666,Low Risk
14141,2011-12-07 09:53:00,2011-08-26 14:40:00,4,915.13,355,27,22.87825,3,102,0,Other,11,1,0.2866666666666667,Low Risk
14142,2010-12-01 16:33:00,2010-03-03 15:13:00,2,671.34,518,42,15.257727272727273,373,273,1,Other,7,0,0.67,High Risk
14143,2011-07-29 09:48:00,2011-07-29 09:48:00,1,115.8,30,7,16.54285714285714,134,0,1,Other,5,0,0.9,High Risk
14144,2010-08-10 15:17:00,2010-08-10 15:17:00,1,30.6,12,1,30.6,486,0,1,Other,3,0,0.8333333333333334,High Risk
14145,2011-10-24 12:10:00,2010-04-08 09:47:00,7,7600.05,1655,11,304.002,47,564,0,Champions,13,1,0.6333333333333333,High Risk
14146,2011-12-01 10:18:00,2010-01-13 16:04:00,12,9450.3,5780,337,20.724342105263155,9,686,0,Champions,15,1,0.0033333333333333335,Low Risk
14147,2011-09-22 18:10:00,2010-03-09 13:43:00,9,2590.2,995,24,86.33999999999999,78,562,0,Loyal Customers,12,1,0.13,Low Risk
14148,2011-04-20 12:02:00,2010-10-21 14:08:00,2,466.29,223,15,27.428823529411765,234,180,1,Other,6,0,0.9433333333333334,High Risk
14149,2011-05-03 09:44:00,2011-05-03 09:44:00,1,446.62,218,28,15.950714285714286,221,0,1,Other,5,0,0.8433333333333334,High Risk
14150,2011-11-04 10:05:00,2010-12-15 10:04:00,2,658.64,496,23,25.33230769230769,36,324,0,New / Potential,9,0,0.25333333333333335,Low Risk
14151,2010-02-04 15:35:00,2009-12-23 10:54:00,2,679.45,405,44,15.442045454545456,673,43,1,Other,6,0,0.7766666666666666,High Risk
14152,2011-09-25 12:54:00,2010-02-18 13:57:00,7,1997.3400000000001,1844,104,15.017593984962406,75,583,0,Loyal Customers,11,1,0.08,Low Risk
14153,2010-08-13 14:35:00,2010-08-13 14:35:00,1,233.39999999999998,312,17,13.729411764705882,483,0,1,Other,3,0,0.7933333333333333,High Risk
14154,2011-04-14 16:26:00,2010-01-13 12:47:00,8,6460.7,3222,236,22.12568493150685,239,456,1,At Risk,11,1,0.66,High Risk
14155,2011-03-18 14:13:00,2011-03-18 14:13:00,1,118.75,25,6,19.791666666666668,266,0,1,Other,4,0,0.9566666666666667,High Risk
14156,2011-11-30 10:54:00,2009-12-01 12:30:00,156,313437.62,164325,1446,77.62199603764239,10,728,0,Champions,15,1,0.0,Low Risk
14157,2011-11-20 11:32:00,2010-03-03 16:49:00,5,978.69,521,75,11.514000000000001,20,626,0,Loyal Customers,11,1,0.05333333333333334,Low Risk
14158,2011-10-30 15:08:00,2011-10-30 15:08:00,1,507.65999999999997,781,41,12.381951219512194,40,0,0,New / Potential,7,0,0.21,Low Risk
14159,2011-11-20 12:36:00,2009-12-03 12:31:00,20,7860.8,6520,706,4.281481481481482,20,717,0,Champions,14,1,0.0,Low Risk
14160,2010-04-08 14:30:00,2010-01-10 12:06:00,7,8421.47,4661,80,78.70532710280374,610,88,1,At Risk,10,1,0.7766666666666666,High Risk
14161,2011-05-08 11:41:00,2009-12-13 11:46:00,7,2996.93,1480,202,10.819241877256317,216,510,1,At Risk,11,1,0.78,High Risk
14162,2011-06-19 11:36:00,2011-02-20 12:32:00,2,289.36,142,25,11.5744,174,118,1,Other,7,0,0.8133333333333334,High Risk
14163,2011-09-13 15:18:00,2010-09-03 17:15:00,5,2594.62,950,42,44.7348275862069,87,374,0,Loyal Customers,11,1,0.17666666666666667,Low Risk
14164,2011-09-30 12:24:00,2011-09-20 12:18:00,2,1631.77,1033,28,56.26793103448276,71,10,0,High Value Customers,9,0,0.49333333333333335,Medium Risk
14165,2011-03-09 12:39:00,2011-03-09 12:39:00,1,120.44,53,23,5.0183333333333335,276,0,1,Other,4,0,0.9666666666666667,High Risk
14166,2010-07-22 19:42:00,2010-03-23 15:10:00,2,251.15,82,39,4.924509803921569,505,121,1,Other,4,0,0.9466666666666667,High Risk
14167,2011-10-31 14:29:00,2010-01-27 16:07:00,8,1274.29,340,48,11.080782608695651,39,641,0,Champions,12,1,0.18666666666666668,Low Risk
14168,2010-10-15 10:49:00,2010-05-24 12:28:00,2,370.45,147,11,24.696666666666665,421,143,1,Other,5,0,0.9,High Risk
14169,2010-10-05 08:45:00,2010-09-21 13:39:00,2,621.51,205,50,9.71109375,431,13,1,Other,6,0,0.5966666666666667,Medium Risk
14170,2010-11-29 13:10:00,2010-11-09 14:06:00,3,570.18,270,123,3.9322758620689653,375,19,1,At Risk,7,0,0.77,High Risk
14171,2011-09-02 16:43:00,2009-12-09 13:50:00,2,498.79,211,61,7.79359375,98,632,1,Other,7,0,0.13333333333333333,Low Risk
14172,2010-04-13 13:26:00,2010-03-07 10:58:00,3,369.02,78,38,8.386818181818182,605,37,1,At Risk,6,0,0.8233333333333334,High Risk
14173,2011-11-29 11:54:00,2009-12-09 12:46:00,6,586.0,194,30,17.757575757575758,11,719,0,Loyal Customers,11,1,0.07666666666666666,Low Risk
14174,2011-11-06 13:17:00,2011-11-06 13:17:00,1,134.46,94,26,5.171538461538462,33,0,0,New / Potential,6,0,0.31333333333333335,Medium Risk
14175,2011-10-11 11:55:00,2010-03-22 10:43:00,8,7678.88,3009,237,23.1990332326284,60,568,0,Loyal Customers,12,1,0.09333333333333334,Low Risk
14176,2011-02-15 13:12:00,2010-11-23 13:21:00,5,756.46,265,33,20.444864864864865,297,83,1,At Risk,9,0,0.6033333333333334,High Risk
14177,2011-09-14 15:11:00,2010-02-26 11:59:00,13,2209.69,1043,141,10.778975609756097,86,565,0,Loyal Customers,12,1,0.1,Low Risk
14178,2011-12-01 12:01:00,2011-06-10 12:51:00,7,1600.26,1494,191,5.032264150943396,9,173,0,Champions,13,1,0.09333333333333334,Low Risk
14179,2011-10-30 12:07:00,2011-10-18 14:00:00,2,701.57,319,135,4.46859872611465,41,11,0,New / Potential,9,0,0.20666666666666667,Low Risk
14180,2011-11-29 10:56:00,2010-06-09 14:56:00,33,6117.5,847,125,21.16782006920415,11,537,0,Champions,15,1,0.11333333333333333,Low Risk
14181,2010-10-25 08:27:00,2010-05-26 12:32:00,2,308.35,120,48,5.929807692307692,411,151,1,Other,5,0,0.96,High Risk
14182,2010-09-22 11:45:00,2010-04-22 15:36:00,4,678.77,174,42,13.5754,444,152,1,At Risk,7,0,0.8966666666666666,High Risk
14183,2010-10-24 14:45:00,2010-08-15 15:36:00,2,278.34000000000003,60,27,8.186470588235295,411,69,1,Other,4,0,0.8,High Risk
14184,2011-10-04 12:43:00,2011-10-04 12:43:00,1,452.89,127,24,18.870416666666667,67,0,0,Other,6,0,0.30333333333333334,Medium Risk
14185,2011-01-12 13:52:00,2011-01-12 13:52:00,1,197.65,6,3,65.88333333333334,331,0,1,Other,4,0,0.9766666666666667,High Risk
14186,2010-10-08 13:30:00,2010-03-05 11:17:00,5,1550.63,1550,75,14.909903846153847,427,217,1,At Risk,9,0,0.7766666666666666,High Risk
14187,2010-08-23 12:06:00,2010-08-23 12:06:00,1,123.5,50,8,15.4375,474,0,1,Other,3,0,0.9533333333333334,High Risk
14188,2011-11-09 12:45:00,2011-02-02 13:46:00,6,2054.36,1162,34,31.605538461538462,31,279,0,Champions,12,1,0.21333333333333335,Low Risk
14189,2011-12-07 15:55:00,2010-11-16 09:28:00,16,5503.150000000001,4392,199,17.92557003257329,2,386,0,Champions,15,1,0.03333333333333333,Low Risk
14190,2010-02-11 14:27:00,2010-02-11 14:27:00,1,79.9,2,1,79.9,666,0,1,Other,3,0,1.0,High Risk
14191,2011-12-08 09:23:00,2009-12-11 10:48:00,15,4817.66,3724,147,18.17984905660377,2,726,0,Champions,15,1,0.0,Low Risk
14192,2010-11-16 17:44:00,2010-11-16 17:44:00,1,293.74,218,14,20.981428571428573,388,0,1,Other,5,0,0.8733333333333333,High Risk
14193,2011-10-03 09:34:00,2010-11-08 12:31:00,3,1210.19,653,49,18.90921875,68,328,0,Other,9,0,0.21,Low Risk
14194,2011-12-05 10:38:00,2010-01-06 12:16:00,36,18670.59,10037,432,19.611964285714286,5,697,0,Champions,15,1,0.0,Low Risk
14195,2011-05-22 10:29:00,2010-03-15 17:12:00,6,2615.6,2144,10,163.475,202,432,1,At Risk,10,1,0.8366666666666667,High Risk
14196,2011-08-25 10:25:00,2011-08-25 10:25:00,1,335.52,142,6,55.919999999999995,107,0,1,Other,6,0,0.9166666666666666,High Risk
14197,2010-10-25 10:01:00,2010-10-25 10:01:00,1,390.05,143,20,19.5025,411,0,1,Other,4,0,0.9166666666666666,High Risk
14198,2011-11-21 16:35:00,2010-01-05 10:07:00,9,1569.73,623,58,17.24978021978022,18,685,0,Champions,14,1,0.02,Low Risk
14199,2011-05-05 13:44:00,2010-06-27 12:13:00,4,1091.7,254,15,60.650000000000006,218,312,1,At Risk,8,0,0.9433333333333334,High Risk
14200,2010-04-01 13:01:00,2010-04-01 13:01:00,1,379.2,140,21,18.057142857142857,617,0,1,Other,4,0,0.6666666666666666,High Risk
14201,2011-10-10 13:27:00,2010-04-30 13:00:00,10,1193.54,806,47,21.70072727272727,60,528,0,Loyal Customers,11,1,0.17666666666666667,Low Risk
14202,2010-11-23 17:13:00,2010-03-25 10:36:00,3,847.76,166,27,29.233103448275862,381,243,1,At Risk,8,0,0.92,High Risk
14203,2010-11-07 13:35:00,2010-11-07 13:35:00,1,339.34,80,16,21.20875,397,0,1,Other,5,0,0.97,High Risk
14204,2011-12-07 13:38:00,2009-12-02 13:26:00,4,1024.83,469,186,4.658318181818181,2,735,0,Other,11,1,0.03,Low Risk
14205,2011-11-23 10:55:00,2010-03-07 12:20:00,9,2414.2,1342,79,19.627642276422762,17,625,0,Champions,14,1,0.016666666666666666,Low Risk
14206,2011-04-14 16:38:00,2010-11-02 11:37:00,3,1185.01,930,62,16.690281690140846,239,163,1,At Risk,8,0,0.9033333333333333,High Risk
14207,2010-01-21 09:33:00,2010-01-21 09:33:00,1,157.8,36,2,78.9,688,0,1,Other,3,0,0.9466666666666667,High Risk
14208,2011-09-06 12:48:00,2010-06-06 13:11:00,2,567.05,529,34,16.20142857142857,95,456,1,Other,7,0,0.7466666666666667,High Risk
14209,2011-11-29 10:18:00,2010-01-22 10:28:00,15,4993.27,1739,133,21.61588744588745,11,675,0,Champions,15,1,0.0,Low Risk
14210,2011-08-26 12:36:00,2010-01-06 10:17:00,16,5556.570000000001,2511,143,17.69608280254777,106,597,1,Loyal Customers,13,1,0.04666666666666667,Low Risk
14211,2011-10-17 13:23:00,2009-12-09 12:48:00,18,4402.29,2575,155,18.342875,53,677,0,Champions,14,1,0.0,Low Risk
14212,2011-09-11 12:45:00,2010-09-20 11:48:00,2,2190.14,2046,18,104.29238095238095,90,356,0,High Value Customers,9,0,0.23333333333333334,Low Risk
14213,2010-10-31 10:37:00,2010-10-31 10:37:00,1,1192.2,244,5,238.44,405,0,1,Other,6,0,0.784639536526777,High Risk
14214,2011-11-09 10:31:00,2011-03-07 12:26:00,5,1004.38,751,64,14.990746268656716,31,246,0,Loyal Customers,11,1,0.19333333333333333,Low Risk
14215,2011-11-28 12:19:00,2009-12-08 09:35:00,9,3250.33,2181,167,17.474892473118278,12,720,0,Champions,15,1,0.006666666666666667,Low Risk
14216,2011-12-06 14:56:00,2010-10-21 15:07:00,5,2150.04,712,65,27.9225974025974,3,410,0,Champions,13,1,0.2,Low Risk
14217,2011-12-08 11:53:00,2010-06-30 12:54:00,23,3298.59,1230,122,18.95741379310345,2,525,0,Champions,15,1,0.12333333333333334,Low Risk
14218,2011-10-28 10:00:00,2011-10-28 10:00:00,1,169.48000000000002,160,12,14.123333333333335,43,0,0,New / Potential,6,0,0.5766666666666667,Medium Risk
14219,2011-12-05 16:23:00,2010-08-03 14:42:00,3,633.83,363,39,14.740232558139535,4,489,0,Other,11,1,0.15333333333333332,Low Risk
14220,2011-04-06 13:23:00,2010-05-19 13:26:00,4,1515.0,468,26,39.86842105263158,247,321,1,At Risk,9,0,0.9,High Risk
14221,2011-10-28 13:42:00,2010-04-06 14:10:00,17,6517.49,3808,166,18.782391930835733,42,569,0,Champions,14,1,0.02,Low Risk
14222,2011-06-15 16:42:00,2011-06-15 16:42:00,1,683.17,607,41,16.662682926829266,177,0,1,Other,7,0,0.8666666666666667,High Risk
14223,2011-09-08 13:38:00,2011-03-20 16:02:00,3,991.13,585,50,16.518833333333333,92,171,1,Other,9,0,0.82,High Risk
14224,2011-08-21 13:24:00,2010-06-13 13:46:00,9,1841.71,826,189,8.042401746724892,110,433,1,Loyal Customers,12,1,0.75,High Risk
14225,2010-10-01 10:32:00,2010-01-12 15:02:00,4,2031.07,1167,70,23.617093023255812,435,261,1,At Risk,8,0,0.51,Medium Risk
14226,2011-11-11 11:34:00,2010-09-24 14:32:00,6,2985.13,1714,89,30.774536082474228,29,412,0,Champions,13,1,0.12333333333333334,Low Risk
14227,2011-11-13 15:48:00,2010-02-08 09:38:00,15,6368.71,4048,246,16.8931299734748,26,643,0,Champions,14,1,0.01,Low Risk
14228,2010-09-28 09:45:00,2010-06-11 12:29:00,3,745.5,260,38,19.61842105263158,438,108,1,At Risk,7,0,0.85,High Risk
14229,2011-10-19 10:04:00,2010-08-25 11:47:00,7,2594.04,934,41,36.028333333333336,52,419,0,Champions,12,1,0.14,Low Risk
14230,2010-09-30 09:07:00,2010-06-09 13:56:00,3,979.8000000000001,246,27,29.69090909090909,436,112,1,At Risk,7,0,0.9433333333333334,High Risk
14231,2011-06-09 11:05:00,2010-09-15 09:52:00,4,1235.6200000000001,610,66,17.90753623188406,184,267,1,High Value Customers,10,0,0.9433333333333334,High Risk
14232,2011-10-28 11:09:00,2011-03-20 12:44:00,5,2048.07,1941,81,17.80930434782609,43,221,0,Champions,12,1,0.21333333333333335,Low Risk
14233,2011-10-21 15:54:00,2010-03-05 16:35:00,7,2904.27,1261,42,39.784520547945206,49,594,0,Champions,12,1,0.12,Low Risk
14234,2011-11-17 17:53:00,2011-10-13 13:58:00,4,754.12,951,122,5.130068027210885,22,35,0,Other,10,1,0.2633333333333333,Low Risk
14235,2011-09-25 14:37:00,2010-03-30 13:36:00,9,4717.99,3014,107,31.87831081081081,75,544,0,Loyal Customers,13,1,0.17333333333333334,Low Risk
14236,2011-09-20 09:13:00,2010-07-22 14:27:00,5,1555.34,774,39,33.092340425531916,81,424,0,Loyal Customers,11,1,0.26,Low Risk
14237,2010-12-01 13:20:00,2010-04-28 10:04:00,2,471.14,238,26,18.12076923076923,373,217,1,Other,6,0,0.92,High Risk
14238,2011-01-17 14:40:00,2009-12-05 10:58:00,3,434.23,189,13,33.402307692307694,326,408,1,At Risk,7,0,0.7766666666666666,High Risk
14239,2011-10-27 14:40:00,2009-12-05 12:36:00,21,4263.17,1729,97,20.300809523809523,43,691,0,Champions,14,1,0.0,Low Risk
14240,2011-11-09 13:45:00,2010-10-12 12:48:00,3,1247.49,655,46,20.450655737704917,30,393,0,High Value Customers,11,1,0.30333333333333334,Medium Risk
14241,2011-06-09 11:46:00,2010-01-12 15:11:00,2,333.7,242,12,27.808333333333334,184,512,1,Other,7,0,0.7766666666666666,High Risk
14242,2011-04-19 11:46:00,2011-01-18 08:53:00,2,280.55,123,13,17.534375,235,91,1,Other,5,0,0.7866666666666666,High Risk
14243,2011-12-01 11:12:00,2010-08-20 13:41:00,17,7217.75,3631,235,19.883608815426996,9,467,0,Champions,15,1,0.04666666666666667,Low Risk
14244,2010-02-17 11:40:00,2010-02-17 11:40:00,1,366.41999999999996,814,16,22.901249999999997,661,0,1,Other,4,0,0.9,High Risk
14245,2011-05-04 08:40:00,2011-03-21 10:41:00,2,1693.45,976,107,15.680092592592594,220,43,1,Other,8,0,0.8333333333333334,High Risk
14246,2011-08-21 11:50:00,2011-04-08 08:25:00,3,1474.06,804,57,19.654133333333334,111,135,1,High Value Customers,10,0,0.8566666666666667,High Risk
14247,2011-03-06 15:21:00,2010-06-06 15:07:00,5,753.56,378,82,6.668672566371681,278,273,1,At Risk,9,0,0.5033333333333333,Medium Risk
14248,2011-01-25 14:45:00,2010-07-12 14:27:00,3,1032.95,692,41,21.977659574468085,318,197,1,At Risk,8,0,0.8566666666666667,High Risk
14249,2010-10-25 12:34:00,2010-01-29 14:21:00,12,5400.461,2383,178,19.854636029411765,411,268,1,At Risk,11,1,0.21,Low Risk
14250,2011-12-02 14:30:00,2011-09-11 13:44:00,3,1904.05,1200,94,17.153603603603603,7,82,0,High Value Customers,12,1,0.11666666666666667,Low Risk
14251,2011-12-08 08:32:00,2011-10-13 12:46:00,5,2879.7000000000003,1674,37,36.91923076923077,2,55,0,Champions,13,1,0.15333333333333332,Low Risk
14252,2010-11-23 13:36:00,2010-11-23 13:36:00,1,350.99,111,10,35.099000000000004,381,0,1,Other,5,0,0.9233333333333333,High Risk
14253,2010-08-03 14:55:00,2010-03-26 15:08:00,2,363.40000000000003,88,11,30.283333333333335,493,129,1,Other,5,0,0.8333333333333334,High Risk
14254,2010-10-03 11:52:00,2010-10-03 11:52:00,1,601.03,263,23,26.13173913043478,433,0,1,Other,4,0,0.92,High Risk
14255,2010-06-11 15:54:00,2010-06-11 15:54:00,1,1000.63,1,1,1000.63,546,0,1,Other,5,0,0.9333333333333333,High Risk
14256,2011-03-24 13:17:00,2010-01-14 10:35:00,5,2460.79,1147,100,18.50218045112782,260,434,1,At Risk,10,0,0.82,High Risk
14257,2011-10-06 16:54:00,2010-03-01 15:36:00,9,5954.45,3332,167,24.810208333333332,64,584,0,Loyal Customers,13,1,0.056666666666666664,Low Risk
14258,2011-11-30 15:27:00,2009-12-04 08:36:00,25,32051.34,17488,97,106.8378,9,726,0,Champions,15,1,0.0033333333333333335,Low Risk
14259,2011-07-21 10:44:00,2011-07-21 10:44:00,1,120.0,68,5,24.0,142,0,1,Other,5,0,0.98,High Risk
14260,2010-08-25 14:55:00,2010-06-09 11:23:00,3,824.28,544,50,16.16235294117647,471,77,1,At Risk,7,0,0.8233333333333334,High Risk
14261,2011-10-20 10:04:00,2011-09-22 10:47:00,2,1163.45,406,52,22.37403846153846,51,27,0,New / Potential,9,0,0.17,Low Risk
14262,2011-12-01 14:17:00,2011-04-13 12:23:00,8,2618.23,1645,87,18.3093006993007,8,232,0,Champions,13,1,0.17666666666666667,Low Risk
14263,2010-10-12 14:09:00,2010-10-12 14:09:00,1,322.93,171,16,20.183125,423,0,1,Other,4,0,0.8966666666666666,High Risk
14264,2011-07-08 10:20:00,2010-04-07 13:21:00,6,1517.3600000000001,553,59,19.207088607594937,155,456,1,Loyal Customers,11,1,0.8966666666666666,High Risk
14265,2011-08-22 13:32:00,2010-04-06 14:39:00,4,1373.35,715,74,17.384177215189872,109,502,1,High Value Customers,10,0,0.17666666666666667,Low Risk
14266,2010-10-07 13:32:00,2010-10-07 13:32:00,1,40.56,24,1,40.56,428,0,1,Other,3,0,0.9766666666666667,High Risk
14267,2011-06-30 10:09:00,2011-03-24 11:38:00,3,1516.24,530,25,27.568,163,97,1,High Value Customers,10,0,0.8333333333333334,High Risk
14268,2010-08-26 10:45:00,2010-08-26 10:45:00,1,354.85,147,19,18.676315789473687,471,0,1,Other,4,0,0.9433333333333334,High Risk
14269,2010-09-26 12:53:00,2010-09-26 12:53:00,1,295.73,123,16,18.483125,439,0,1,Other,4,0,0.9666666666666667,High Risk
14270,2011-01-12 09:33:00,2011-01-12 09:33:00,1,492.65000000000003,197,29,16.98793103448276,332,0,1,Other,5,0,0.8966666666666666,High Risk
14271,2011-04-28 12:47:00,2010-10-26 17:01:00,2,214.18,148,38,5.636315789473684,226,183,1,Other,5,0,0.93,High Risk
14272,2011-09-27 10:08:00,2010-05-06 14:01:00,4,920.81,1097,62,14.38765625,74,508,0,Other,9,0,0.14333333333333334,Low Risk
14273,2011-10-19 13:20:00,2011-04-11 13:24:00,4,559.97,264,22,19.309310344827587,51,190,0,Other,9,0,0.23333333333333334,Low Risk
14274,2010-01-22 12:51:00,2010-01-22 12:51:00,1,256.6,178,15,17.10666666666667,686,0,1,Other,3,0,0.9,High Risk
14275,2010-11-09 09:06:00,2010-04-11 12:32:00,6,1189.3799999999999,538,14,51.71217391304347,396,211,1,At Risk,9,0,0.8533333333333334,High Risk
14276,2011-09-02 09:45:00,2010-02-17 13:10:00,7,2102.68,1406,75,17.377520661157025,99,561,1,Loyal Customers,11,1,0.3333333333333333,Medium Risk
14277,2011-11-24 15:01:00,2009-12-13 15:43:00,9,17197.61,89806,334,45.37627968337731,15,710,0,Champions,15,1,0.016666666666666666,Low Risk
14278,2010-10-26 12:07:00,2010-10-26 12:07:00,1,205.83,131,13,15.833076923076923,410,0,1,Other,4,0,0.91,High Risk
14279,2010-07-07 08:42:00,2010-01-27 16:34:00,2,191.86,46,3,63.95333333333334,521,160,1,Other,4,0,0.8733333333333333,High Risk
14280,2011-05-27 10:37:00,2011-05-27 10:37:00,1,134.04,52,8,16.755,197,0,1,Other,4,0,0.9733333333333334,High Risk
14281,2010-10-27 14:45:00,2010-10-27 14:45:00,1,245.15,45,7,35.02142857142857,408,0,1,Other,4,0,0.8333333333333334,High Risk
14282,2011-12-06 17:04:00,2010-02-15 11:22:00,25,7250.76,5166,100,30.337907949790797,3,659,0,Champions,15,1,0.013333333333333334,Low Risk
14283,2010-09-02 14:46:00,2010-05-19 12:22:00,4,628.44,550,36,15.327804878048783,463,106,1,At Risk,7,0,0.8666666666666667,High Risk
14284,2011-11-09 08:11:00,2010-02-24 12:06:00,3,1299.65,510,59,19.39776119402985,31,622,0,High Value Customers,11,1,0.043333333333333335,Low Risk
14285,2011-11-18 14:50:00,2009-12-08 14:13:00,8,3284.42,954,48,53.84295081967213,21,710,0,Champions,13,1,0.0033333333333333335,Low Risk
14286,2011-11-16 10:34:00,2009-12-04 08:40:00,7,8479.76,8795,270,16.993507014028058,24,712,0,Champions,13,1,0.043333333333333335,Low Risk
14287,2011-12-01 13:25:00,2011-05-25 11:41:00,3,176.63,261,9,19.625555555555554,8,190,0,Other,9,0,0.23333333333333334,Low Risk
14288,2011-05-10 13:22:00,2011-05-10 13:22:00,1,426.6,188,16,26.6625,213,0,1,Other,5,0,0.8566666666666667,High Risk
14289,2011-12-01 11:44:00,2011-02-23 12:33:00,6,911.26,292,33,19.388510638297873,9,280,0,Loyal Customers,12,1,0.23666666666666666,Low Risk
14290,2011-11-28 14:02:00,2009-12-08 11:44:00,8,4516.56,1600,120,29.910993377483447,11,720,0,Champions,14,1,0.01,Low Risk
14291,2011-12-08 10:26:00,2009-12-09 10:46:00,23,7904.1,6146,241,16.000202429149798,2,728,0,Champions,15,1,0.0033333333333333335,Low Risk
14292,2011-12-02 11:50:00,2010-03-19 11:10:00,16,9226.25,3429,120,47.80440414507772,8,623,0,Champions,15,1,0.10666666666666667,Low Risk
14293,2011-12-06 15:17:00,2009-12-10 10:57:00,9,2903.01,1558,88,24.395042016806723,3,726,0,Champions,14,1,0.006666666666666667,Low Risk
14294,2010-10-28 16:25:00,2010-10-28 16:25:00,1,375.34000000000003,190,23,16.31913043478261,407,0,1,Other,5,0,0.86,High Risk
14295,2011-10-30 15:50:00,2009-12-08 09:49:00,5,2362.91,1029,66,32.818194444444444,40,691,0,Champions,12,1,0.04666666666666667,Low Risk
14296,2010-10-14 14:14:00,2010-05-14 14:34:00,2,456.4,314,27,16.9037037037037,421,152,1,Other,5,0,0.9166666666666666,High Risk
14297,2011-11-22 09:06:00,2011-03-10 08:31:00,4,1305.33,865,48,21.053709677419352,18,257,0,High Value Customers,12,1,0.5133333333333333,Medium Risk
14298,2011-12-01 13:12:00,2009-12-11 13:49:00,82,91194.49,100272,1370,31.841651536312852,8,719,0,Champions,15,1,0.0,Low Risk
14299,2011-12-01 16:05:00,2009-12-02 10:58:00,27,14070.25,8136,164,42.00074626865672,8,729,0,Champions,15,1,0.0033333333333333335,Low Risk
14300,2011-11-21 08:57:00,2011-11-21 08:57:00,1,43.2,32,3,14.4,19,0,0,New / Potential,7,0,0.95,High Risk
14301,2011-08-14 15:33:00,2010-02-11 13:07:00,4,1992.18,1686,37,37.58830188679245,117,549,1,High Value Customers,10,0,0.45666666666666667,Medium Risk
14302,2010-10-05 08:10:00,2009-12-02 08:16:00,3,742.9000000000001,298,25,26.532142857142862,431,306,1,At Risk,7,0,0.9133333333333333,High Risk
14303,2010-10-28 15:37:00,2010-10-01 10:31:00,2,277.94,218,21,12.633636363636363,407,27,1,Other,5,0,0.8533333333333334,High Risk
14304,2011-05-01 11:50:00,2010-05-18 10:50:00,3,1725.01,775,69,19.602386363636363,223,348,1,At Risk,9,0,0.6766666666666666,High Risk
14305,2011-09-29 15:29:00,2011-07-27 14:14:00,3,1858.96,1089,96,17.70438095238095,71,64,0,High Value Customers,10,0,0.15666666666666668,Low Risk
14306,2011-10-19 13:23:00,2010-01-31 13:42:00,6,3151.4,2065,43,68.50869565217391,51,625,0,Champions,13,1,0.25,Low Risk
14307,2011-09-12 09:38:00,2009-12-07 13:06:00,10,4287.92,2816,205,16.366106870229007,89,643,0,Loyal Customers,13,1,0.0,Low Risk
14308,2010-06-08 16:48:00,2010-06-08 16:39:00,2,1147.02,2,1,573.51,549,0,1,Other,6,0,0.87,High Risk
14309,2011-12-01 13:33:00,2010-06-07 10:24:00,11,3780.81,2583,125,20.004285714285714,8,542,0,Champions,15,1,0.09333333333333334,Low Risk
14310,2010-10-03 12:34:00,2010-10-03 12:34:00,1,492.1,230,22,22.36818181818182,433,0,1,Other,4,0,0.6633333333333333,High Risk
14311,2011-04-11 10:14:00,2010-05-21 10:28:00,2,516.45,235,31,16.65967741935484,243,324,1,Other,6,0,0.8966666666666666,High Risk
14312,2011-10-24 09:46:00,2010-07-23 15:05:00,11,3090.29,1904,148,17.168277777777778,47,457,0,Champions,14,1,0.08666666666666667,Low Risk
14314,2011-08-25 10:39:00,2010-10-05 08:00:00,2,229.79999999999998,332,10,22.979999999999997,107,324,1,Other,6,0,0.9033333333333333,High Risk
14315,2011-10-26 12:06:00,2010-03-15 12:49:00,8,3197.82,1344,83,24.043759398496242,45,589,0,Champions,13,1,0.09666666666666666,Low Risk
14316,2010-10-13 16:31:00,2010-03-19 15:18:00,5,1370.34,4494,21,44.20451612903226,422,208,1,At Risk,9,0,0.8833333333333333,High Risk
14317,2011-10-06 10:44:00,2011-10-06 10:44:00,1,508.58,255,24,21.190833333333334,65,0,0,Other,6,0,0.31666666666666665,Medium Risk
14318,2010-09-05 15:32:00,2010-09-05 15:32:00,1,158.02,152,9,17.55777777777778,460,0,1,Other,3,0,0.3333333333333333,Medium Risk
14319,2010-10-11 13:38:00,2010-10-11 13:38:00,1,494.85,329,26,19.032692307692308,424,0,1,Other,4,0,0.8566666666666667,High Risk
14320,2011-05-17 09:24:00,2010-01-21 11:44:00,5,1346.75,713,68,16.626543209876544,207,480,1,At Risk,10,0,0.5366666666666666,Medium Risk
14321,2011-11-29 09:47:00,2010-08-23 12:56:00,7,2218.06,3275,162,12.391396648044692,11,462,0,Champions,13,1,0.21666666666666667,Low Risk
14322,2010-10-06 15:17:00,2010-02-18 08:49:00,4,474.1,158,10,36.46923076923077,429,230,1,At Risk,6,0,0.91,High Risk
14323,2011-08-17 11:37:00,2011-04-15 11:44:00,2,605.0600000000001,350,32,16.807222222222222,115,123,1,Other,7,0,0.68,High Risk
14324,2010-10-26 11:44:00,2010-01-15 13:31:00,2,701.61,402,41,17.112439024390245,410,283,1,Other,7,0,0.91,High Risk
14325,2010-05-19 09:20:00,2010-05-19 09:20:00,1,245.48000000000002,320,18,13.637777777777778,570,0,1,Other,3,0,0.85,High Risk
14326,2011-04-11 15:04:00,2010-06-25 12:10:00,3,940.98,572,54,16.50842105263158,242,290,1,At Risk,8,0,0.94,High Risk
14327,2011-06-29 13:58:00,2010-01-08 14:04:00,6,1894.93,1296,99,17.87669811320755,163,536,1,Loyal Customers,11,1,0.7666666666666667,High Risk
14328,2010-09-27 16:01:00,2010-09-27 16:01:00,1,445.05,1,1,445.05,438,0,1,Other,4,0,0.9966666666666667,High Risk
14329,2011-11-22 15:50:00,2009-12-16 15:31:00,15,9887.62,5913,349,17.912355072463768,17,706,0,Champions,15,1,0.0,Low Risk
14330,2010-03-26 09:10:00,2010-03-26 09:10:00,1,200.63,103,13,15.433076923076923,624,0,1,Other,3,0,0.88,High Risk
14331,2011-08-07 13:17:00,2011-07-27 15:14:00,2,462.66,252,27,16.52357142857143,124,10,1,Other,7,0,0.8966666666666666,High Risk
14332,2011-11-17 11:54:00,2010-10-19 13:01:00,5,1917.41,875,47,30.925967741935484,23,393,0,Champions,12,1,0.22666666666666666,Low Risk
14333,2011-10-03 10:38:00,2011-10-03 10:38:00,1,415.2,58,15,27.68,68,0,0,Other,6,0,0.25,Low Risk
14334,2011-11-23 10:01:00,2010-05-20 10:04:00,12,4318.4800000000005,2986,148,16.73829457364341,17,551,0,Champions,15,1,0.02666666666666667,Low Risk
14335,2011-11-23 13:41:00,2011-09-04 13:07:00,2,454.86,375,55,7.581,16,80,0,New / Potential,9,0,0.26,Low Risk
14336,2011-11-23 11:40:00,2011-03-08 16:48:00,4,1614.91,1759,77,17.943444444444445,17,259,0,High Value Customers,12,1,0.6133333333333333,High Risk
14338,2011-07-01 14:08:00,2010-06-21 10:32:00,3,928.1,622,43,18.562,161,375,1,Other,9,0,0.54,Medium Risk
14339,2011-04-11 11:06:00,2010-10-07 08:50:00,2,620.27,456,21,26.968260869565217,243,186,1,Other,7,0,0.6366666666666667,High Risk
14340,2011-05-05 09:44:00,2011-05-05 09:44:00,1,134.7,58,6,22.45,219,0,1,Other,4,0,0.9566666666666667,High Risk
14341,2011-10-25 15:48:00,2009-12-01 12:20:00,18,4452.02,2813,185,16.800075471698115,45,693,0,Champions,14,1,0.0,Low Risk
14342,2011-11-18 13:21:00,2010-08-24 13:03:00,6,918.44,521,27,27.831515151515152,21,451,0,Loyal Customers,11,1,0.27,Low Risk
14343,2010-10-14 13:05:00,2010-01-18 16:47:00,4,1079.66,626,193,4.613931623931625,421,268,1,At Risk,7,0,0.85,High Risk
14344,2011-08-04 13:51:00,2010-03-23 15:47:00,20,2993.05,1546,140,13.013260869565219,127,498,1,Loyal Customers,13,1,0.7433333333333333,High Risk
14345,2011-11-01 09:51:00,2011-11-01 09:51:00,1,108.98,50,6,18.163333333333334,39,0,0,New / Potential,6,0,0.14666666666666667,Low Risk
14346,2011-08-11 09:47:00,2010-07-30 10:44:00,5,2315.75,1878,123,15.861301369863014,121,376,1,Loyal Customers,11,1,0.8233333333333334,High Risk
14347,2009-12-03 10:49:00,2009-12-03 10:49:00,1,82.60000000000001,48,6,13.766666666666667,737,0,1,Other,3,0,0.9333333333333333,High Risk
14348,2011-03-24 16:23:00,2011-03-24 16:23:00,1,409.57,183,18,22.753888888888888,260,0,1,Other,5,0,0.8866666666666667,High Risk
14349,2011-11-29 15:39:00,2011-11-29 15:39:00,1,133.5,86,31,4.306451612903226,10,0,0,New / Potential,7,0,0.7533333333333333,High Risk
14350,2011-03-10 14:14:00,2010-10-05 15:52:00,3,972.03,543,55,16.47508474576271,274,155,1,At Risk,8,0,0.9,High Risk
14351,2011-06-28 11:56:00,2011-06-28 11:56:00,1,51.0,12,1,51.0,165,0,1,Other,5,0,0.9966666666666667,High Risk
14352,2011-07-05 15:41:00,2011-03-11 14:58:00,4,1078.96,538,44,22.95659574468085,157,116,1,Other,9,0,0.8233333333333334,High Risk
14353,2011-05-08 16:06:00,2010-10-04 12:38:00,3,376.5,344,18,15.06,215,216,1,At Risk,7,0,0.7733333333333333,High Risk
14354,2011-12-04 11:32:00,2011-11-09 15:36:00,2,163.62,210,9,18.18,6,24,0,New / Potential,8,0,0.16,Low Risk
14355,2010-12-09 12:16:00,2010-03-22 15:08:00,3,840.0500000000001,617,57,14.000833333333334,366,261,1,At Risk,8,0,0.8966666666666666,High Risk
14356,2011-09-21 09:18:00,2011-09-19 14:43:00,2,701.23,277,33,21.24939393939394,80,1,0,Other,8,0,0.7533333333333333,High Risk
14357,2011-10-27 16:23:00,2011-10-27 16:23:00,1,225.12,147,39,5.628,43,0,0,New / Potential,6,0,0.31666666666666665,Medium Risk
14358,2010-11-15 15:51:00,2010-10-07 17:26:00,2,400.06,338,21,16.0024,389,38,1,Other,6,0,0.8666666666666667,High Risk
14359,2011-11-20 13:17:00,2011-09-13 09:03:00,3,912.1800000000001,371,44,16.585090909090912,19,68,0,Other,11,1,0.18666666666666668,Low Risk
14360,2011-11-08 09:12:00,2011-09-06 11:58:00,4,2118.03,1139,104,18.102820512820514,32,62,0,High Value Customers,11,1,0.36666666666666664,Medium Risk
14361,2010-05-10 12:29:00,2010-05-10 12:29:00,1,214.71,251,14,15.336428571428572,579,0,1,Other,3,0,0.8933333333333333,High Risk
14362,2011-11-17 15:08:00,2011-11-17 15:08:00,1,151.5,96,37,4.094594594594595,22,0,0,New / Potential,6,0,0.33,Medium Risk
14363,2010-11-02 17:01:00,2010-09-14 14:39:00,2,227.47000000000003,105,8,28.433750000000003,402,49,1,Other,5,0,0.59,Medium Risk
14364,2011-08-23 11:01:00,2011-05-12 12:56:00,8,3717.35,1967,61,53.87463768115942,109,102,1,Loyal Customers,12,1,0.8833333333333333,High Risk
14365,2010-11-10 09:52:00,2010-01-27 09:44:00,2,634.68,557,50,12.44470588235294,395,287,1,Other,7,0,0.8266666666666667,High Risk
14366,2010-07-02 17:23:00,2010-07-02 17:23:00,1,136.0,16,1,136.0,525,0,1,Other,3,0,0.99,High Risk
14367,2011-12-01 13:19:00,2011-03-08 14:12:00,16,9227.82,4426,270,17.711746641074857,8,267,0,Champions,15,1,0.11,Low Risk
14368,2011-01-24 09:52:00,2011-01-24 09:52:00,1,155.0,36,8,19.375,320,0,1,Other,4,0,0.9833333333333333,High Risk
14369,2010-03-07 15:47:00,2010-02-16 10:28:00,2,469.13,255,24,18.04346153846154,642,19,1,Other,5,0,0.78,High Risk
14370,2010-09-15 10:53:00,2010-02-01 08:35:00,6,1175.78,266,37,26.722272727272728,451,226,1,At Risk,8,0,0.8433333333333334,High Risk
14371,2011-02-17 16:35:00,2011-02-17 16:35:00,1,100.5,34,4,25.125,295,0,1,Other,4,0,0.83,High Risk
14372,2010-09-22 16:17:00,2010-04-19 15:57:00,2,860.08,378,36,22.633684210526315,443,156,1,Other,6,0,0.98,High Risk
14373,2010-12-16 15:40:00,2010-12-16 15:40:00,1,76.55,17,4,19.1375,358,0,1,Other,4,0,0.9766666666666667,High Risk
14374,2010-06-16 14:25:00,2010-06-16 14:25:00,1,108.0,20,7,15.428571428571429,541,0,1,Other,3,0,0.9866666666666667,High Risk
14375,2011-06-07 13:44:00,2010-06-16 14:34:00,3,1106.82,647,176,5.399121951219512,185,355,1,Other,9,0,0.82,High Risk
14376,2010-01-25 15:36:00,2010-01-25 15:36:00,1,215.46,50,17,11.97,683,0,1,Other,3,0,0.9566666666666667,High Risk
14377,2011-06-01 13:32:00,2011-03-22 13:38:00,2,617.05,219,11,56.095454545454544,191,70,1,Other,7,0,0.92,High Risk
14378,2010-03-28 12:22:00,2010-03-28 12:22:00,1,131.25,57,9,14.583333333333334,622,0,1,Other,3,0,0.99,High Risk
14379,2011-10-26 16:43:00,2010-08-16 15:31:00,4,1265.16,712,93,9.8840625,44,436,0,High Value Customers,11,1,0.21,Low Risk
14380,2010-01-26 17:11:00,2010-01-26 17:11:00,1,48.96,1,1,48.96,682,0,1,Other,3,0,1.0,High Risk
14381,2011-10-18 17:10:00,2010-09-14 16:15:00,2,625.94,449,104,5.58875,52,399,0,New / Potential,9,0,0.12333333333333334,Low Risk
14382,2011-11-13 16:18:00,2010-11-14 16:32:00,2,1193.6299999999999,1667,227,4.278243727598566,26,363,0,New / Potential,9,0,0.13666666666666666,Low Risk
14383,2011-11-01 15:53:00,2011-06-29 10:18:00,3,1247.69,817,49,21.14728813559322,38,125,0,High Value Customers,11,1,0.16,Low Risk
14384,2010-07-27 09:53:00,2010-07-27 09:53:00,1,58.5,30,3,19.5,501,0,1,Other,3,0,0.9866666666666667,High Risk
14385,2011-11-30 15:36:00,2011-11-16 11:55:00,3,202.10999999999999,159,13,14.43642857142857,9,14,0,Other,9,0,0.2833333333333333,Low Risk
14386,2011-02-16 09:45:00,2011-02-16 09:45:00,1,142.4,54,7,20.342857142857145,297,0,1,Other,4,0,0.8933333333333333,High Risk
14387,2011-11-07 12:29:00,2011-08-22 14:13:00,3,1727.6,795,125,12.428776978417266,33,76,0,High Value Customers,11,1,0.23333333333333334,Low Risk
14388,2011-11-29 13:32:00,2010-01-20 11:54:00,16,6388.2,4190,184,16.254961832061067,10,678,0,Champions,15,1,0.0033333333333333335,Low Risk
14389,2011-10-05 15:17:00,2010-04-28 14:57:00,5,1898.01,1388,48,21.816206896551723,65,525,0,Loyal Customers,11,1,0.15666666666666668,Low Risk
14390,2011-11-29 13:49:00,2010-10-10 14:30:00,13,6150.03,2830,197,13.39875816993464,10,414,0,Champions,15,1,0.3233333333333333,Medium Risk
14391,2010-05-12 09:42:00,2010-05-12 09:42:00,1,135.6,168,14,9.685714285714285,577,0,1,Other,3,0,0.9033333333333333,High Risk
14392,2010-10-03 12:56:00,2010-10-03 12:56:00,1,266.4,114,14,19.02857142857143,432,0,1,Other,3,0,0.9033333333333333,High Risk
14393,2011-05-05 18:16:00,2011-05-05 18:16:00,1,67.95,13,5,13.59,218,0,1,Other,4,0,0.9933333333333333,High Risk
14394,2010-05-24 10:43:00,2010-05-24 10:43:00,1,93.8,58,6,15.633333333333333,565,0,1,Other,3,0,0.91,High Risk
14395,2011-12-07 14:34:00,2010-04-18 13:12:00,20,7801.93,3872,320,10.015314505776637,2,598,0,Champions,15,1,0.06666666666666667,Low Risk
14396,2011-10-05 16:09:00,2009-12-02 14:21:00,7,1969.38,959,202,7.909156626506024,65,672,0,Loyal Customers,11,1,0.0033333333333333335,Low Risk
14397,2011-12-07 09:22:00,2011-05-10 12:25:00,19,2612.96,1890,18,30.034022988505747,3,210,0,Champions,14,1,0.08,Low Risk
14398,2010-11-03 13:46:00,2010-06-30 11:57:00,2,707.79,267,50,13.354528301886791,401,126,1,Other,7,0,0.9533333333333334,High Risk
14399,2010-11-10 13:23:00,2010-02-03 13:09:00,8,2108.21,965,119,10.980260416666667,394,280,1,At Risk,10,1,0.9033333333333333,High Risk
14400,2011-07-13 15:50:00,2010-03-18 12:11:00,3,1732.47,1706,71,23.73246575342466,149,482,1,High Value Customers,10,0,0.44666666666666666,Medium Risk
14401,2011-12-05 13:30:00,2009-12-14 13:22:00,22,6795.9,6401,171,25.5484962406015,4,721,0,Champions,15,1,0.0,Low Risk
14402,2010-02-25 13:20:00,2010-02-25 13:20:00,1,285.6,240,8,35.7,652,0,1,Other,4,0,0.8166666666666667,High Risk
14403,2011-08-01 12:57:00,2010-03-10 14:00:00,6,1880.51,737,20,75.2204,130,508,1,Loyal Customers,11,1,0.89,High Risk
14404,2011-11-06 12:30:00,2009-12-20 14:40:00,13,2724.13,1577,123,15.050441988950277,34,685,0,Champions,13,1,0.0,Low Risk
14405,2010-11-18 11:40:00,2010-11-18 11:40:00,1,195.0,100,2,97.5,387,0,1,Other,4,0,0.9366666666666666,High Risk
14406,2011-08-12 16:54:00,2011-08-12 16:54:00,1,156.75,77,8,19.59375,119,0,1,Other,5,0,0.9033333333333333,High Risk
14407,2011-08-24 14:02:00,2011-03-08 11:59:00,6,2157.73,1415,67,29.557945205479452,107,169,1,Loyal Customers,11,1,0.6733333333333333,High Risk
14408,2011-11-29 11:41:00,2009-12-07 12:18:00,11,4102.27,2438,63,32.048984375,11,721,0,Champions,15,1,0.0033333333333333335,Low Risk
14409,2011-09-29 18:18:00,2010-05-21 16:45:00,9,3427.29,2233,76,32.95471153846154,71,496,0,Loyal Customers,13,1,0.17666666666666667,Low Risk
14410,2011-09-08 15:08:00,2010-09-28 15:46:00,11,2631.9,1369,307,6.8361038961038965,92,344,1,Loyal Customers,12,1,0.6966666666666667,High Risk
14411,2011-02-02 10:56:00,2011-02-02 10:56:00,1,1063.0,196,14,75.92857142857143,311,0,1,Other,6,0,0.6166666666666667,High Risk
14412,2011-10-28 10:45:00,2010-10-11 12:33:00,3,1426.19,1428,75,16.978452380952383,43,381,0,High Value Customers,11,1,0.1,Low Risk
14413,2010-12-12 13:37:00,2010-01-19 14:27:00,4,764.52,277,93,7.96375,362,326,1,At Risk,8,0,0.88,High Risk
14414,2011-09-09 12:09:00,2010-11-30 10:12:00,8,2399.33,2877,99,20.333305084745763,92,283,1,Loyal Customers,11,1,0.7533333333333333,High Risk
14415,2011-12-08 14:38:00,2009-12-16 14:08:00,23,11980.09,6263,445,9.708338735818476,1,722,0,Champions,15,1,0.0033333333333333335,Low Risk
14416,2011-11-17 15:22:00,2011-10-28 15:10:00,2,490.22,326,13,35.01571428571429,22,20,0,New / Potential,8,0,0.25666666666666665,Low Risk
14417,2010-11-17 10:55:00,2010-11-17 10:55:00,1,524.65,543,106,4.484188034188034,388,0,1,Other,5,0,0.8433333333333334,High Risk
14418,2011-12-06 11:39:00,2011-08-23 17:18:00,3,1937.25,1711,114,15.622983870967742,4,104,0,High Value Customers,12,1,0.16,Low Risk
14419,2011-11-29 11:22:00,2010-11-22 11:09:00,7,1254.64,552,118,5.576177777777779,11,372,0,Champions,13,1,0.1,Low Risk
14420,2011-09-01 18:07:00,2010-01-17 12:41:00,4,1639.17,1120,85,17.62548387096774,99,592,1,High Value Customers,10,0,0.7466666666666667,High Risk
14421,2011-10-13 13:24:00,2010-01-17 11:30:00,6,2469.37,1342,72,25.722604166666667,57,634,0,Champions,12,1,0.05333333333333334,Low Risk
14422,2011-12-09 11:26:00,2009-12-17 12:12:00,19,10271.52,6067,317,18.60782608695652,1,721,0,Champions,15,1,0.0,Low Risk
14423,2011-05-05 15:12:00,2010-01-14 11:49:00,3,916.61,419,12,61.10733333333334,218,476,1,At Risk,8,0,0.8533333333333334,High Risk
14424,2011-11-22 11:48:00,2011-11-22 11:48:00,1,322.08,48,1,322.08,18,0,0,New / Potential,8,0,0.26,Low Risk
14425,2010-10-01 10:24:00,2009-12-02 11:31:00,3,661.39,325,35,16.958717948717947,435,302,1,At Risk,7,0,0.9,High Risk
14426,2011-11-16 12:25:00,2010-03-04 14:36:00,17,11727.94,7023,452,19.417119205298015,24,621,0,Champions,14,1,0.06666666666666667,Low Risk
14427,2011-10-20 14:23:00,2010-03-18 09:49:00,4,1263.52,538,43,28.716363636363635,50,581,0,High Value Customers,11,1,0.29333333333333333,Low Risk
14428,2011-12-02 13:17:00,2011-01-18 16:39:00,5,1224.06,428,108,8.934744525547444,7,317,0,Champions,13,1,0.25333333333333335,Low Risk
14429,2010-11-01 10:08:00,2010-11-01 10:08:00,1,516.28,286,22,23.467272727272725,404,0,1,Other,5,0,0.9633333333333334,High Risk
14430,2010-07-16 11:35:00,2010-04-11 15:59:00,3,1220.9,446,29,34.88285714285715,512,95,1,At Risk,7,0,0.93,High Risk
14431,2011-02-10 10:40:00,2010-01-21 10:49:00,4,2614.2,1202,72,32.27407407407407,303,384,1,At Risk,9,0,0.7233333333333334,High Risk
14432,2011-11-30 08:04:00,2011-09-11 14:09:00,6,2248.5,2013,256,5.964190981432361,10,79,0,Champions,13,1,0.11,Low Risk
14433,2010-08-31 12:35:00,2010-08-31 12:35:00,1,280.7,131,72,3.7932432432432432,466,0,1,Other,3,0,0.8433333333333334,High Risk
14434,2011-11-18 08:56:00,2011-09-28 15:31:00,6,1372.8,368,3,114.39999999999999,22,50,0,Champions,12,1,0.2,Low Risk
14435,2010-07-26 12:33:00,2010-07-26 12:33:00,1,90.42,282,3,30.14,502,0,1,Other,3,0,0.6566666666666666,High Risk
14436,2011-09-02 10:13:00,2010-06-04 11:32:00,2,271.7,297,11,24.7,99,454,1,Other,6,0,0.8333333333333334,High Risk
14437,2010-12-09 09:27:00,2010-05-05 12:20:00,5,873.34,420,34,20.793809523809525,366,217,1,At Risk,9,0,0.9,High Risk
14438,2011-02-06 14:56:00,2011-02-06 14:56:00,1,131.9,82,9,14.655555555555557,306,0,1,Other,4,0,0.91,High Risk
14439,2011-01-24 11:39:00,2010-01-21 14:01:00,5,9443.04,2244,105,73.20186046511628,320,367,1,At Risk,11,1,0.48,Medium Risk
14440,2011-12-01 15:42:00,2009-12-02 12:13:00,13,5982.03,1605,63,46.734609375,8,729,0,Champions,15,1,0.006666666666666667,Low Risk
14441,2011-12-09 09:07:00,2010-01-18 10:40:00,11,4611.6900000000005,1260,103,29.946038961038965,1,689,0,Champions,15,1,0.0,Low Risk
14442,2011-05-19 11:36:00,2010-01-18 12:59:00,7,5367.02,1431,128,29.327978142076507,205,485,1,At Risk,11,1,0.8633333333333333,High Risk
14443,2011-10-17 10:10:00,2010-11-25 14:18:00,5,2082.9700000000003,1357,119,15.661428571428573,54,325,0,Champions,12,1,0.21666666666666667,Low Risk
14444,2010-09-09 18:56:00,2010-09-09 18:56:00,1,120.44,172,11,10.94909090909091,456,0,1,Other,3,0,0.82,High Risk
14445,2010-09-10 11:09:00,2010-09-10 11:09:00,1,221.65,83,32,6.9265625,456,0,1,Other,3,0,0.99,High Risk
14446,2011-12-09 11:34:00,2010-11-18 12:08:00,5,1200.28,1091,259,3.762633228840125,1,385,0,Loyal Customers,12,1,0.41333333333333333,Medium Risk
14447,2011-11-21 08:28:00,2010-11-04 13:32:00,6,1711.73,913,81,16.148396226415095,19,381,0,Champions,13,1,0.5266666666666666,Medium Risk
14448,2011-11-30 13:50:00,2010-12-10 17:26:00,2,375.35,104,20,18.767500000000002,9,354,0,New / Potential,9,0,0.11,Low Risk
14449,2011-11-21 12:06:00,2010-09-29 13:15:00,8,2230.96,1604,301,4.61896480331263,19,417,0,Champions,13,1,0.13,Low Risk
14450,2011-06-12 10:46:00,2010-04-08 12:09:00,7,1128.44,522,47,14.847894736842106,181,429,1,Loyal Customers,10,0,0.83,High Risk
14451,2011-10-10 13:38:00,2010-01-17 10:35:00,12,3258.68,1737,245,6.364609375,60,631,0,Loyal Customers,13,1,0.0,Low Risk
14452,2011-11-29 12:06:00,2010-07-06 13:13:00,4,658.95,285,108,5.108139534883721,11,510,0,Other,11,1,0.29,Low Risk
14453,2011-06-02 14:15:00,2011-06-02 14:15:00,1,119.93,49,22,5.451363636363637,190,0,1,Other,4,0,0.9233333333333333,High Risk
14454,2010-11-28 13:26:00,2009-12-06 12:56:00,5,977.3000000000001,400,93,8.884545454545455,376,357,1,At Risk,9,0,0.7,High Risk
14455,2010-10-03 15:48:00,2010-08-01 13:26:00,4,617.72,706,65,8.022337662337662,432,63,1,At Risk,7,0,0.8033333333333333,High Risk
14456,2011-12-04 13:59:00,2011-07-20 13:06:00,9,3017.28,2885,580,3.1861457233368533,5,137,0,Champions,15,1,0.25666666666666665,Low Risk
14457,2011-02-02 09:39:00,2011-02-02 09:39:00,1,113.64,88,4,28.41,311,0,1,Other,4,0,0.9366666666666666,High Risk
14458,2010-11-24 12:43:00,2010-11-24 12:43:00,1,228.07,317,46,4.852553191489362,381,0,1,Other,4,0,0.88,High Risk
14459,2011-07-07 13:35:00,2010-02-26 13:26:00,2,5375.741,2303,113,47.57292920353982,155,496,1,High Value Customers,10,0,0.8366666666666667,High Risk
14460,2011-08-21 14:19:00,2009-12-15 19:06:00,9,1093.5,1879,33,26.035714285714285,110,613,1,Loyal Customers,11,1,0.7433333333333333,High Risk
14461,2011-07-14 17:11:00,2010-01-18 12:48:00,13,6676.91,3005,515,10.498286163522012,148,542,1,Loyal Customers,13,1,0.20333333333333334,Low Risk
14462,2011-10-04 15:55:00,2010-10-03 14:13:00,12,2242.81,1063,182,7.98153024911032,66,366,0,Loyal Customers,12,1,0.11,Low Risk
14463,2011-09-02 15:20:00,2010-07-28 11:35:00,4,786.5699999999999,210,7,98.32124999999999,98,401,1,Other,9,0,0.8033333333333333,High Risk
14464,2010-05-20 18:00:00,2010-03-22 15:20:00,2,111.0,62,4,27.75,568,59,1,Other,4,0,0.8833333333333333,High Risk
14465,2011-04-07 12:38:00,2010-01-07 15:03:00,11,3925.85,2539,128,20.34119170984456,247,454,1,At Risk,12,1,0.7133333333333334,High Risk
14466,2011-11-10 14:07:00,2009-12-13 15:44:00,13,4267.15,2507,77,20.714320388349513,29,696,0,Champions,14,1,0.0,Low Risk
14467,2011-11-22 12:48:00,2009-12-02 12:44:00,12,2203.2400000000002,1187,144,7.271419141914192,18,720,0,Champions,14,1,0.0,Low Risk
14468,2009-12-06 12:21:00,2009-12-06 12:21:00,1,204.24,164,12,17.02,734,0,1,Other,3,0,0.9233333333333333,High Risk
14469,2010-10-19 14:30:00,2010-01-29 11:12:00,4,2093.46,973,120,14.437655172413793,416,263,1,At Risk,8,0,0.9066666666666666,High Risk
14470,2011-11-28 10:31:00,2010-10-05 12:39:00,3,712.04,282,56,11.867333333333333,12,418,0,Other,11,1,0.29,Low Risk
14471,2010-04-27 17:12:00,2009-12-07 12:26:00,2,400.95,187,38,9.779268292682927,591,141,1,Other,5,0,0.91,High Risk
14472,2011-08-28 11:01:00,2010-01-19 13:09:00,9,2118.72,1271,173,6.856699029126213,104,585,1,Loyal Customers,12,1,0.7566666666666667,High Risk
14473,2011-09-26 15:10:00,2011-03-02 13:56:00,2,234.34,88,7,33.47714285714286,74,208,0,Other,6,0,0.29333333333333333,Low Risk
14474,2011-10-24 13:26:00,2010-05-09 12:12:00,2,1258.89,448,122,9.91251968503937,46,533,0,High Value Customers,10,0,0.1,Low Risk
14475,2011-09-29 10:46:00,2010-10-27 09:20:00,4,1151.15,541,40,23.98229166666667,72,337,0,Other,9,0,0.5933333333333334,Medium Risk
14476,2011-03-27 15:39:00,2011-03-27 15:39:00,1,193.0,110,17,11.352941176470589,257,0,1,Other,4,0,0.9733333333333334,High Risk
14477,2011-11-20 11:11:00,2010-01-04 15:41:00,7,1969.6,1120,7,140.68571428571428,20,684,0,Champions,12,1,0.02,Low Risk
14478,2010-11-22 15:29:00,2009-12-01 13:20:00,4,1276.66,1226,59,18.774411764705885,382,356,1,At Risk,9,0,0.86,High Risk
14479,2011-03-31 09:07:00,2009-12-06 13:48:00,4,1124.71,562,127,8.091438848920864,254,479,1,At Risk,8,0,0.8,High Risk
14480,2011-11-28 16:35:00,2009-12-21 16:32:00,4,1299.52,670,52,19.992615384615384,11,707,0,High Value Customers,12,1,0.0,Low Risk
14481,2011-06-28 10:38:00,2010-01-31 12:43:00,5,2284.69,1568,114,15.231266666666667,165,512,1,Loyal Customers,11,1,0.7766666666666666,High Risk
14482,2011-11-21 13:14:00,2010-08-26 14:13:00,12,4306.72,2869,185,17.65049180327869,18,451,0,Champions,15,1,0.08666666666666667,Low Risk
14483,2011-03-03 10:26:00,2009-12-03 10:16:00,2,257.1,193,13,19.77692307692308,282,455,1,Other,5,0,0.7666666666666667,High Risk
14484,2011-10-20 14:11:00,2009-12-17 10:57:00,4,1070.98,744,47,20.207169811320757,50,672,0,Other,10,1,0.013333333333333334,Low Risk
14485,2011-11-01 12:25:00,2011-11-01 12:25:00,1,162.8,70,44,3.539130434782609,39,0,0,New / Potential,6,0,0.32666666666666666,Medium Risk
14486,2010-07-16 09:42:00,2010-06-04 10:30:00,2,175.5,90,4,29.25,512,41,1,Other,4,0,0.9533333333333334,High Risk
14487,2011-11-13 12:17:00,2010-11-25 13:36:00,7,1266.27,761,129,7.5373214285714285,27,352,0,Champions,12,1,0.14333333333333334,Low Risk
14488,2011-10-03 09:30:00,2011-10-03 09:30:00,1,1064.28,799,46,23.136521739130433,68,0,0,Other,7,0,0.3433333333333333,Medium Risk
14489,2011-05-16 14:51:00,2010-04-06 09:52:00,4,1574.93,1011,65,15.7493,207,405,1,At Risk,9,0,0.7533333333333333,High Risk
14490,2010-10-29 15:04:00,2010-10-07 11:36:00,2,1273.47,933,72,15.918375000000001,406,22,1,Other,8,0,0.4033333333333333,Medium Risk
14491,2011-06-17 15:22:00,2010-12-02 12:10:00,2,340.93,139,17,20.05470588235294,175,197,1,Other,7,0,0.8866666666666667,High Risk
14492,2010-10-05 13:21:00,2010-03-30 14:23:00,7,1921.91,751,70,20.890326086956524,430,188,1,At Risk,9,0,0.71,High Risk
14493,2011-12-02 16:14:00,2010-03-08 08:33:00,10,5087.86,3148,292,14.331999999999999,7,634,0,Champions,15,1,0.006666666666666667,Low Risk
14494,2011-11-14 09:21:00,2009-12-08 13:25:00,3,401.46,210,17,23.615294117647057,26,705,0,Other,9,0,0.013333333333333334,Low Risk
14495,2011-10-20 12:28:00,2010-02-18 08:49:00,3,174.8,68,7,24.97142857142857,51,609,0,Other,8,0,0.06333333333333334,Low Risk
14496,2011-02-01 09:01:00,2010-03-16 13:15:00,7,2363.89,905,64,22.300849056603774,312,321,1,At Risk,10,1,0.41,Medium Risk
14497,2011-02-03 17:01:00,2010-02-04 09:59:00,2,697.0600000000001,332,40,17.4265,309,364,1,Other,7,0,0.3333333333333333,Medium Risk
14498,2011-10-28 12:09:00,2010-06-07 16:05:00,10,3900.83,2120,276,10.571355013550136,43,507,0,Champions,14,1,0.19,Low Risk
14499,2011-11-13 13:01:00,2010-08-27 11:57:00,7,2101.79,1231,199,6.758167202572347,26,443,0,Champions,12,1,0.17333333333333334,Low Risk
14500,2011-09-12 16:45:00,2011-06-03 10:08:00,3,356.85,117,6,50.978571428571435,88,101,0,Other,8,0,0.32666666666666666,Medium Risk
14501,2011-06-09 12:02:00,2011-01-24 10:43:00,2,251.21,161,9,25.121000000000002,184,136,1,Other,6,0,0.9033333333333333,High Risk
14502,2011-11-20 11:50:00,2011-01-30 15:52:00,11,2429.83,1480,368,3.9964309210526316,20,293,0,Champions,13,1,0.07666666666666666,Low Risk
14503,2011-12-06 13:30:00,2011-06-14 10:00:00,6,3543.26,2004,113,21.605243902439025,3,175,0,Champions,14,1,0.18333333333333332,Low Risk
14504,2011-10-23 16:00:00,2011-03-06 14:38:00,4,673.26,308,85,6.2921495327102805,47,231,0,Other,10,0,0.21,Low Risk
14505,2011-11-22 15:45:00,2009-12-09 14:48:00,19,11879.08,5325,898,7.542273015873016,17,713,0,Champions,15,1,0.0,Low Risk
14506,2011-11-22 13:02:00,2010-04-19 08:27:00,7,2960.25,936,251,7.437814070351759,17,582,0,Champions,14,1,0.12,Low Risk
14507,2011-11-16 12:21:00,2009-12-10 17:04:00,11,3216.7400000000002,1491,182,12.467984496124032,24,705,0,Champions,14,1,0.0033333333333333335,Low Risk
14508,2011-11-17 19:48:00,2010-06-17 13:02:00,5,822.92,347,142,4.6492655367231635,22,518,0,Loyal Customers,11,1,0.10666666666666667,Low Risk
14509,2010-06-23 13:21:00,2010-06-23 13:21:00,1,110.95,38,25,4.438,534,0,1,Other,3,0,0.9333333333333333,High Risk
14510,2010-11-29 12:46:00,2010-09-29 13:35:00,3,979.85,793,67,13.064666666666668,376,60,1,At Risk,8,0,0.7066666666666667,High Risk
14511,2011-11-28 17:05:00,2011-07-29 12:13:00,5,1314.81,784,53,19.33544117647059,11,122,0,Champions,13,1,0.10666666666666667,Low Risk
14512,2011-06-05 12:39:00,2009-12-07 13:49:00,7,1215.97,736,55,15.392025316455696,188,544,1,Loyal Customers,10,0,0.7633333333333333,High Risk
14513,2011-08-31 11:25:00,2010-05-20 17:57:00,6,788.01,593,15,41.47421052631579,101,467,1,Loyal Customers,10,0,0.8966666666666666,High Risk
14514,2011-10-09 16:05:00,2009-12-13 13:21:00,9,4380.04,2362,212,13.730532915360502,61,665,0,Loyal Customers,13,1,0.0033333333333333335,Low Risk
14515,2011-11-22 11:37:00,2010-06-07 12:37:00,12,3724.06,1893,109,21.52635838150289,18,532,0,Champions,15,1,0.25,Low Risk
14516,2010-07-11 14:07:00,2010-07-11 14:07:00,1,151.17,63,35,4.3191428571428565,516,0,1,Other,3,0,0.8933333333333333,High Risk
14517,2011-11-06 14:20:00,2011-07-21 11:42:00,2,330.45,91,17,18.358333333333334,33,108,0,New / Potential,8,0,0.26666666666666666,Low Risk
14518,2011-10-06 14:43:00,2011-10-06 14:43:00,1,174.37,278,16,10.898125,64,0,0,Other,5,0,0.23,Low Risk
14519,2010-01-25 11:18:00,2009-12-11 10:40:00,2,203.14,81,38,5.34578947368421,684,45,1,Other,4,0,0.9533333333333334,High Risk
14520,2011-12-08 09:46:00,2011-02-22 09:15:00,2,270.6,146,3,67.65,2,289,0,New / Potential,8,1,0.3144193806099911,Medium Risk
14521,2010-08-05 16:35:00,2010-08-05 16:35:00,1,199.45000000000002,211,17,11.732352941176472,491,0,1,Other,3,0,0.95,High Risk
14522,2011-11-15 13:24:00,2010-01-24 13:55:00,8,1748.42,956,34,38.85377777777778,24,659,0,Champions,12,1,0.01,Low Risk
14523,2011-08-23 13:13:00,2011-08-23 13:13:00,1,241.09,251,12,20.090833333333332,108,0,1,Other,5,0,0.7833333333333333,High Risk
14524,2011-11-08 12:29:00,2010-10-19 11:44:00,13,2909.86,1169,250,9.036832298136646,32,385,0,Champions,13,1,0.07666666666666666,Low Risk
14525,2011-11-20 11:37:00,2009-12-13 14:01:00,17,8026.54,5106,340,15.25958174904943,20,706,0,Champions,14,1,0.0,Low Risk
14526,2010-11-15 13:32:00,2010-11-15 13:32:00,1,258.65,178,41,6.308536585365853,389,0,1,Other,4,0,0.8433333333333334,High Risk
14527,2011-12-07 12:19:00,2009-12-02 12:06:00,122,27246.88,6647,607,10.324698749526336,3,735,0,Champions,15,1,0.02,Low Risk
14528,2011-11-02 17:09:00,2011-11-02 17:09:00,1,364.21999999999997,278,18,20.234444444444442,37,0,0,New / Potential,7,0,0.75,High Risk
14529,2011-10-10 15:27:00,2011-08-21 14:10:00,3,578.61,325,177,2.7164788732394367,60,50,0,Other,8,0,0.2966666666666667,Low Risk
14530,2011-11-14 10:38:00,2010-01-21 11:25:00,16,6088.87,2989,269,12.872875264270613,26,661,0,Champions,14,1,0.0033333333333333335,Low Risk
14531,2010-08-17 10:16:00,2010-08-17 10:16:00,1,376.34,260,29,12.977241379310344,480,0,1,Other,4,0,0.9066666666666666,High Risk
14532,2011-04-17 13:05:00,2010-01-10 11:47:00,11,3845.78,1111,209,12.247707006369428,236,462,1,At Risk,12,1,0.7666666666666667,High Risk
14533,2011-11-15 12:05:00,2010-04-08 12:13:00,11,3466.37,6038,74,38.947977528089886,25,585,0,Champions,14,1,0.2733333333333333,Low Risk
14534,2011-12-07 12:19:00,2010-03-15 14:16:00,26,6187.66,2822,437,8.65406993006993,3,631,0,Champions,15,1,0.03333333333333333,Low Risk
14535,2011-10-10 15:39:00,2010-02-24 15:03:00,9,5973.2300000000005,3214,589,7.240278787878789,60,593,0,Loyal Customers,13,1,0.14333333333333334,Low Risk
14536,2011-03-25 12:21:00,2011-03-25 12:21:00,1,170.95,39,18,9.497222222222222,260,0,1,Other,4,0,0.9066666666666666,High Risk
14537,2011-10-13 10:54:00,2010-03-26 13:44:00,2,641.4,228,23,27.88695652173913,58,565,0,New / Potential,9,0,0.17,Low Risk
14538,2011-10-06 10:31:00,2010-01-25 15:42:00,5,1370.8400000000001,284,45,26.362307692307695,65,618,0,Loyal Customers,11,1,0.3566666666666667,Medium Risk
14539,2011-11-24 09:50:00,2011-10-26 12:03:00,2,537.48,428,31,16.79625,16,28,0,New / Potential,9,0,0.12,Low Risk
14540,2011-11-30 10:15:00,2009-12-07 13:00:00,11,3709.64,1595,197,14.051666666666666,10,722,0,Champions,15,1,0.0,Low Risk
14541,2011-10-12 10:08:00,2010-01-07 11:59:00,14,2491.38,1123,99,14.236457142857143,59,642,0,Champions,13,1,0.06,Low Risk
14542,2011-06-07 08:19:00,2011-06-07 08:19:00,1,103.25,19,5,20.65,186,0,1,Other,5,0,0.9566666666666667,High Risk
14543,2011-11-11 12:45:00,2009-12-01 13:47:00,39,14587.87,2639,106,68.81070754716981,29,709,0,Champions,14,1,0.006666666666666667,Low Risk
14544,2011-11-15 15:06:00,2010-08-26 16:00:00,3,2938.53,2412,148,15.714064171122995,24,445,0,High Value Customers,12,1,0.12333333333333334,Low Risk
14545,2010-02-03 15:23:00,2010-02-03 15:23:00,1,349.25,236,23,15.184782608695652,674,0,1,Other,4,0,0.83,High Risk
14546,2011-12-04 13:00:00,2009-12-06 13:10:00,11,5184.84,2688,410,6.563088607594937,5,727,0,Champions,15,1,0.006666666666666667,Low Risk
14547,2011-12-06 11:06:00,2011-10-16 14:35:00,8,3974.75,2639,198,11.196478873239437,4,50,0,Champions,14,1,0.09,Low Risk
14548,2011-07-12 12:19:00,2009-12-06 14:00:00,9,2541.29,986,66,23.102636363636364,151,582,1,Loyal Customers,12,1,0.71,High Risk
14549,2011-02-01 13:47:00,2009-12-02 14:06:00,4,913.6,394,117,6.388811188811189,311,425,1,At Risk,8,0,0.7366666666666667,High Risk
14550,2011-11-29 12:12:00,2010-08-13 12:05:00,4,1345.06,771,77,13.866597938144329,11,473,0,High Value Customers,12,1,0.25333333333333335,Low Risk
14551,2011-11-21 13:36:00,2010-01-27 12:06:00,7,878.09,486,69,11.115063291139242,18,663,0,Loyal Customers,12,1,0.013333333333333334,Low Risk
14552,2011-07-11 12:49:00,2010-04-26 13:44:00,3,507.93,258,124,3.298246753246753,152,440,1,Other,8,0,0.3333333333333333,Medium Risk
14553,2011-11-20 13:20:00,2010-07-18 12:07:00,9,1818.6,1118,233,6.314583333333333,19,490,0,Champions,14,1,0.3,Low Risk
14554,2011-11-29 16:44:00,2011-10-18 13:04:00,4,2279.4900000000002,1443,147,11.229014778325125,10,42,0,High Value Customers,12,1,0.2866666666666667,Low Risk
14555,2011-10-13 16:24:00,2009-12-18 11:39:00,6,2304.03,842,94,19.692564102564106,57,664,0,Champions,12,1,0.013333333333333334,Low Risk
14556,2010-04-22 14:57:00,2010-01-20 11:49:00,3,815.69,323,158,4.161683673469388,596,92,1,At Risk,7,0,0.7733333333333333,High Risk
14557,2011-09-15 15:48:00,2011-09-15 15:48:00,1,788.38,510,16,49.27375,85,0,0,Other,7,0,0.24333333333333335,Low Risk
14558,2010-02-23 12:51:00,2009-12-08 10:41:00,3,655.5,162,13,43.7,654,77,1,At Risk,7,0,0.93,High Risk
14559,2010-11-14 16:05:00,2010-11-14 16:05:00,1,75.6,72,2,37.8,390,0,1,Other,4,0,0.7833333333333333,High Risk
14560,2011-12-02 15:22:00,2009-12-02 10:15:00,44,6114.03,4580,60,30.570149999999998,7,730,0,Champions,15,1,0.0,Low Risk
14561,2011-09-25 12:39:00,2011-06-08 13:26:00,3,1080.76,1014,67,15.6631884057971,76,108,0,Other,9,0,0.6066666666666667,High Risk
14562,2011-12-06 11:05:00,2010-02-07 14:10:00,26,6638.150000000001,2574,245,11.045174708818637,4,666,0,Champions,15,1,0.0033333333333333335,Low Risk
14563,2010-07-18 12:01:00,2010-04-26 12:51:00,2,640.54,279,95,6.042830188679245,510,82,1,Other,6,0,0.8866666666666667,High Risk
14564,2010-10-01 09:02:00,2009-12-04 09:27:00,2,2605.62,1295,107,24.35158878504673,435,300,1,Other,7,0,0.84,High Risk
14565,2011-09-05 09:07:00,2010-08-23 09:48:00,5,3859.2200000000003,1940,139,24.120125,96,377,1,Loyal Customers,12,1,0.7933333333333333,High Risk
14566,2011-08-21 11:05:00,2010-06-24 10:34:00,4,4092.0,2400,9,255.75,111,423,1,High Value Customers,11,1,0.8333333333333334,High Risk
14567,2011-10-14 10:21:00,2011-08-01 13:48:00,2,1530.3600000000001,412,33,46.374545454545455,57,73,0,High Value Customers,10,0,0.19333333333333333,Low Risk
14568,2010-09-30 17:15:00,2010-09-30 17:15:00,1,919.7,645,47,19.56808510638298,435,0,1,Other,5,0,0.91,High Risk
14569,2011-12-08 14:58:00,2010-04-15 11:49:00,4,597.33,257,31,17.568529411764708,1,602,0,Other,10,1,0.09333333333333334,Low Risk
14570,2011-03-04 10:58:00,2010-09-22 13:07:00,3,613.75,431,64,9.025735294117647,281,162,1,At Risk,8,0,0.8866666666666667,High Risk
14571,2010-10-10 15:06:00,2010-10-10 15:06:00,1,160.0,56,30,5.333333333333333,425,0,1,Other,3,0,0.86,High Risk
14572,2011-12-06 14:40:00,2010-03-28 13:47:00,11,5526.88,2878,336,10.901143984220907,3,618,0,Champions,15,1,0.06,Low Risk
14573,2011-06-13 11:15:00,2010-01-08 16:34:00,13,2163.12,683,183,6.977806451612903,180,520,1,Loyal Customers,12,1,0.78,High Risk
14574,2009-12-07 12:42:00,2009-12-07 12:42:00,1,143.70000000000002,63,11,13.063636363636364,733,0,1,Other,3,0,0.9733333333333334,High Risk
14575,2010-08-08 14:51:00,2010-08-08 14:51:00,1,420.22,163,71,5.836388888888889,488,0,1,Other,4,0,0.91,High Risk
14576,2010-12-02 17:51:00,2010-12-02 17:51:00,1,35.400000000000006,12,1,35.400000000000006,372,0,1,Other,4,0,0.9533333333333334,High Risk
14577,2011-11-27 12:47:00,2009-12-11 12:09:00,7,1364.15,569,104,7.495329670329671,13,716,0,Champions,13,1,0.03666666666666667,Low Risk
14578,2011-12-06 17:18:00,2011-12-06 17:18:00,1,168.63,240,24,7.02625,3,0,0,New / Potential,7,0,0.23,Low Risk
14579,2010-10-03 14:36:00,2010-10-03 14:36:00,1,105.56,56,24,4.2224,432,0,1,Other,3,0,0.97,High Risk
14580,2010-07-09 15:20:00,2010-07-09 15:20:00,1,14.85,3,1,14.85,518,0,1,Other,3,0,0.9933333333333333,High Risk
14581,2011-11-23 12:39:00,2010-06-13 15:48:00,2,409.65,304,59,6.8275,17,527,0,New / Potential,9,0,0.15666666666666668,Low Risk
14582,2011-10-30 11:56:00,2011-10-30 11:56:00,1,114.11,73,6,19.018333333333334,41,0,0,New / Potential,6,0,0.2866666666666667,Low Risk
14583,2011-12-04 12:32:00,2010-03-28 15:16:00,8,1660.29,1071,353,3.5782112068965515,6,615,0,Champions,13,1,0.03666666666666667,Low Risk
14584,2011-06-23 18:33:00,2010-02-17 14:01:00,8,1738.16,960,127,7.973211009174312,169,491,1,Loyal Customers,11,1,0.75,High Risk
14585,2011-10-20 14:33:00,2010-10-19 12:17:00,5,1143.27,630,88,10.29972972972973,50,366,0,Loyal Customers,11,1,0.21666666666666667,Low Risk
14586,2011-03-08 10:04:00,2011-03-08 10:04:00,1,237.35999999999999,444,19,12.492631578947368,277,0,1,Other,4,0,0.6,Medium Risk
14587,2011-11-21 11:34:00,2011-01-12 13:16:00,9,1580.29,749,170,4.259541778975741,19,312,0,Champions,14,1,0.4866666666666667,Medium Risk
14588,2010-05-10 15:08:00,2010-05-10 15:08:00,1,135.39,62,16,8.461875,578,0,1,Other,3,0,0.9966666666666667,High Risk
14589,2010-12-03 11:42:00,2010-12-03 11:42:00,1,39.75,5,3,13.25,372,0,1,Other,4,0,0.8866666666666667,High Risk
14590,2010-10-11 12:06:00,2009-12-07 14:10:00,20,2993.37,901,124,14.818663366336633,425,307,1,At Risk,11,1,0.83,High Risk
14591,2011-11-24 13:57:00,2011-05-10 14:09:00,4,1320.21,1228,138,7.501193181818182,15,197,0,High Value Customers,12,1,0.13333333333333333,Low Risk
14592,2011-11-04 16:35:00,2011-10-06 18:08:00,3,557.94,407,132,3.5312658227848104,35,28,0,Other,9,0,0.14,Low Risk
14593,2011-11-18 12:48:00,2009-12-09 12:57:00,12,3665.53,1848,436,5.99923076923077,22,708,0,Champions,14,1,0.0033333333333333335,Low Risk
14594,2011-12-02 13:28:00,2010-12-01 13:54:00,2,363.33,183,48,6.987115384615384,7,365,0,New / Potential,9,0,0.2633333333333333,Low Risk
14595,2011-11-20 12:12:00,2010-01-20 13:59:00,8,2164.45,1228,119,15.915073529411764,20,668,0,Champions,12,1,0.006666666666666667,Low Risk
14596,2010-03-23 12:13:00,2010-03-23 12:13:00,1,222.22,75,50,4.192830188679245,627,0,1,Other,3,0,0.8766666666666667,High Risk
14597,2011-11-28 13:13:00,2010-09-28 13:17:00,6,2184.63,1436,79,22.996105263157897,11,425,0,Champions,13,1,0.15333333333333332,Low Risk
14598,2011-10-26 13:19:00,2010-05-19 13:07:00,2,384.03999999999996,354,83,4.26711111111111,44,525,0,New / Potential,8,0,0.09333333333333334,Low Risk
14599,2010-11-14 14:49:00,2010-07-18 15:54:00,2,457.89,292,77,5.796075949367088,390,118,1,Other,6,0,0.7633333333333333,High Risk
14600,2011-02-07 09:48:00,2010-11-11 15:56:00,2,865.17,487,53,16.021666666666665,306,87,1,Other,7,0,0.9066666666666666,High Risk
14601,2011-11-29 09:48:00,2011-11-29 09:48:00,1,213.96,168,7,30.565714285714286,11,0,0,New / Potential,7,0,0.32666666666666666,Medium Risk
14602,2010-02-21 15:47:00,2010-02-21 15:47:00,1,205.35999999999999,80,31,6.624516129032258,656,0,1,Other,3,0,0.98,High Risk
14603,2011-03-10 10:27:00,2011-03-10 10:27:00,1,660.0,400,2,330.0,275,0,1,Other,6,0,0.88,High Risk
14604,2010-03-16 13:00:00,2010-03-16 13:00:00,1,143.85999999999999,88,20,6.254782608695652,633,0,1,Other,3,0,0.7033333333333334,High Risk
14605,2010-11-30 14:07:00,2009-12-08 13:59:00,4,921.5600000000001,416,88,8.532962962962964,374,357,1,At Risk,8,0,0.7966666666666666,High Risk
14606,2011-12-08 19:28:00,2009-12-03 12:40:00,192,29951.37,15217,1262,4.710075483566598,1,735,0,Champions,15,1,0.0,Low Risk
14607,2011-11-24 10:35:00,2009-12-15 11:25:00,22,23763.13,15335,106,117.05975369458129,16,708,0,Champions,15,1,0.0033333333333333335,Low Risk
14608,2011-12-05 16:52:00,2009-12-06 12:34:00,11,3352.94,927,15,77.97534883720931,4,729,0,Champions,15,1,0.016666666666666666,Low Risk
14609,2011-09-28 12:54:00,2010-02-09 09:48:00,10,1486.2,12720,6,114.32307692307693,72,596,0,Loyal Customers,12,1,0.16666666666666666,Low Risk
14610,2010-11-09 10:58:00,2010-07-13 16:06:00,2,24.35,15,10,2.435,396,118,1,Other,5,0,0.6533333333333333,High Risk
14611,2010-09-22 09:19:00,2010-04-20 10:19:00,2,604.33,582,37,15.90342105263158,444,154,1,Other,5,0,0.68,High Risk
14612,2010-10-20 16:01:00,2010-10-20 16:01:00,1,877.7,134,14,62.69285714285714,415,0,1,Other,5,0,0.6066666666666667,High Risk
14613,2010-01-28 13:02:00,2010-01-28 13:02:00,1,76.32000000000001,72,1,76.32000000000001,680,0,1,Other,3,0,1.0,High Risk
14614,2010-11-18 13:04:00,2010-11-18 13:04:00,1,295.13,189,19,15.533157894736842,386,0,1,Other,5,0,0.51,Medium Risk
14615,2010-11-10 13:36:00,2010-06-09 13:59:00,5,951.76,495,40,19.828333333333333,394,153,1,At Risk,9,0,0.6533333333333333,High Risk
14616,2011-04-11 09:54:00,2010-06-09 09:42:00,5,527.78,170,3,105.556,243,306,1,At Risk,8,0,0.92,High Risk
14617,2010-11-02 11:41:00,2010-10-20 10:40:00,2,190.47,81,7,21.163333333333334,403,13,1,Other,5,0,0.7833333333333333,High Risk
14618,2011-11-30 13:45:00,2010-06-11 10:11:00,7,1342.32,704,40,26.32,9,537,0,Champions,13,1,0.16333333333333333,Low Risk
14619,2011-04-08 07:37:00,2010-06-16 14:41:00,2,1291.24,594,58,21.520666666666667,246,295,1,Other,8,0,0.91,High Risk
14620,2011-05-18 11:58:00,2011-03-01 08:30:00,2,412.78000000000003,214,26,15.876153846153848,206,78,1,Other,6,0,0.9066666666666666,High Risk
14621,2011-12-08 16:22:00,2010-01-25 09:08:00,9,3000.57,1706,134,18.871509433962267,1,682,0,Champions,15,1,0.0,Low Risk
14622,2011-06-08 12:42:00,2011-06-08 12:42:00,1,320.58000000000004,146,21,15.265714285714287,185,0,1,Other,6,0,0.8966666666666666,High Risk
14623,2011-11-07 13:56:00,2010-04-16 17:12:00,10,2016.98,1025,193,7.152411347517731,32,569,0,Champions,13,1,0.12333333333333334,Low Risk
14624,2011-10-13 13:44:00,2010-04-14 10:44:00,6,814.07,645,39,15.962156862745099,57,547,0,Loyal Customers,11,1,0.16666666666666666,Low Risk
14625,2011-05-27 15:32:00,2009-12-16 13:23:00,11,4497.88,2155,167,16.90932330827068,196,527,1,At Risk,12,1,0.79,High Risk
14626,2011-11-16 10:37:00,2009-12-10 14:57:00,11,5410.92,3135,181,23.32293103448276,24,705,0,Champions,14,1,0.0,Low Risk
14627,2010-11-25 16:32:00,2010-11-25 16:32:00,1,462.75,284,29,15.956896551724139,379,0,1,Other,5,0,0.8666666666666667,High Risk
14628,2011-09-09 14:58:00,2010-01-25 14:40:00,5,1998.0,1147,65,23.232558139534884,91,592,1,Loyal Customers,11,1,0.7833333333333333,High Risk
14629,2011-12-05 16:55:00,2011-10-23 16:13:00,2,955.26,378,133,6.3684,4,43,0,New / Potential,10,1,0.12,Low Risk
14630,2010-08-12 16:38:00,2010-08-12 16:38:00,1,338.65,111,21,16.126190476190477,484,0,1,Other,4,0,0.8966666666666666,High Risk
14631,2011-10-20 11:17:00,2010-08-09 14:45:00,6,2025.69,1407,65,22.26032967032967,51,436,0,Champions,12,1,0.16333333333333333,Low Risk
14632,2011-03-22 08:49:00,2011-03-22 08:49:00,1,114.56,96,8,14.32,263,0,1,Other,4,0,0.9366666666666666,High Risk
14633,2011-03-18 17:07:00,2011-03-18 17:07:00,1,344.90000000000003,96,20,17.245,266,0,1,Other,5,0,0.89,High Risk
14634,2010-09-28 10:40:00,2010-06-16 09:48:00,4,2124.46,1906,105,19.49045871559633,438,104,1,At Risk,8,0,0.7833333333333333,High Risk
14635,2010-09-12 10:47:00,2010-09-12 10:47:00,1,215.22,118,15,14.348,454,0,1,Other,3,0,0.81,High Risk
14636,2011-11-03 16:12:00,2011-03-16 09:52:00,2,609.85,241,27,21.780357142857145,36,232,0,New / Potential,9,0,0.25666666666666665,Low Risk
14637,2010-01-31 15:52:00,2010-01-31 15:52:00,1,106.68,100,7,15.24,677,0,1,Other,3,0,0.8833333333333333,High Risk
14638,2011-10-20 10:10:00,2011-10-20 10:10:00,1,443.6,166,16,27.725,51,0,0,New / Potential,7,0,0.2866666666666667,Low Risk
14639,2011-10-18 15:06:00,2010-02-16 12:35:00,9,4978.96,2410,203,17.05123287671233,52,609,0,Champions,14,1,0.03,Low Risk
14640,2011-11-15 13:07:00,2010-01-22 15:44:00,10,3649.36,1645,165,17.97714285714286,24,661,0,Champions,14,1,0.0,Low Risk
14641,2011-11-18 10:42:00,2011-11-18 10:42:00,1,110.46000000000001,90,7,15.780000000000001,22,0,0,New / Potential,6,0,0.32666666666666666,Medium Risk
14642,2011-10-12 11:08:00,2011-10-12 11:08:00,1,96.12,76,2,48.06,59,0,0,New / Potential,6,0,0.3,Low Risk
14643,2011-06-22 14:41:00,2009-12-11 11:52:00,5,1679.89,1377,57,27.095000000000002,170,558,1,Loyal Customers,11,0,0.7866666666666666,High Risk
14644,2011-10-03 08:30:00,2009-12-03 16:24:00,7,2247.72,770,50,36.25354838709677,68,668,0,Loyal Customers,11,1,0.023333333333333334,Low Risk
14645,2011-07-06 09:15:00,2010-03-15 11:33:00,3,876.89,587,45,18.268541666666668,157,477,1,Other,9,0,0.85,High Risk
14646,2011-12-08 12:12:00,2009-12-02 16:52:00,151,528602.52,367193,961,137.33502727981295,2,735,0,Champions,15,1,0.0,Low Risk
14647,2011-05-22 13:40:00,2010-07-04 13:27:00,2,506.04,175,42,10.5425,201,322,1,Other,6,0,0.9266666666666666,High Risk
14648,2010-10-19 13:12:00,2009-12-10 13:59:00,15,4466.65,3265,286,10.363457076566124,416,312,1,At Risk,11,1,0.33,Medium Risk
14649,2011-12-05 12:30:00,2010-01-20 13:10:00,9,3651.19,2415,374,6.928254269449716,5,683,0,Champions,15,1,0.0033333333333333335,Low Risk
14650,2010-04-29 20:27:00,2010-04-29 20:27:00,1,62.5,22,4,15.625,589,0,1,Other,3,0,0.9833333333333333,High Risk
14651,2011-10-03 15:52:00,2010-03-18 11:39:00,9,2025.52,880,216,7.157314487632509,67,564,0,Loyal Customers,12,1,0.14333333333333334,Low Risk
14652,2011-09-23 14:21:00,2011-09-23 14:21:00,1,114.18,53,29,3.937241379310345,77,0,0,Other,5,0,0.89,High Risk
14653,2011-12-08 13:45:00,2009-12-02 11:51:00,12,3593.06,1969,271,9.405916230366492,1,736,0,Champions,15,1,0.0033333333333333335,Low Risk
14654,2009-12-01 12:57:00,2009-12-01 12:57:00,1,246.86,273,27,9.142962962962963,738,0,1,Other,3,0,0.8333333333333334,High Risk
14655,2011-12-01 16:28:00,2010-04-22 14:29:00,7,3878.51,2341,72,37.655436893203884,8,588,0,Champions,14,1,0.09,Low Risk
14656,2011-06-23 13:51:00,2010-04-15 12:10:00,5,790.0,309,148,3.816425120772947,169,434,1,Loyal Customers,10,0,0.7666666666666667,High Risk
14657,2011-11-22 12:47:00,2010-09-30 19:57:00,6,1450.19,879,143,6.938708133971292,18,417,0,Champions,13,1,0.18,Low Risk
14658,2011-12-04 15:35:00,2011-08-14 15:42:00,2,247.15,47,27,8.522413793103448,5,111,0,New / Potential,8,0,0.7566666666666667,High Risk
14659,2011-12-01 12:17:00,2011-01-28 12:43:00,9,2529.93,1195,147,9.999723320158102,9,306,0,Champions,14,1,0.12,Low Risk
14660,2011-09-14 11:34:00,2011-08-31 10:40:00,2,285.74,228,24,9.524666666666667,87,14,0,Other,7,0,0.21666666666666667,Low Risk
14661,2011-11-13 11:51:00,2011-11-13 11:51:00,1,107.95,35,4,26.9875,27,0,0,New / Potential,6,0,0.8233333333333334,High Risk
14662,2011-11-11 12:13:00,2009-12-03 16:47:00,7,1376.43,907,199,5.783319327731093,29,707,0,Champions,12,1,0.023333333333333334,Low Risk
14663,2010-10-05 13:21:00,2010-10-05 13:12:00,2,490.6,397,60,7.214705882352941,430,0,1,Other,5,0,0.7433333333333333,High Risk
14664,2011-11-20 10:59:00,2011-11-06 14:56:00,2,636.24,465,78,6.492244897959184,20,13,0,New / Potential,9,0,0.10666666666666667,Low Risk
14665,2011-10-10 09:14:00,2010-04-26 11:17:00,7,2749.65,1144,94,20.83068181818182,61,531,0,Loyal Customers,11,1,0.13333333333333333,Low Risk
14666,2011-11-15 12:57:00,2011-11-15 12:57:00,1,195.25,161,14,13.946428571428571,24,0,0,New / Potential,6,0,0.15333333333333332,Low Risk
14667,2011-11-29 11:30:00,2009-12-02 12:38:00,54,20395.34,11939,578,16.05932283464567,11,726,0,Champions,15,1,0.0033333333333333335,Low Risk
14668,2010-09-20 15:03:00,2010-09-20 15:03:00,1,111.63,49,10,9.3025,445,0,1,Other,3,0,0.91,High Risk
14669,2011-04-12 11:43:00,2009-12-02 13:06:00,7,3216.78,2043,334,8.312093023255814,242,495,1,At Risk,11,1,0.7466666666666667,High Risk
14670,2011-03-04 14:13:00,2009-12-07 13:59:00,3,583.33,423,159,3.2588268156424585,280,452,1,At Risk,7,0,0.74,High Risk
14671,2010-06-08 13:39:00,2010-05-20 18:21:00,2,1127.45,571,48,20.49909090909091,549,18,1,Other,6,0,0.7266666666666667,High Risk
14672,2011-04-19 10:19:00,2010-01-28 11:33:00,4,1113.14,646,93,10.501320754716982,235,445,1,At Risk,8,0,0.8466666666666667,High Risk
14673,2011-12-06 14:31:00,2010-10-26 10:14:00,7,3037.32,1822,86,20.522432432432435,3,406,0,Champions,14,1,0.05,Low Risk
14674,2010-07-18 14:25:00,2010-07-18 14:25:00,1,173.66,103,14,12.404285714285715,509,0,1,Other,3,0,0.97,High Risk
14675,2011-11-23 12:58:00,2010-11-16 12:22:00,2,1015.58,660,196,4.595384615384615,16,372,0,New / Potential,10,0,0.39666666666666667,Medium Risk
14676,2011-11-08 13:29:00,2010-03-10 09:30:00,12,8356.79,8792,77,62.833007518797,31,608,0,Champions,14,1,0.07,Low Risk
14677,2010-04-26 09:48:00,2010-04-26 09:48:00,1,184.91,139,14,13.207857142857142,593,0,1,Other,3,0,0.85,High Risk
14678,2010-05-09 14:32:00,2010-05-09 14:32:00,1,403.39,179,24,16.807916666666667,579,0,1,Other,4,0,0.79,High Risk
14679,2010-11-23 11:51:00,2009-12-08 17:13:00,3,1289.44,794,49,20.467301587301588,382,349,1,At Risk,9,0,0.7833333333333333,High Risk
14680,2011-11-14 16:59:00,2009-12-04 12:36:00,58,55688.5,26894,222,43.71153846153846,25,710,0,Champions,14,1,0.0033333333333333335,Low Risk
14681,2011-09-29 15:52:00,2010-02-24 08:54:00,6,875.1500000000001,172,19,43.75750000000001,71,582,0,Loyal Customers,10,1,0.29,Low Risk
14682,2011-06-05 12:12:00,2010-02-05 14:47:00,6,1514.81,949,79,17.61406976744186,188,484,1,Loyal Customers,11,0,0.87,High Risk
14683,2010-04-30 17:18:00,2010-04-30 17:18:00,1,146.56,386,21,6.979047619047619,588,0,1,Other,3,0,0.8466666666666667,High Risk
14684,2011-11-14 11:33:00,2010-11-14 14:07:00,6,1430.03,1005,272,2.942448559670782,26,364,0,Champions,12,1,0.18,Low Risk
14685,2010-05-12 13:08:00,2009-12-13 11:32:00,8,4536.64,1969,109,24.26010695187166,576,150,1,At Risk,10,1,0.7866666666666666,High Risk
14686,2010-10-21 18:31:00,2010-02-18 18:29:00,5,852.53,457,185,3.8928310502283106,414,245,1,At Risk,8,0,0.8633333333333333,High Risk
14687,2011-08-25 11:59:00,2010-06-06 10:36:00,3,1402.06,850,34,35.0515,107,445,1,High Value Customers,10,0,0.8133333333333334,High Risk
14688,2011-12-02 12:26:00,2010-09-09 12:35:00,28,7190.42,5041,197,14.704335378323108,8,448,0,Champions,15,1,0.09666666666666666,Low Risk
14689,2011-05-15 11:22:00,2011-05-15 11:22:00,1,112.80000000000001,76,13,8.676923076923078,209,0,1,Other,4,0,0.9733333333333334,High Risk
14690,2011-10-26 15:39:00,2010-10-25 12:20:00,4,777.6800000000001,341,69,7.550291262135923,44,366,0,Other,10,0,0.17666666666666667,Low Risk
14691,2011-11-09 12:30:00,2011-05-11 09:55:00,5,2114.33,707,50,29.779295774647885,31,182,0,Champions,12,1,0.21666666666666667,Low Risk
14692,2011-07-25 15:08:00,2010-04-01 14:04:00,12,1715.14,890,101,10.787044025157233,137,480,1,Loyal Customers,12,1,0.31333333333333335,Medium Risk
14693,2011-03-20 12:50:00,2010-07-02 08:28:00,7,1165.3600000000001,388,43,15.538133333333334,265,261,1,At Risk,9,0,0.8766666666666667,High Risk
14694,2010-04-01 19:46:00,2010-04-01 19:46:00,1,244.31,193,15,16.287333333333333,617,0,1,Other,3,0,0.89,High Risk
14695,2010-07-08 14:18:00,2009-12-07 11:05:00,3,1534.22,661,76,18.71,519,213,1,At Risk,8,0,0.9166666666666666,High Risk
14696,2011-12-05 13:43:00,2010-10-14 11:43:00,8,2473.28,1867,137,16.060259740259742,4,417,0,Champions,13,1,0.09333333333333334,Low Risk
14697,2011-05-05 15:39:00,2011-05-05 15:29:00,2,188.61,181,22,8.57318181818182,218,0,1,Other,5,0,0.9466666666666667,High Risk
14698,2011-12-08 12:26:00,2011-10-19 12:54:00,5,1217.27,602,148,6.0863499999999995,2,49,0,Loyal Customers,12,1,0.10666666666666667,Low Risk
14699,2011-05-09 14:54:00,2010-07-02 12:04:00,4,702.6,484,45,14.052,214,311,1,At Risk,8,0,0.89,High Risk
14700,2011-11-07 14:40:00,2010-08-11 12:19:00,5,3076.06,1606,111,18.419520958083833,32,453,0,Champions,13,1,0.18666666666666668,Low Risk
14701,2011-11-29 12:38:00,2010-01-24 12:15:00,15,4487.11,1744,455,7.5413613445378145,11,674,0,Champions,15,1,0.01,Low Risk
14702,2011-12-08 19:29:00,2009-12-10 20:22:00,29,6368.78,2878,338,9.379646539027982,1,727,0,Champions,15,1,0.006666666666666667,Low Risk
14703,2011-11-25 09:23:00,2011-11-25 09:23:00,1,318.17,183,22,14.462272727272728,15,0,0,New / Potential,8,0,0.16666666666666666,Low Risk
14704,2011-11-28 12:51:00,2010-03-25 17:21:00,11,1752.92,1164,319,3.8525714285714288,11,612,0,Champions,14,1,0.05,Low Risk
14705,2011-05-25 12:39:00,2011-05-25 12:39:00,1,179.0,100,1,179.0,199,0,1,Other,4,0,0.8683049766056998,High Risk
14706,2010-03-31 11:09:00,2010-03-31 11:09:00,1,367.54,246,25,14.701600000000001,619,0,1,Other,4,0,0.8766666666666667,High Risk
14707,2010-09-30 11:37:00,2010-05-12 11:07:00,2,139.2,96,1,69.6,436,141,1,Other,4,0,0.9366666666666666,High Risk
14708,2011-12-07 08:21:00,2010-09-10 10:26:00,5,1793.22,1159,27,43.737073170731705,3,452,0,Champions,13,1,0.2633333333333333,Low Risk
14709,2011-11-24 15:41:00,2009-12-05 15:26:00,25,8886.33,4141,105,24.891680672268908,15,719,0,Champions,15,1,0.006666666666666667,Low Risk
14710,2011-11-25 14:53:00,2009-12-03 17:12:00,13,1899.79,1135,310,4.397662037037037,14,721,0,Champions,14,1,0.0,Low Risk
14711,2011-11-29 14:58:00,2011-03-22 13:32:00,11,2839.62,966,221,8.230782608695652,10,252,0,Champions,14,1,0.37,Medium Risk
14712,2011-11-10 12:59:00,2010-10-17 14:49:00,4,1328.0700000000002,411,24,41.502187500000005,29,388,0,High Value Customers,11,1,0.4033333333333333,Medium Risk
14713,2011-11-30 16:26:00,2009-12-03 19:22:00,21,5115.76,3329,222,7.567692307692308,9,726,0,Champions,15,1,0.013333333333333334,Low Risk
14714,2011-11-15 13:07:00,2010-01-21 11:51:00,4,906.24,642,64,9.744516129032258,24,663,0,Other,10,1,0.03333333333333333,Low Risk
14715,2011-11-15 12:10:00,2010-01-19 12:18:00,8,1825.45,1030,102,13.324452554744527,25,664,0,Champions,12,1,0.016666666666666666,Low Risk
14716,2011-10-27 17:29:00,2010-09-21 12:07:00,3,543.28,643,85,5.659166666666667,43,401,0,Other,9,0,0.11,Low Risk
14717,2009-12-06 13:05:00,2009-12-06 13:05:00,1,81.3,32,11,7.390909090909091,733,0,1,Other,3,0,0.96,High Risk
14718,2010-10-25 13:07:00,2010-10-25 13:07:00,1,226.42,202,11,20.583636363636362,410,0,1,Other,4,0,0.8916383099390331,High Risk
14719,2011-12-08 12:43:00,2011-04-04 14:17:00,5,1581.84,1025,177,6.731234042553191,2,247,0,Champions,13,1,0.24666666666666667,Low Risk
14720,2011-12-04 12:02:00,2011-08-05 12:06:00,3,663.81,219,34,17.94081081081081,6,120,0,Other,11,1,0.35,Medium Risk
14721,2010-11-25 13:08:00,2010-11-25 13:08:00,1,109.07,57,24,4.3628,379,0,1,Other,4,0,0.9366666666666666,High Risk
14722,2011-07-15 14:58:00,2010-08-10 13:28:00,3,489.52,214,72,5.626666666666666,147,339,1,Other,8,0,0.8933333333333333,High Risk
14723,2011-11-29 15:23:00,2009-12-04 11:22:00,11,1803.06,1168,287,4.334278846153846,10,725,0,Champions,14,1,0.016666666666666666,Low Risk
14724,2010-04-28 13:26:00,2010-04-28 13:26:00,1,341.9,184,40,8.339024390243901,590,0,1,Other,4,0,0.8366666666666667,High Risk
14725,2011-11-15 12:42:00,2010-06-23 11:34:00,4,1252.74,1335,85,12.5274,25,510,0,High Value Customers,11,1,0.10666666666666667,Low Risk
14726,2010-02-23 12:35:00,2010-02-23 12:35:00,1,116.5,82,15,7.766666666666667,655,0,1,Other,3,0,0.9966666666666667,High Risk
14727,2011-03-10 14:45:00,2010-06-11 13:23:00,3,463.73,458,43,10.08108695652174,274,272,1,At Risk,7,0,0.92,High Risk
14728,2010-10-22 15:57:00,2010-10-22 15:57:00,1,190.58,68,14,13.612857142857143,413,0,1,Other,3,0,0.9766666666666667,High Risk
14729,2010-12-01 12:43:00,2010-03-24 13:30:00,3,586.24,372,126,4.441212121212121,374,251,1,At Risk,7,0,0.8566666666666667,High Risk
14730,2011-12-08 14:39:00,2011-03-08 12:49:00,8,1897.57,1078,317,4.107294372294372,1,275,0,Champions,13,1,0.12333333333333334,Low Risk
14731,2011-10-23 15:54:00,2011-05-11 13:06:00,3,380.02,256,38,8.444888888888888,47,165,0,Other,9,0,0.3466666666666667,Medium Risk
14732,2011-12-01 14:34:00,2009-12-09 10:48:00,19,5517.07,2273,162,19.9172202166065,8,722,0,Champions,15,1,0.006666666666666667,Low Risk
14733,2011-11-23 15:39:00,2010-11-02 15:42:00,15,14335.15,5799,140,44.937774294670845,16,385,0,Champions,15,1,0.6,Medium Risk
14734,2010-10-10 12:04:00,2010-06-06 15:15:00,4,1056.42,378,48,16.76857142857143,426,125,1,At Risk,7,0,0.8933333333333333,High Risk
14735,2011-12-06 12:09:00,2009-12-04 11:32:00,56,12240.16,4513,198,33.44306010928962,4,732,0,Champions,15,1,0.0,Low Risk
14736,2010-08-11 15:21:00,2010-08-11 15:13:00,2,374.05,148,70,4.250568181818182,485,0,1,Other,5,0,0.9133333333333333,High Risk
14737,2011-12-06 10:16:00,2010-11-04 11:29:00,4,3554.17,1071,28,78.98155555555556,4,396,0,High Value Customers,13,1,0.19333333333333333,Low Risk
14738,2011-10-28 08:56:00,2009-12-07 10:21:00,9,1821.9,757,58,22.77375,43,689,0,Champions,13,1,0.013333333333333334,Low Risk
14739,2011-12-05 16:54:00,2009-12-02 13:23:00,25,11573.62,9696,129,47.432868852459016,4,733,0,Champions,15,1,0.0033333333333333335,Low Risk
14740,2011-05-26 18:17:00,2010-02-25 11:40:00,11,4161.06,2081,173,18.013246753246754,197,455,1,At Risk,12,1,0.6633333333333333,High Risk
14741,2011-11-28 08:48:00,2010-10-18 09:33:00,7,1713.0900000000001,1006,48,22.540657894736842,12,405,0,Champions,13,1,0.11,Low Risk
14742,2010-09-30 14:07:00,2010-09-30 14:07:00,1,579.85,374,34,17.054411764705883,435,0,1,Other,4,0,0.8733333333333333,High Risk
14743,2010-04-26 10:26:00,2010-04-26 10:26:00,1,50.480000000000004,40,3,16.826666666666668,593,0,1,Other,3,0,0.9666666666666667,High Risk
14744,2011-11-23 12:51:00,2010-05-18 14:06:00,14,3660.08,2399,57,31.017627118644068,16,553,0,Champions,15,1,0.04666666666666667,Low Risk
14745,2011-08-19 10:05:00,2010-03-12 10:33:00,12,2551.41,1969,74,18.22435714285714,113,524,1,Loyal Customers,12,1,0.68,High Risk
14746,2010-10-29 14:44:00,2010-10-12 11:06:00,4,593.5,398,7,65.94444444444444,406,17,1,At Risk,7,0,0.77,High Risk
14747,2011-04-04 14:09:00,2011-04-04 14:09:00,1,328.2,84,18,18.233333333333334,249,0,1,Other,5,0,0.96,High Risk
14748,2011-11-10 18:33:00,2010-03-04 17:08:00,10,2681.9,2422,129,16.867295597484276,29,616,0,Champions,13,1,0.03,Low Risk
14749,2010-08-17 12:36:00,2010-08-17 12:36:00,1,310.15,403,18,17.230555555555554,480,0,1,Other,4,0,0.7766666666666666,High Risk
14750,2009-12-03 17:57:00,2009-12-03 17:57:00,1,112.03,65,32,3.5009375,736,0,1,Other,3,0,0.9566666666666667,High Risk
14751,2010-01-24 13:37:00,2009-12-13 14:08:00,2,126.45,65,7,18.064285714285713,684,41,1,Other,4,0,0.7466666666666667,High Risk
14752,2011-10-27 11:55:00,2011-10-27 11:55:00,1,389.64000000000004,260,5,77.92800000000001,44,0,0,New / Potential,7,0,0.27,Low Risk
14753,2011-09-13 14:50:00,2010-09-05 11:04:00,2,869.51,412,45,18.114791666666665,87,373,0,Other,8,0,0.15333333333333332,Low Risk
14754,2011-10-26 12:01:00,2010-01-18 11:04:00,6,1547.93,1010,110,11.381838235294119,45,646,0,Champions,12,1,0.02666666666666667,Low Risk
14755,2011-11-30 11:24:00,2009-12-03 16:51:00,25,9972.550000000001,4401,219,20.99484210526316,10,726,0,Champions,15,1,0.0,Low Risk
14756,2011-11-24 18:13:00,2010-10-11 11:50:00,3,2653.76,1423,102,22.300504201680674,15,409,0,High Value Customers,12,1,0.20666666666666667,Low Risk
14757,2011-09-25 14:36:00,2011-09-25 14:36:00,1,420.5,160,19,22.13157894736842,75,0,0,Other,6,0,0.4633333333333333,Medium Risk
14758,2011-07-18 08:21:00,2010-04-08 08:27:00,7,2864.9700000000003,840,91,21.06595588235294,145,465,1,Loyal Customers,11,1,0.7733333333333333,High Risk
14759,2011-12-05 12:03:00,2011-04-21 10:55:00,3,1625.97,569,92,15.940882352941177,5,228,0,High Value Customers,12,1,0.30333333333333334,Medium Risk
14760,2011-02-15 16:27:00,2011-02-15 16:27:00,1,89.2,40,5,17.84,297,0,1,Other,4,0,0.9666666666666667,High Risk
14761,2011-10-12 12:10:00,2010-09-21 14:22:00,3,447.92,206,21,18.663333333333334,59,385,0,Other,9,0,0.12666666666666668,Low Risk
14762,2011-03-21 08:20:00,2010-03-23 15:36:00,2,417.57,428,28,13.919,264,362,1,Other,6,0,0.7533333333333333,High Risk
14764,2011-10-24 11:54:00,2011-10-24 11:54:00,1,278.3,190,6,46.38333333333333,47,0,0,New / Potential,6,0,0.86,High Risk
14765,2011-11-10 19:53:00,2011-06-16 19:49:00,3,254.11,135,38,6.515641025641026,29,147,0,Other,8,0,0.8533333333333334,High Risk
14766,2011-12-01 16:05:00,2010-06-06 11:11:00,11,6375.7300000000005,3999,251,19.089011976047907,8,543,0,Champions,15,1,0.05333333333333334,Low Risk
14767,2010-08-22 14:54:00,2010-08-22 14:54:00,1,382.81,117,18,21.267222222222223,474,0,1,Other,4,0,0.87,High Risk
14768,2011-11-22 12:54:00,2011-08-04 13:25:00,2,192.60000000000002,52,4,38.52,17,109,0,New / Potential,8,0,0.32,Medium Risk
14769,2011-12-07 10:24:00,2009-12-16 09:17:00,17,15514.11,11058,834,11.09736051502146,3,721,0,Champions,15,1,0.013333333333333334,Low Risk
14770,2011-04-21 14:21:00,2010-02-25 18:58:00,8,3637.6400000000003,1598,152,18.46517766497462,232,419,1,At Risk,11,1,0.7466666666666667,High Risk
14771,2010-03-28 12:52:00,2009-12-03 09:44:00,2,594.62,622,46,12.651489361702128,621,115,1,Other,5,0,0.6966666666666667,High Risk
14772,2011-08-19 15:04:00,2011-08-19 15:04:00,1,139.26,82,9,15.473333333333333,112,0,1,Other,5,0,0.8633333333333333,High Risk
14773,2010-04-26 10:29:00,2010-04-26 10:29:00,1,140.55,53,10,14.055000000000001,593,0,1,Other,3,0,0.96,High Risk
14774,2010-06-29 12:26:00,2010-06-29 12:26:00,1,241.45000000000002,99,13,18.573076923076925,529,0,1,Other,3,0,0.9666666666666667,High Risk
14775,2011-10-12 15:27:00,2010-12-02 16:38:00,3,1011.9,1174,57,16.865,58,313,0,Other,10,0,0.23666666666666666,Low Risk
14776,2011-10-19 15:34:00,2010-09-19 14:12:00,15,3708.2999999999997,4658,68,19.51736842105263,51,395,0,Champions,14,1,0.07333333333333333,Low Risk
14777,2010-11-01 12:50:00,2010-11-01 12:50:00,1,307.56,212,16,19.2225,404,0,1,Other,5,0,0.88,High Risk
14778,2011-08-04 15:23:00,2011-02-04 11:43:00,2,730.86,306,34,20.881714285714285,127,181,1,Other,8,0,0.8733333333333333,High Risk
14779,2011-03-04 12:42:00,2011-01-20 12:04:00,3,386.15,84,40,9.418292682926829,281,43,1,At Risk,7,0,0.8733333333333333,High Risk
14780,2011-10-16 12:46:00,2011-09-21 15:15:00,2,447.68,310,26,16.58074074074074,55,24,0,New / Potential,8,0,0.32666666666666666,Medium Risk
14782,2011-01-24 11:12:00,2011-01-24 11:12:00,1,200.10000000000002,114,6,33.35,320,0,1,Other,4,0,0.7666666666666667,High Risk
14783,2010-02-18 16:16:00,2010-02-18 16:16:00,1,307.3,262,17,18.076470588235296,659,0,1,Other,4,0,0.9066666666666666,High Risk
14784,2011-11-13 13:30:00,2010-11-15 09:49:00,3,449.93,363,25,16.664074074074076,26,363,0,Other,9,0,0.4266666666666667,Medium Risk
14785,2011-11-29 13:21:00,2011-11-24 13:40:00,2,77.4,84,2,25.8,10,4,0,New / Potential,8,0,0.27,Low Risk
14786,2010-06-07 13:42:00,2010-06-07 13:42:00,1,90.96,112,7,12.994285714285713,550,0,1,Other,3,0,0.9533333333333334,High Risk
14787,2010-08-25 14:38:00,2010-08-25 14:38:00,1,110.65,59,14,7.376666666666667,471,0,1,Other,3,0,0.9866666666666667,High Risk
14788,2011-12-02 17:06:00,2010-04-22 18:16:00,3,1156.32,719,53,19.93655172413793,7,588,0,Other,11,1,0.08666666666666667,Low Risk
14789,2011-11-11 08:59:00,2011-11-11 08:59:00,1,197.64,116,6,32.94,29,0,0,New / Potential,6,0,0.31,Medium Risk
14790,2011-11-23 09:28:00,2009-12-11 14:37:00,10,2526.62,2642,65,17.42496551724138,17,711,0,Champions,14,1,0.0033333333333333335,Low Risk
14791,2010-04-12 10:24:00,2010-04-12 10:24:00,1,303.63,127,19,15.980526315789474,607,0,1,Other,4,0,0.9066666666666666,High Risk
14792,2011-10-07 09:19:00,2011-10-07 09:19:00,1,6.2,2,2,3.1,64,0,0,Other,5,0,0.36333333333333334,Medium Risk
14793,2011-11-18 14:50:00,2010-06-22 16:54:00,2,625.9,361,39,16.048717948717947,21,513,0,New / Potential,9,0,0.18333333333333332,Low Risk
14794,2011-12-07 10:11:00,2010-08-09 15:44:00,10,1953.9,783,85,18.7875,3,484,0,Champions,14,1,0.17333333333333334,Low Risk
14795,2011-06-26 13:04:00,2011-06-26 13:04:00,1,131.45000000000002,17,6,21.908333333333335,166,0,1,Other,5,0,0.9933333333333333,High Risk
14796,2011-12-08 15:31:00,2009-12-14 15:06:00,27,10169.33,7188,487,6.811339584728734,1,724,0,Champions,15,1,0.0,Low Risk
14797,2010-07-20 14:07:00,2010-07-20 14:07:00,1,300.31,99,16,18.769375,507,0,1,Other,4,0,0.9466666666666667,High Risk
14798,2011-10-18 10:58:00,2010-03-01 08:38:00,8,724.31,601,30,14.781836734693876,53,596,0,Loyal Customers,11,1,0.18,Low Risk
14799,2011-10-19 16:16:00,2009-12-02 11:18:00,2,338.15000000000003,495,20,14.70217391304348,51,686,0,New / Potential,8,0,0.04,Low Risk
14800,2011-10-23 12:46:00,2010-09-30 14:38:00,17,7191.33,6501,337,11.98555,48,387,0,Champions,14,1,0.09,Low Risk
14801,2011-10-09 15:24:00,2011-10-09 15:24:00,1,189.34,173,56,3.3217543859649123,61,0,0,Other,5,0,0.13666666666666666,Low Risk
14802,2010-09-27 16:34:00,2010-09-27 16:32:00,2,1502.98,2,1,751.49,438,0,1,Other,7,0,0.8866666666666667,High Risk
14803,2011-06-30 13:58:00,2011-02-20 13:21:00,3,845.5500000000001,370,35,19.217045454545456,162,130,1,Other,9,0,0.8766666666666667,High Risk
14804,2011-12-01 11:20:00,2011-12-01 11:20:00,1,353.27,121,12,29.439166666666665,9,0,0,New / Potential,8,0,0.31333333333333335,Medium Risk
14805,2011-11-24 16:20:00,2010-03-28 12:34:00,7,1082.55,416,88,8.524015748031495,15,606,0,Loyal Customers,12,1,0.14666666666666667,Low Risk
14806,2011-09-25 15:32:00,2010-09-26 15:50:00,2,303.43,423,17,15.1715,75,363,0,Other,7,0,0.18,Low Risk
14807,2010-11-14 12:47:00,2010-02-28 11:33:00,2,504.14,234,37,13.266842105263157,391,259,1,Other,6,0,0.9166666666666666,High Risk
14808,2011-10-31 12:21:00,2011-06-20 12:53:00,8,2718.6,2120,176,11.768831168831168,40,132,0,Champions,12,1,0.12666666666666668,Low Risk
14809,2010-03-28 15:44:00,2010-03-28 15:42:00,2,686.76,232,18,38.153333333333336,621,0,1,Other,6,0,0.9266666666666666,High Risk
14810,2011-10-30 11:19:00,2010-10-06 13:12:00,13,2354.03,1162,125,7.820697674418605,41,388,0,Champions,13,1,0.13,Low Risk
14811,2010-11-17 13:09:00,2010-11-17 13:09:00,1,170.5,74,28,6.089285714285714,387,0,1,Other,4,0,0.8866666666666667,High Risk
14812,2010-04-20 12:13:00,2010-04-20 12:13:00,1,178.85,135,36,4.968055555555555,599,0,1,Other,3,0,0.9166666666666666,High Risk
14813,2010-12-05 11:57:00,2010-04-08 11:49:00,4,888.91,392,110,6.4413768115942025,370,241,1,At Risk,8,0,0.6533333333333333,High Risk
14814,2010-05-07 14:10:00,2010-05-07 14:10:00,1,154.21,93,28,5.140333333333333,581,0,1,Other,3,0,0.77,High Risk
14815,2011-11-03 11:36:00,2011-10-03 11:36:00,2,778.5,744,53,14.68867924528302,37,31,0,New / Potential,9,0,0.4033333333333333,Medium Risk
14816,2011-05-26 13:16:00,2011-05-26 13:16:00,1,271.85,5,4,67.9625,197,0,1,Other,4,0,0.99,High Risk
14817,2011-05-23 13:35:00,2010-03-22 12:10:00,7,3959.86,2462,142,17.216782608695652,200,427,1,At Risk,11,1,0.19333333333333333,Low Risk
14818,2011-09-27 11:01:00,2010-03-02 12:48:00,6,1153.56,543,87,11.091923076923077,74,573,0,Loyal Customers,10,1,0.05333333333333334,Low Risk
14819,2011-10-06 13:41:00,2009-12-21 15:54:00,4,456.41,170,52,8.452037037037037,64,653,0,Other,8,0,0.013333333333333334,Low Risk
14820,2011-11-18 15:41:00,2010-01-31 12:49:00,9,1274.76,724,51,19.918125,21,656,0,Champions,13,1,0.07333333333333333,Low Risk
14821,2010-12-08 08:43:00,2010-02-01 13:33:00,7,1230.15,459,65,17.82826086956522,367,309,1,At Risk,10,0,0.8033333333333333,High Risk
14822,2010-08-11 12:52:00,2010-08-11 12:52:00,1,157.7,94,9,17.522222222222222,485,0,1,Other,3,0,0.8433333333333334,High Risk
14823,2011-06-12 13:12:00,2011-05-29 12:48:00,3,321.43,88,56,4.591857142857143,180,14,1,Other,8,0,0.76,High Risk
14824,2011-11-29 14:20:00,2010-03-12 13:07:00,10,4022.9100000000003,1954,84,25.461455696202535,10,627,0,Champions,15,1,0.03,Low Risk
14825,2011-12-06 11:38:00,2010-04-06 14:14:00,24,4735.08,2774,187,15.83638795986622,4,608,0,Champions,15,1,0.03333333333333333,Low Risk
14826,2010-05-07 09:00:00,2010-01-13 13:08:00,2,385.2,152,10,38.519999999999996,582,113,1,Other,5,0,0.9566666666666667,High Risk
14828,2011-05-27 10:16:00,2009-12-07 11:19:00,13,9839.460000000001,9718,72,97.42039603960397,197,535,1,At Risk,12,1,0.2633333333333333,Low Risk
14829,2011-11-10 16:16:00,2010-09-29 13:14:00,7,1455.8700000000001,957,77,15.998571428571429,29,407,0,Champions,12,1,0.53,Medium Risk
14830,2011-10-17 14:29:00,2011-10-17 14:29:00,1,188.88,164,39,4.843076923076923,53,0,0,New / Potential,6,0,0.3466666666666667,Medium Risk
14831,2010-01-28 14:31:00,2009-12-02 09:21:00,3,1676.57,885,67,20.445975609756097,680,57,1,At Risk,8,0,0.7833333333333333,High Risk
14832,2010-03-19 15:14:00,2010-03-19 15:14:00,1,322.69,1,1,322.69,630,0,1,Other,4,0,0.9266666666666666,High Risk
14833,2010-07-29 10:06:00,2010-07-29 10:06:00,1,94.8,58,7,13.542857142857143,499,0,1,Other,3,0,0.97,High Risk
14834,2011-11-22 10:30:00,2010-10-28 17:37:00,7,2206.16,872,55,25.35816091954023,18,389,0,Champions,13,1,0.2966666666666667,Low Risk
14835,2010-06-29 10:08:00,2010-04-01 19:34:00,2,297.0,180,1,148.5,529,88,1,Other,5,0,0.9183049766056998,High Risk
14836,2011-11-29 16:45:00,2011-11-09 13:26:00,3,102.45,45,5,17.075,10,20,0,Other,9,0,0.6,Medium Risk
14837,2011-09-11 10:58:00,2010-01-24 10:20:00,9,3460.32,3030,171,16.556555023923444,90,595,0,Loyal Customers,13,1,0.04,Low Risk
14838,2010-10-12 15:46:00,2009-12-03 09:52:00,2,769.9200000000001,361,69,10.998857142857144,423,313,1,Other,6,0,0.89,High Risk
14839,2010-10-17 13:01:00,2010-01-04 16:29:00,3,915.28,927,61,12.368648648648648,418,285,1,At Risk,7,0,0.8633333333333333,High Risk
14840,2011-03-17 12:00:00,2010-06-18 15:42:00,2,362.71000000000004,179,20,16.486818181818183,268,271,1,Other,6,0,0.7533333333333333,High Risk
14841,2011-10-17 15:03:00,2009-12-02 16:49:00,14,7163.0,4164,196,23.876666666666665,53,683,0,Champions,14,1,0.0,Low Risk
14842,2011-10-27 12:37:00,2011-02-04 15:32:00,4,2824.69,1166,128,19.480620689655172,44,264,0,High Value Customers,11,1,0.2,Low Risk
14843,2010-09-29 12:39:00,2010-09-29 12:39:00,1,211.8,132,9,23.533333333333335,437,0,1,Other,3,0,0.7166666666666667,High Risk
14844,2011-10-07 10:41:00,2010-04-12 12:50:00,10,6702.43,4369,158,24.19649819494585,64,542,0,Loyal Customers,13,1,0.04,Low Risk
14845,2010-04-19 10:19:00,2010-04-19 10:19:00,1,150.0,600,1,150.0,600,0,1,Other,3,0,0.94,High Risk
14846,2010-10-08 17:07:00,2010-10-08 17:07:00,1,437.4,193,12,36.449999999999996,427,0,1,Other,4,0,0.77,High Risk
14847,2011-07-14 10:52:00,2010-05-24 12:29:00,3,1348.95,533,56,21.75725806451613,149,415,1,High Value Customers,10,0,0.9166666666666666,High Risk
14848,2010-10-31 12:22:00,2010-10-31 12:22:00,1,310.56,260,11,28.232727272727274,405,0,1,Other,5,0,0.95,High Risk
14849,2011-11-18 10:58:00,2010-01-10 11:40:00,43,15407.61,11838,279,20.877520325203253,22,676,0,Champions,14,1,0.0,Low Risk
14850,2011-02-01 11:21:00,2010-05-20 13:28:00,7,1770.96,1393,129,9.081846153846154,312,256,1,At Risk,10,0,0.6933333333333334,High Risk
14851,2011-11-16 14:20:00,2010-03-19 11:52:00,3,829.41,631,38,19.747857142857143,23,607,0,Other,10,1,0.06,Low Risk
14852,2011-10-12 13:20:00,2010-03-05 14:51:00,18,6132.43,4366,152,19.846051779935276,58,585,0,Champions,14,1,0.03,Low Risk
14853,2011-11-15 16:56:00,2010-04-13 09:26:00,5,1376.87,345,26,44.41516129032258,24,581,0,Champions,12,1,0.16666666666666666,Low Risk
14854,2011-09-22 17:00:00,2010-01-22 09:48:00,11,4303.06,2987,170,20.107757009345796,78,608,0,Loyal Customers,13,1,0.013333333333333334,Low Risk
14855,2011-08-12 14:02:00,2010-04-08 10:30:00,7,6520.3,3510,168,31.499033816425122,119,491,1,Loyal Customers,12,1,0.7733333333333333,High Risk
14856,2011-11-03 14:53:00,2011-10-14 09:35:00,3,1290.53,711,65,19.854307692307692,36,20,0,High Value Customers,11,1,0.11,Low Risk
14857,2011-10-11 09:23:00,2010-03-15 11:00:00,7,3651.851,2081,170,17.144840375586856,60,574,0,Loyal Customers,12,1,0.05333333333333334,Low Risk
14858,2010-07-22 10:51:00,2010-07-22 10:51:00,1,180.75,105,11,16.431818181818183,506,0,1,Other,3,0,0.9666666666666667,High Risk
14859,2011-11-27 11:18:00,2010-06-03 10:26:00,5,1705.64,888,51,25.843030303030304,13,542,0,Champions,13,1,0.11333333333333333,Low Risk
14860,2011-11-20 14:17:00,2011-11-20 14:17:00,1,170.32,232,11,15.483636363636363,19,0,0,New / Potential,7,0,0.25666666666666665,Low Risk
14861,2011-10-18 12:54:00,2009-12-08 12:12:00,10,1380.73,1076,62,16.055,52,679,0,Champions,13,1,0.016666666666666666,Low Risk
14862,2011-11-14 10:01:00,2011-07-14 11:20:00,2,841.2,772,47,17.525000000000002,26,122,0,New / Potential,9,0,0.24666666666666667,Low Risk
14863,2011-11-10 15:04:00,2011-11-10 15:04:00,1,266.76,132,11,24.25090909090909,29,0,0,New / Potential,6,0,0.2633333333333333,Low Risk
14865,2011-12-02 16:25:00,2009-12-01 16:05:00,4,92.52,204,4,15.42,7,731,0,Other,9,0,0.07,Low Risk
14866,2011-11-29 11:45:00,2010-08-26 11:54:00,19,20746.54,9089,40,152.54808823529413,11,459,0,Champions,15,1,0.11666666666666667,Low Risk
14867,2011-06-07 11:39:00,2009-12-05 15:47:00,16,2952.06,996,67,21.547883211678833,186,548,1,Loyal Customers,13,1,0.23,Low Risk
14868,2011-12-06 14:49:00,2010-10-15 14:52:00,12,4184.01,2230,132,19.829431279620856,3,416,0,Champions,15,1,0.09333333333333334,Low Risk
14869,2011-12-01 12:36:00,2009-12-16 11:43:00,6,2778.14,2130,187,11.385819672131147,9,715,0,Champions,13,1,0.02666666666666667,Low Risk
14870,2011-03-23 10:51:00,2010-01-25 09:05:00,6,1838.95,483,43,28.29153846153846,262,422,1,At Risk,10,0,0.85,High Risk
14871,2011-12-06 13:42:00,2009-12-01 11:57:00,9,1228.17,446,123,6.330773195876289,3,735,0,Champions,14,1,0.01,Low Risk
14872,2010-08-13 12:34:00,2010-03-16 14:41:00,3,816.6,662,34,18.990697674418605,484,149,1,At Risk,7,0,0.8966666666666666,High Risk
14873,2011-05-13 13:52:00,2010-03-16 10:51:00,2,854.13,311,48,17.43122448979592,210,423,1,Other,7,0,0.76,High Risk
14874,2010-06-22 14:58:00,2010-06-22 14:58:00,1,116.18,148,6,19.363333333333333,535,0,1,Other,3,0,0.9066666666666666,High Risk
14875,2011-08-24 12:20:00,2010-09-24 10:28:00,3,2862.4,1332,88,32.16179775280899,108,334,1,High Value Customers,10,1,0.84,High Risk
14876,2010-07-06 14:57:00,2010-05-27 13:49:00,2,256.7,162,12,19.746153846153845,521,40,1,Other,4,0,0.91,High Risk
14877,2010-10-17 13:09:00,2010-03-07 12:25:00,2,425.85,168,57,6.7595238095238095,418,224,1,Other,5,0,0.9066666666666666,High Risk
14878,2011-11-27 11:15:00,2010-02-21 11:14:00,25,4076.5,2416,159,11.047425474254743,13,644,0,Champions,15,1,0.0,Low Risk
14879,2010-01-24 11:35:00,2010-01-24 11:35:00,1,185.06,104,27,6.854074074074074,685,0,1,Other,3,0,0.97,High Risk
14880,2011-09-23 13:42:00,2011-02-24 12:27:00,3,690.59,365,45,15.012826086956522,77,211,0,Other,9,0,0.22333333333333333,Low Risk
14881,2011-11-20 11:06:00,2011-11-20 11:06:00,1,255.4,316,17,15.023529411764706,20,0,0,New / Potential,6,0,0.2733333333333333,Low Risk
14882,2011-11-13 12:47:00,2010-03-30 15:02:00,14,3546.65,1614,32,54.56384615384616,27,592,0,Champions,14,1,0.22666666666666666,Low Risk
14883,2011-11-21 10:23:00,2011-05-12 09:49:00,6,761.59,790,39,14.369622641509434,19,193,0,Loyal Customers,12,1,0.26,Low Risk
14884,2010-02-08 12:56:00,2010-02-08 12:56:00,1,120.6,72,8,15.075,669,0,1,Other,3,0,0.9166666666666666,High Risk
14885,2011-07-31 12:05:00,2010-08-31 10:11:00,3,1598.12,1308,24,51.552258064516124,132,334,1,High Value Customers,10,0,0.8866666666666667,High Risk
14886,2011-04-01 08:56:00,2011-04-01 08:56:00,1,364.8,160,18,20.266666666666666,253,0,1,Other,5,0,0.8633333333333333,High Risk
14887,2011-09-21 15:32:00,2011-09-21 15:32:00,1,1862.0,1100,6,310.3333333333333,79,0,0,High Value Customers,8,0,0.29,Low Risk
14888,2011-05-16 14:58:00,2011-05-16 14:58:00,1,369.2,184,20,18.46,207,0,1,Other,5,0,0.78,High Risk
14889,2011-01-07 15:19:00,2011-01-07 15:19:00,1,135.9,90,10,13.59,336,0,1,Other,4,0,0.8366666666666667,High Risk
14890,2011-03-31 11:57:00,2010-02-18 09:00:00,3,817.25,636,55,14.337719298245615,254,406,1,At Risk,8,0,0.77,High Risk
14891,2011-07-14 18:08:00,2010-09-29 12:41:00,4,1106.73,788,55,17.56714285714286,148,288,1,Other,9,0,0.78,High Risk
14892,2010-01-18 08:58:00,2010-01-18 08:58:00,1,202.35000000000002,79,13,15.565384615384618,691,0,1,Other,3,0,0.98,High Risk
14893,2011-11-30 12:31:00,2010-04-01 09:03:00,3,1809.6100000000001,1047,98,17.07179245283019,10,608,0,High Value Customers,12,1,0.06666666666666667,Low Risk
14894,2011-09-15 13:51:00,2009-12-02 10:42:00,3,1492.81,603,39,32.45239130434783,85,652,0,High Value Customers,10,0,0.04666666666666667,Low Risk
14895,2011-12-02 09:23:00,2009-12-10 14:22:00,38,25119.54,10714,441,27.910600000000002,8,721,0,Champions,15,1,0.0,Low Risk
14896,2011-05-19 10:20:00,2009-12-06 12:42:00,8,1826.0,931,150,7.217391304347826,205,528,1,At Risk,10,1,0.8233333333333334,High Risk
14897,2011-12-02 10:32:00,2009-12-15 17:05:00,8,3140.54,1162,94,24.728661417322833,8,716,0,Champions,14,1,0.006666666666666667,Low Risk
14898,2011-11-16 14:54:00,2009-12-03 16:40:00,14,3365.95,2207,185,11.566838487972507,23,712,0,Champions,14,1,0.006666666666666667,Low Risk
14899,2010-11-09 15:20:00,2010-11-09 15:20:00,1,1331.38,570,126,10.32077519379845,395,0,1,Other,7,0,0.8533333333333334,High Risk
14900,2010-07-05 15:09:00,2010-07-05 15:09:00,1,13.919999999999998,48,1,13.919999999999998,522,0,1,Other,3,0,0.9366666666666666,High Risk
14901,2011-11-28 17:09:00,2010-07-29 11:11:00,12,1919.0,880,103,14.32089552238806,11,487,0,Champions,14,1,0.14,Low Risk
14902,2011-11-14 10:34:00,2010-06-04 12:35:00,3,1035.6200000000001,716,51,17.552881355932204,26,527,0,Other,10,1,0.13,Low Risk
14903,2011-11-18 16:07:00,2011-03-06 11:50:00,5,2795.33,1531,227,7.986657142857142,21,257,0,Champions,12,1,0.21,Low Risk
14904,2011-12-07 12:55:00,2010-10-08 12:48:00,4,1630.49,2522,127,11.563758865248227,2,425,0,High Value Customers,12,1,0.22333333333333333,Low Risk
14905,2011-07-05 12:41:00,2009-12-03 14:36:00,8,1971.39,1009,45,25.27423076923077,158,578,1,Loyal Customers,11,1,0.7933333333333333,High Risk
14906,2010-09-20 16:30:00,2010-09-20 16:30:00,1,68.44,1,1,68.44,445,0,1,Other,3,0,1.0,High Risk
14907,2011-12-06 14:14:00,2010-04-16 13:40:00,16,5547.72,2583,153,20.70044776119403,3,599,0,Champions,15,1,0.0033333333333333335,Low Risk
14908,2011-09-26 12:56:00,2010-09-02 16:39:00,2,381.9,182,14,27.27857142857143,74,388,0,Other,7,0,0.17666666666666667,Low Risk
14909,2010-09-28 16:56:00,2010-02-14 15:47:00,3,1404.68,888,61,17.558500000000002,437,226,1,At Risk,8,0,0.8466666666666667,High Risk
14910,2011-12-07 10:06:00,2011-10-16 11:06:00,4,434.35,238,25,14.478333333333333,3,51,0,Other,10,1,0.8133333333333334,High Risk
14911,2011-12-08 15:54:00,2009-12-01 11:41:00,398,291420.81,147972,2550,26.308640426108152,1,737,0,Champions,15,1,0.0,Low Risk
14912,2011-11-23 09:20:00,2010-01-26 16:29:00,6,1889.25,1819,44,29.988095238095237,17,665,0,Champions,13,1,0.013333333333333334,Low Risk
14913,2011-11-04 08:29:00,2010-08-11 08:40:00,8,4073.13,3955,176,16.490404858299595,36,449,0,Champions,13,1,0.07,Low Risk
14915,2011-09-09 13:34:00,2009-12-03 10:17:00,11,1811.25,707,65,20.125,91,645,1,Loyal Customers,12,1,0.6233333333333333,High Risk
14916,2011-09-30 09:20:00,2010-04-01 10:57:00,8,3042.95,2415,113,22.708582089552237,71,546,0,Loyal Customers,12,1,0.07666666666666666,Low Risk
14917,2010-04-22 11:28:00,2010-04-22 09:44:00,2,1123.75,891,29,38.75,597,0,1,Other,6,0,0.8833333333333333,High Risk
14918,2011-08-16 11:50:00,2010-04-08 11:18:00,9,5955.81,2551,79,42.23978723404256,116,495,1,Loyal Customers,13,1,0.79,High Risk
14919,2010-06-18 13:06:00,2010-06-18 13:06:00,1,359.35,129,13,27.642307692307693,539,0,1,Other,4,0,0.7433333333333333,High Risk
14920,2011-05-11 10:32:00,2010-05-23 15:25:00,3,1607.17,886,90,16.568762886597938,213,352,1,At Risk,9,0,0.8933333333333333,High Risk
14921,2011-11-09 13:17:00,2011-05-22 12:51:00,2,1316.07,953,78,16.872692307692308,30,171,0,High Value Customers,10,0,0.20333333333333334,Low Risk
14922,2010-11-11 11:14:00,2010-07-20 09:45:00,2,843.74,376,49,16.8748,394,114,1,Other,7,0,0.9133333333333333,High Risk
14923,2011-10-20 11:51:00,2011-10-20 11:51:00,1,749.1,418,44,17.025000000000002,51,0,0,New / Potential,8,0,0.30666666666666664,Medium Risk
14924,2011-04-08 09:25:00,2010-03-10 12:51:00,3,931.01,312,30,30.03258064516129,246,393,1,At Risk,8,0,0.8266666666666667,High Risk
14926,2010-11-23 07:13:00,2010-04-20 09:59:00,2,359.4,204,2,119.8,382,216,1,Other,6,0,0.8966666666666666,High Risk
14927,2010-11-08 12:30:00,2010-11-08 12:30:00,1,308.2,196,20,15.41,397,0,1,Other,5,0,0.7666666666666667,High Risk
14928,2010-03-22 09:14:00,2010-03-22 09:14:00,1,223.91000000000003,268,21,10.662380952380953,628,0,1,Other,3,0,0.7566666666666667,High Risk
14929,2011-11-07 17:21:00,2010-10-14 12:22:00,2,836.69,487,34,24.608529411764707,32,389,0,New / Potential,9,0,0.18666666666666668,Low Risk
14930,2011-08-23 10:31:00,2010-04-12 11:22:00,6,5236.7300000000005,2193,213,18.837158273381295,109,497,1,Loyal Customers,12,1,0.7933333333333333,High Risk
14931,2011-12-05 10:19:00,2011-04-13 09:32:00,5,1257.68,417,30,30.675121951219513,5,236,0,Champions,13,1,0.29,Low Risk
14932,2010-12-09 11:48:00,2010-11-19 09:16:00,2,666.13,257,29,20.8165625,366,20,1,Other,7,0,0.85,High Risk
14933,2010-09-22 10:47:00,2010-09-21 17:29:00,4,1770.0,600,1,442.5,444,0,1,At Risk,8,0,0.93,High Risk
14934,2011-09-19 10:10:00,2010-09-24 12:08:00,5,3503.5,2100,115,18.937837837837836,82,359,0,Loyal Customers,12,1,0.24,Low Risk
14935,2011-02-15 14:44:00,2010-03-30 11:48:00,2,2849.83,1931,25,109.60884615384614,297,322,1,Other,8,0,0.87,High Risk
14936,2011-11-06 10:30:00,2010-05-05 12:26:00,12,12410.81,6274,267,23.549924098671728,34,549,0,Champions,14,1,0.19666666666666666,Low Risk
14937,2011-10-14 12:29:00,2011-08-01 14:16:00,3,1621.88,484,33,47.70235294117647,57,73,0,High Value Customers,11,0,0.20333333333333334,Low Risk
14938,2010-05-26 13:38:00,2010-05-26 13:35:00,2,2322.43,1369,71,32.710281690140846,562,0,1,Other,7,0,0.89,High Risk
14940,2010-10-18 10:47:00,2009-12-06 15:46:00,2,531.49,384,32,16.6090625,418,315,1,Other,5,0,0.8866666666666667,High Risk
14941,2010-05-10 11:30:00,2010-05-10 11:30:00,1,182.1,80,7,26.014285714285712,579,0,1,Other,3,0,0.95,High Risk
14942,2010-11-03 10:51:00,2009-12-10 10:32:00,4,746.56,354,12,39.292631578947365,402,328,1,At Risk,8,0,0.8666666666666667,High Risk
14943,2010-02-14 16:04:00,2010-02-14 16:04:00,1,107.62,46,5,21.524,663,0,1,Other,3,0,0.7666666666666667,High Risk
14944,2011-11-10 09:10:00,2010-02-17 08:47:00,19,9784.67,4864,184,32.2926402640264,30,631,0,Champions,14,1,0.03333333333333333,Low Risk
14945,2010-10-22 11:26:00,2010-10-22 11:26:00,1,179.4,156,11,16.30909090909091,414,0,1,Other,3,0,0.7033333333333334,High Risk
14946,2011-11-25 13:33:00,2011-11-25 13:33:00,1,100.9,22,3,33.63333333333333,14,0,0,New / Potential,7,0,0.35,Medium Risk
14947,2011-09-28 15:48:00,2010-03-25 11:29:00,6,1049.79,416,47,19.440555555555555,72,552,0,Loyal Customers,10,1,0.12666666666666668,Low Risk
14948,2011-11-16 17:16:00,2011-05-04 14:52:00,6,1101.97,673,56,17.491587301587302,23,196,0,Loyal Customers,11,1,0.21,Low Risk
14949,2010-08-27 15:38:00,2009-12-18 15:28:00,4,515.0,250,16,19.074074074074073,469,252,1,At Risk,6,0,0.8366666666666667,High Risk
14950,2011-11-20 13:48:00,2011-11-20 13:48:00,1,371.2,136,19,19.53684210526316,19,0,0,New / Potential,8,0,0.17,Low Risk
14951,2011-09-21 15:15:00,2011-09-21 15:15:00,1,311.69,311,20,15.5845,79,0,0,Other,6,0,0.22666666666666666,Low Risk
14952,2011-10-11 10:33:00,2009-12-03 15:34:00,32,17629.35,6977,240,57.42459283387622,60,676,0,Loyal Customers,13,1,0.01,Low Risk
14953,2011-11-14 14:59:00,2010-09-30 12:16:00,4,971.32,1014,202,3.964571428571429,25,410,0,Other,10,1,0.15,Low Risk
14954,2011-11-27 14:30:00,2010-01-05 16:38:00,2,462.12,209,111,3.916271186440678,12,690,0,New / Potential,9,0,0.05,Low Risk
14955,2009-12-07 11:35:00,2009-12-07 11:35:00,1,163.77,74,30,5.282903225806452,733,0,1,Other,3,0,0.36666666666666664,Medium Risk
14956,2010-10-14 16:40:00,2010-10-14 16:40:00,1,1325.0,2500,4,331.25,421,0,1,Other,6,0,0.8966666666666666,High Risk
14957,2011-03-31 17:59:00,2010-03-05 10:50:00,2,261.69,97,27,9.34607142857143,253,391,1,Other,5,0,0.82,High Risk
14958,2011-07-15 14:20:00,2009-12-03 16:02:00,6,941.99,248,52,13.267464788732395,147,588,1,Loyal Customers,10,0,0.7333333333333333,High Risk
14959,2011-10-06 18:23:00,2011-02-16 13:00:00,4,695.42,494,37,11.786779661016949,64,232,0,Other,9,0,0.19,Low Risk
14960,2011-12-01 12:54:00,2011-06-21 13:38:00,2,221.27,221,23,8.195185185185185,8,162,0,New / Potential,8,0,0.26,Low Risk
14961,2011-11-29 09:42:00,2009-12-04 11:32:00,22,16410.15,8372,328,24.492761194029853,11,724,0,Champions,15,1,0.006666666666666667,Low Risk
14962,2011-03-14 09:42:00,2010-05-04 14:57:00,4,366.91,123,14,26.207857142857144,271,313,1,At Risk,7,0,0.8633333333333333,High Risk
14963,2011-11-30 12:16:00,2010-07-02 12:43:00,12,3123.57,2287,304,6.562121848739496,10,515,0,Champions,15,1,0.08333333333333333,Low Risk
14964,2011-04-06 14:13:00,2011-04-06 14:13:00,1,206.21,143,13,15.862307692307693,247,0,1,Other,4,0,0.9133333333333333,High Risk
14965,2011-09-04 13:20:00,2011-09-04 13:15:00,2,596.09,363,80,7.359135802469136,96,0,1,Other,7,0,0.7333333333333333,High Risk
14966,2011-11-25 12:20:00,2009-12-15 13:48:00,6,1064.26,1060,125,7.048079470198675,15,709,0,Loyal Customers,12,1,0.03333333333333333,Low Risk
14967,2011-10-21 11:06:00,2009-12-03 14:07:00,6,1982.6100000000001,652,22,68.36586206896553,50,686,0,Champions,12,1,0.006666666666666667,Low Risk
14968,2011-11-09 13:58:00,2010-09-07 13:28:00,2,501.24,257,83,5.967142857142857,30,428,0,New / Potential,8,0,0.14,Low Risk
14969,2010-01-05 12:43:00,2010-01-05 12:43:00,1,906.23,665,13,69.71000000000001,704,0,1,Other,5,0,0.87,High Risk
14970,2011-10-02 13:44:00,2010-02-14 13:37:00,12,4919.35,982,71,43.53407079646018,68,595,0,Loyal Customers,13,1,0.08333333333333333,Low Risk
14971,2011-11-04 17:07:00,2011-10-27 13:33:00,3,1097.98,639,144,7.083741935483871,35,8,0,Other,10,0,0.08,Low Risk
14972,2011-08-03 14:54:00,2010-11-23 16:17:00,2,145.07,40,20,7.2535,128,252,1,Other,6,0,0.8733333333333333,High Risk
14973,2011-08-24 15:51:00,2011-04-28 12:22:00,3,1314.45,369,29,41.0765625,107,118,1,High Value Customers,10,0,0.8866666666666667,High Risk
14974,2011-11-02 13:01:00,2011-11-02 13:01:00,1,89.94,37,17,5.290588235294117,37,0,0,New / Potential,6,0,0.38,Medium Risk
14975,2011-10-13 14:08:00,2010-10-14 14:11:00,2,472.39,507,25,18.168846153846154,57,363,0,New / Potential,8,0,0.15333333333333332,Low Risk
14976,2011-10-13 16:37:00,2011-01-17 11:09:00,7,790.86,234,47,10.984166666666667,57,269,0,Loyal Customers,11,1,0.27,Low Risk
14977,2009-12-14 10:37:00,2009-12-14 10:37:00,1,31.93,17,4,7.9825,726,0,1,Other,3,0,0.9666666666666667,High Risk
14978,2011-09-28 13:07:00,2010-04-28 10:50:00,10,3112.19,736,175,10.731689655172413,72,518,0,Loyal Customers,13,1,0.14666666666666667,Low Risk
14979,2009-12-04 12:54:00,2009-12-04 12:54:00,1,429.66,209,42,8.768571428571429,735,0,1,Other,4,0,0.9066666666666666,High Risk
14980,2009-12-02 14:09:00,2009-12-02 14:09:00,1,150.68,79,24,6.278333333333333,737,0,1,Other,3,0,0.8933333333333333,High Risk
14981,2011-04-07 13:45:00,2010-10-12 11:04:00,2,372.92,241,20,16.950909090909093,246,177,1,Other,6,0,0.44,Medium Risk
14982,2010-05-16 15:52:00,2010-05-16 15:52:00,1,237.78,125,39,6.096923076923077,572,0,1,Other,3,0,0.9266666666666666,High Risk
14983,2010-01-19 17:32:00,2010-01-19 17:32:00,1,183.20000000000002,90,30,6.106666666666667,689,0,1,Other,3,0,0.8466666666666667,High Risk
14984,2011-11-20 14:28:00,2010-01-11 13:22:00,6,1260.51,348,48,23.342777777777776,19,678,0,Champions,13,1,0.03666666666666667,Low Risk
14985,2011-05-25 14:29:00,2010-12-16 19:51:00,2,292.01,256,78,3.5181927710843373,198,159,1,Other,6,0,0.9,High Risk
14986,2010-11-28 15:25:00,2010-01-24 15:54:00,2,563.1,338,87,5.745918367346939,376,307,1,Other,6,0,0.7933333333333333,High Risk
14987,2011-11-24 09:59:00,2009-12-02 14:56:00,8,1550.6499999999999,607,4,103.37666666666665,16,721,0,Champions,13,1,0.03333333333333333,Low Risk
14988,2011-05-12 12:05:00,2010-04-16 13:34:00,7,2038.65,1260,171,8.675106382978724,212,390,1,At Risk,10,1,0.73,High Risk
14989,2010-02-16 10:40:00,2010-02-16 10:40:00,1,342.4,200,18,19.022222222222222,662,0,1,Other,4,0,0.6033333333333334,High Risk
14990,2010-04-06 13:54:00,2009-12-09 13:31:00,2,304.17,129,41,7.242142857142857,612,118,1,Other,5,0,0.9666666666666667,High Risk
14991,2010-10-05 13:01:00,2010-10-05 13:01:00,1,314.67,191,21,14.984285714285715,430,0,1,Other,4,0,0.9166666666666666,High Risk
14992,2010-09-23 17:48:00,2010-09-23 17:48:00,1,210.5,145,27,7.796296296296297,442,0,1,Other,3,0,0.9266666666666666,High Risk
14993,2010-05-25 12:47:00,2010-05-25 12:47:00,1,36.13,21,9,3.6130000000000004,564,0,1,Other,3,0,0.9466666666666667,High Risk
14994,2010-11-22 12:59:00,2010-03-26 14:16:00,5,946.72,568,233,3.1348344370860928,382,240,1,At Risk,9,0,0.7166666666666667,High Risk
14995,2011-11-01 11:39:00,2011-03-04 13:14:00,2,231.98000000000002,102,53,3.866333333333334,39,241,0,New / Potential,7,0,0.35333333333333333,Medium Risk
14996,2010-08-15 13:44:00,2010-08-15 13:41:00,2,442.28999999999996,404,37,10.787560975609756,481,0,1,Other,5,0,0.83,High Risk
14997,2011-10-24 13:28:00,2010-02-22 12:11:00,4,776.6,1408,36,20.436842105263157,46,609,0,Other,10,0,0.23666666666666666,Low Risk
14998,2011-06-22 17:30:00,2010-04-13 16:07:00,4,753.18,352,111,6.02544,170,435,1,Other,9,0,0.56,Medium Risk
14999,2010-04-26 10:47:00,2010-04-26 10:47:00,1,129.48000000000002,88,9,14.386666666666668,593,0,1,Other,3,0,0.9266666666666666,High Risk
15000,2011-10-23 11:42:00,2011-10-23 11:42:00,1,490.52,218,76,6.37038961038961,48,0,0,New / Potential,7,0,0.39666666666666667,Medium Risk
15001,2010-11-10 13:51:00,2010-11-10 13:31:00,2,199.10999999999999,70,44,4.328478260869565,394,0,1,Other,5,0,0.9333333333333333,High Risk
15002,2011-08-16 10:44:00,2010-01-12 11:40:00,9,4138.08,2214,220,12.279169139465875,116,580,1,Loyal Customers,13,1,0.7866666666666666,High Risk
15003,2010-08-23 15:44:00,2010-01-26 13:04:00,6,1027.03,525,253,3.1216717325227963,473,209,1,At Risk,8,0,0.7966666666666666,High Risk
15004,2011-07-15 14:05:00,2011-07-15 14:05:00,1,1220.77,623,154,7.927077922077922,147,0,1,Other,7,0,0.8366666666666667,High Risk
15005,2011-11-24 12:25:00,2009-12-01 14:19:00,56,13754.58,8666,591,5.762287390029326,16,722,0,Champions,15,1,0.0033333333333333335,Low Risk
15006,2011-10-19 15:08:00,2010-09-12 13:03:00,2,757.78,387,165,4.163626373626373,51,402,0,New / Potential,9,0,0.23666666666666666,Low Risk
15007,2011-07-03 16:00:00,2011-07-03 16:00:00,1,156.91,69,12,13.075833333333334,159,0,1,Other,5,0,0.98,High Risk
15008,2010-08-16 13:09:00,2010-03-12 11:13:00,2,360.0,1500,6,30.0,480,157,1,Other,5,0,0.8766666666666667,High Risk
15009,2011-11-27 13:35:00,2011-11-14 17:40:00,3,1259.43,639,148,6.996833333333334,12,12,0,High Value Customers,12,1,0.08,Low Risk
15010,2011-11-04 12:42:00,2011-11-04 12:42:00,1,308.94,184,20,15.447,36,0,0,New / Potential,7,0,0.19666666666666666,Low Risk
15011,2010-11-09 11:10:00,2010-10-19 12:05:00,2,416.6,289,17,20.830000000000002,396,20,1,Other,6,0,0.8733333333333333,High Risk
15012,2011-10-17 12:22:00,2010-05-12 11:49:00,3,646.26,383,165,3.3835602094240835,54,523,0,Other,10,0,0.24666666666666667,Low Risk
15013,2010-08-09 12:05:00,2010-01-31 12:15:00,10,1610.82,1715,177,4.737705882352941,488,189,1,At Risk,10,1,0.13666666666666666,Low Risk
15014,2011-10-27 20:07:00,2011-06-16 19:40:00,2,257.67,149,29,7.808181818181819,43,133,0,New / Potential,7,0,0.3433333333333333,Medium Risk
15015,2010-07-26 13:50:00,2009-12-14 14:46:00,13,2354.97,1584,158,8.010102040816326,501,223,1,At Risk,10,1,0.19,Low Risk
15016,2011-06-20 12:06:00,2010-06-14 13:06:00,5,620.89,243,93,5.913238095238095,173,370,1,Loyal Customers,10,0,0.84,High Risk
15017,2011-11-06 10:33:00,2011-11-06 10:33:00,1,125.58,63,20,6.279,34,0,0,New / Potential,6,0,0.32,Medium Risk
15018,2011-11-01 12:47:00,2010-12-07 10:47:00,3,496.21,189,30,16.006774193548388,39,329,0,Other,9,0,0.24,Low Risk
15019,2011-03-18 12:35:00,2011-03-18 12:35:00,1,252.81,150,64,3.8304545454545456,267,0,1,Other,4,0,0.9333333333333333,High Risk
15020,2010-11-25 13:29:00,2010-11-25 13:29:00,1,198.47,111,27,7.350740740740741,379,0,1,Other,4,0,0.9833333333333333,High Risk
15021,2011-12-01 11:53:00,2010-07-29 16:35:00,12,2500.59,1079,355,4.01378812199037,9,489,0,Champions,14,1,0.08,Low Risk
15022,2011-11-28 12:35:00,2010-01-31 16:02:00,5,1133.44,640,115,8.096,12,665,0,Loyal Customers,12,1,0.02,Low Risk
15023,2011-12-06 17:23:00,2010-02-03 15:45:00,20,11578.65,4758,486,12.086273486430063,3,671,0,Champions,15,1,0.0,Low Risk
15024,2011-11-30 12:06:00,2010-10-11 16:14:00,16,3559.39,1924,168,11.123093749999999,10,414,0,Champions,15,1,0.16,Low Risk
15025,2011-11-06 15:20:00,2010-05-20 13:28:00,2,979.79,503,132,7.048848920863309,33,535,0,New / Potential,9,0,0.11,Low Risk
15026,2011-09-20 13:52:00,2010-09-17 13:52:00,5,1048.89,655,109,7.600652173913044,80,368,0,Loyal Customers,10,0,0.10333333333333333,Low Risk
15027,2011-11-09 10:16:00,2010-03-25 14:39:00,10,3195.6,2782,69,35.11648351648351,31,593,0,Champions,14,1,0.08333333333333333,Low Risk
15028,2011-12-01 14:06:00,2010-11-10 14:32:00,6,962.9399999999999,673,65,9.440588235294117,8,385,0,Loyal Customers,12,1,0.20666666666666667,Low Risk
15029,2010-03-30 12:16:00,2010-03-30 12:16:00,1,365.1,234,10,36.510000000000005,620,0,1,Other,4,0,0.9233333333333333,High Risk
15030,2011-09-29 10:50:00,2010-03-04 17:10:00,8,1979.91,1225,25,59.99727272727273,72,573,0,Loyal Customers,11,1,0.47333333333333333,Medium Risk
15031,2011-12-05 14:19:00,2009-12-08 13:38:00,14,3102.94,1576,237,7.855544303797468,4,727,0,Champions,15,1,0.006666666666666667,Low Risk
15032,2011-03-28 15:03:00,2009-12-10 15:27:00,8,11010.05,6601,39,115.89526315789473,256,472,1,At Risk,11,1,0.7966666666666666,High Risk
15033,2011-12-05 12:40:00,2011-01-14 13:28:00,10,2557.18,1672,315,5.104151696606786,5,324,0,Champions,14,1,0.10666666666666667,Low Risk
15034,2011-11-24 12:11:00,2010-05-11 13:30:00,14,8231.2,4748,416,10.945744680851066,16,561,0,Champions,15,1,0.06666666666666667,Low Risk
15035,2011-09-11 11:08:00,2011-09-11 11:08:00,1,252.73000000000002,245,26,9.36037037037037,90,0,0,Other,5,0,0.2966666666666667,Low Risk
15036,2011-09-28 15:42:00,2011-06-13 12:19:00,3,429.56,316,107,3.609747899159664,72,107,0,Other,8,0,0.25666666666666665,Low Risk
15037,2010-11-28 13:05:00,2010-11-28 12:14:00,2,397.76,298,40,8.83911111111111,376,0,1,Other,6,0,0.8566666666666667,High Risk
15038,2011-10-12 11:33:00,2010-10-10 14:35:00,9,1146.53,381,190,4.878851063829787,59,366,0,Loyal Customers,12,1,0.13,Low Risk
15039,2011-11-30 11:31:00,2009-12-10 11:39:00,93,39141.48,17780,562,14.523740259740261,10,719,0,Champions,15,1,0.0033333333333333335,Low Risk
15040,2010-06-16 11:40:00,2010-06-16 11:40:00,1,7.49,1,1,7.49,542,0,1,Other,3,0,0.99,High Risk
15041,2011-06-22 16:16:00,2010-09-21 13:16:00,2,289.4,194,98,2.7826923076923076,170,274,1,Other,7,0,0.8,High Risk
15042,2011-05-24 16:25:00,2010-04-23 14:01:00,2,315.45,238,9,35.05,199,396,1,Other,6,0,0.7633333333333333,High Risk
15043,2011-11-08 14:26:00,2010-06-24 15:50:00,6,2870.3199999999997,1019,39,56.28078431372548,31,501,0,Champions,12,1,0.15,Low Risk
15044,2011-11-20 13:20:00,2009-12-16 15:13:00,35,16024.15,5241,344,17.884095982142856,19,703,0,Champions,15,1,0.0,Low Risk
15045,2011-07-11 11:33:00,2011-03-27 11:44:00,2,735.66,114,11,61.305,152,105,1,Other,8,0,0.66,High Risk
15046,2011-11-30 15:50:00,2010-01-14 14:29:00,25,7623.79,4585,248,19.349720812182742,9,685,0,Champions,15,1,0.0033333333333333335,Low Risk
15047,2011-03-15 10:49:00,2011-03-15 10:49:00,1,343.62,222,22,15.61909090909091,270,0,1,Other,5,0,0.39,Medium Risk
15048,2011-10-05 14:55:00,2010-12-06 12:15:00,4,381.0,192,86,4.053191489361702,65,303,0,Other,8,0,0.25666666666666665,Low Risk
15049,2011-03-11 12:13:00,2011-03-11 12:13:00,1,121.17000000000002,63,3,40.39000000000001,274,0,1,Other,4,0,0.85,High Risk
15050,2011-11-14 16:17:00,2010-08-16 12:00:00,5,4087.19,2600,116,27.430805369127516,25,455,0,Champions,13,1,0.49,Medium Risk
15051,2011-11-16 15:38:00,2009-12-01 13:29:00,9,3926.91,3052,226,13.587923875432525,23,715,0,Champions,14,1,0.013333333333333334,Low Risk
15052,2011-01-24 15:52:00,2011-01-24 15:52:00,1,207.73000000000002,79,27,7.418928571428572,319,0,1,Other,4,0,1.0,High Risk
15053,2011-12-05 12:08:00,2011-03-03 12:06:00,3,693.95,984,49,10.057246376811595,5,277,0,Other,11,1,0.27666666666666667,Low Risk
15054,2011-11-27 15:02:00,2011-10-30 14:33:00,2,302.1,198,105,2.6500000000000004,12,28,0,New / Potential,9,0,0.43333333333333335,Medium Risk
15055,2010-08-22 11:06:00,2009-12-16 15:48:00,3,549.12,225,77,6.779259259259259,475,248,1,At Risk,6,0,0.8633333333333333,High Risk
15056,2010-07-07 15:58:00,2010-07-07 15:58:00,1,113.65,69,6,18.941666666666666,520,0,1,Other,3,0,0.7066666666666667,High Risk
15057,2011-03-09 15:17:00,2009-12-05 15:27:00,5,3255.96,1394,62,46.513714285714286,275,458,1,At Risk,11,1,0.8,High Risk
15058,2011-11-14 14:57:00,2010-02-24 14:07:00,16,3387.58,1645,232,9.762478386167146,25,628,0,Champions,14,1,0.013333333333333334,Low Risk
15059,2011-10-30 11:35:00,2009-12-06 12:17:00,19,3491.2,1599,308,5.927334465195246,41,692,0,Champions,14,1,0.0,Low Risk
15060,2011-12-01 13:47:00,2011-11-30 14:03:00,4,294.25,257,81,2.5586956521739133,8,0,0,Other,10,1,0.17,Low Risk
15061,2011-12-06 12:06:00,2009-12-01 12:18:00,127,126389.02,74280,131,140.74501113585745,4,734,0,Champions,15,1,0.0,Low Risk
15062,2011-09-29 16:51:00,2010-04-08 15:41:00,8,2585.62,1872,98,16.26176100628931,71,539,0,Loyal Customers,11,1,0.10666666666666667,Low Risk
15063,2011-05-10 13:25:00,2011-05-10 13:25:00,1,370.79999999999995,56,5,74.16,213,0,1,Other,5,0,0.8833333333333333,High Risk
15064,2010-10-25 14:32:00,2009-12-22 16:17:00,4,1254.41,810,75,15.486543209876544,410,306,1,At Risk,9,0,0.87,High Risk
15065,2011-11-02 09:45:00,2010-10-25 09:13:00,5,3326.86,1446,156,20.04132530120482,38,373,0,Champions,13,1,0.21333333333333335,Low Risk
15066,2011-10-17 13:25:00,2011-10-17 13:25:00,1,893.59,317,42,21.275952380952383,53,0,0,New / Potential,8,0,0.23,Low Risk
15067,2011-09-22 13:20:00,2010-04-11 15:54:00,5,3862.88,2151,170,21.82418079096045,78,528,0,Loyal Customers,12,1,0.19,Low Risk
15068,2011-10-24 14:47:00,2010-03-28 13:18:00,4,1174.9,832,178,5.389449541284404,46,575,0,Other,10,1,0.12,Low Risk
15069,2011-06-13 14:16:00,2011-06-13 14:16:00,1,1109.53,520,70,15.850428571428571,179,0,1,Other,7,0,0.7433333333333333,High Risk
15070,2010-12-02 11:23:00,2009-12-15 13:49:00,3,737.0500000000001,339,26,23.032812500000002,373,351,1,At Risk,8,0,0.85,High Risk
15071,2011-09-07 11:43:00,2010-05-18 12:45:00,4,1455.5600000000002,416,41,26.954814814814817,94,476,1,High Value Customers,10,0,0.7933333333333333,High Risk
15072,2010-08-17 15:46:00,2010-08-17 15:46:00,1,187.52,164,13,14.424615384615386,479,0,1,Other,3,0,0.83,High Risk
15073,2011-11-30 10:44:00,2010-01-27 08:48:00,8,2788.02,1410,115,17.534716981132075,10,672,0,Champions,13,1,0.0033333333333333335,Low Risk
15074,2011-08-26 14:45:00,2010-08-29 11:47:00,3,1553.13,1039,63,21.571250000000003,105,362,1,High Value Customers,10,0,0.7633333333333333,High Risk
15075,2011-09-23 12:27:00,2011-09-23 12:27:00,1,773.03,447,27,28.63074074074074,78,0,0,Other,7,0,0.23,Low Risk
15076,2011-06-20 08:23:00,2010-07-05 14:11:00,3,1447.74,866,68,18.09675,173,349,1,High Value Customers,10,0,0.87,High Risk
15077,2010-08-02 11:13:00,2009-12-09 17:10:00,2,2428.08,528,28,75.8775,495,235,1,Other,7,0,0.91,High Risk
15078,2011-12-02 15:41:00,2009-12-04 12:03:00,53,17286.73,8777,118,22.42118028534371,7,728,0,Champions,15,1,0.0,Low Risk
15079,2011-05-11 12:45:00,2009-12-08 11:22:00,11,3625.4,1459,119,25.712056737588654,213,519,1,At Risk,12,1,0.8166666666666667,High Risk
15080,2010-10-08 11:52:00,2010-07-26 10:03:00,2,546.25,287,31,17.620967741935484,428,74,1,Other,5,0,0.8233333333333334,High Risk
15081,2011-11-17 17:08:00,2010-06-22 10:25:00,12,1854.57,749,75,18.362079207920793,22,513,0,Champions,13,1,0.18666666666666668,Low Risk
15082,2010-02-09 10:23:00,2010-02-09 10:23:00,1,93.35000000000001,43,6,15.558333333333335,669,0,1,Other,3,0,0.97,High Risk
15083,2011-03-28 12:18:00,2011-03-28 12:18:00,1,88.2,38,5,17.64,257,0,1,Other,4,0,0.8766666666666667,High Risk
15084,2010-11-25 11:58:00,2010-03-04 10:45:00,2,965.1999999999999,600,31,31.13548387096774,380,266,1,Other,7,0,0.7266666666666667,High Risk
15085,2009-12-10 11:47:00,2009-12-10 11:47:00,1,347.54,169,9,38.61555555555556,730,0,1,Other,4,0,0.9033333333333333,High Risk
15086,2010-05-24 12:27:00,2010-03-24 13:56:00,2,218.53,95,10,19.866363636363637,565,60,1,Other,4,0,0.8233333333333334,High Risk
15087,2011-03-03 10:34:00,2011-03-03 10:34:00,1,306.94,470,15,20.462666666666667,282,0,1,Other,5,0,0.8733333333333333,High Risk
15088,2011-11-18 13:14:00,2011-10-03 14:05:00,2,1160.07,460,53,20.352105263157895,21,45,0,New / Potential,9,0,0.09,Low Risk
15089,2011-11-29 16:31:00,2011-08-03 14:14:00,6,2420.84,1359,139,16.69544827586207,10,118,0,Champions,13,1,0.14333333333333334,Low Risk
15090,2011-02-04 14:03:00,2011-02-04 14:03:00,1,381.32,208,23,16.57913043478261,308,0,1,Other,5,0,0.9033333333333333,High Risk
15091,2011-10-03 12:47:00,2010-02-03 11:46:00,3,1046.6100000000001,582,55,18.36157894736842,68,607,0,Other,9,0,0.07,Low Risk
15092,2011-05-08 14:10:00,2010-09-03 12:33:00,3,776.46,230,39,17.25466666666667,215,247,1,At Risk,8,0,0.86,High Risk
15093,2011-11-21 13:09:00,2009-12-08 12:46:00,23,13702.380000000001,10778,104,43.36196202531646,18,713,0,Champions,15,1,0.0,Low Risk
15094,2010-09-02 16:55:00,2010-03-05 12:56:00,2,83.0,28,4,16.6,463,181,1,Other,4,0,0.91,High Risk
15095,2011-08-28 12:01:00,2010-01-21 09:37:00,10,3141.64,2233,90,25.335806451612903,104,584,1,Loyal Customers,13,1,0.6766666666666666,High Risk
15096,2011-10-28 10:27:00,2011-10-28 10:27:00,1,219.39000000000001,120,11,19.944545454545455,43,0,0,New / Potential,6,0,0.15666666666666668,Low Risk
15097,2011-12-05 14:03:00,2010-05-05 14:22:00,3,908.35,424,59,13.762878787878789,4,578,0,Other,11,1,0.18333333333333332,Low Risk
15098,2011-06-10 15:33:00,2011-06-10 15:22:00,3,39916.5,121,1,13305.5,182,0,1,High Value Customers,11,1,0.9066666666666666,High Risk
15099,2011-09-16 13:13:00,2011-09-16 13:13:00,1,410.48,343,23,17.84695652173913,84,0,0,Other,6,0,0.19333333333333333,Low Risk
15100,2011-01-10 10:35:00,2010-01-07 14:33:00,7,2193.8999999999996,270,11,137.11874999999998,334,367,1,At Risk,10,1,0.78,High Risk
15101,2011-12-01 10:18:00,2010-04-28 15:00:00,6,1477.94,676,52,25.481724137931035,9,581,0,Champions,13,1,0.24,Low Risk
15102,2010-06-27 12:16:00,2010-06-11 10:16:00,2,554.67,339,26,20.543333333333333,531,16,1,Other,5,0,0.66,High Risk
15103,2011-11-08 14:53:00,2011-09-14 13:54:00,2,703.36,329,35,20.096,31,55,0,New / Potential,9,0,0.21666666666666667,Low Risk
15104,2011-05-27 12:29:00,2011-03-02 14:16:00,2,993.54,635,66,14.828955223880596,197,85,1,Other,7,0,0.8233333333333334,High Risk
15105,2011-11-21 16:54:00,2010-03-23 12:18:00,9,3094.91,1747,129,20.496092715231786,18,608,0,Champions,15,1,0.006666666666666667,Low Risk
15106,2011-11-22 09:16:00,2011-03-15 12:52:00,5,1422.52,1181,90,14.2252,18,251,0,Champions,13,1,0.2,Low Risk
15107,2011-02-01 14:46:00,2010-09-14 10:47:00,9,824.35,330,32,19.627380952380953,311,140,1,At Risk,10,0,0.7966666666666666,High Risk
15108,2011-07-21 10:24:00,2011-04-26 10:54:00,4,1300.25,499,50,21.670833333333334,142,85,1,High Value Customers,10,0,0.47333333333333333,Medium Risk
15109,2011-04-08 09:58:00,2009-12-04 12:33:00,3,983.1,258,46,20.48125,246,489,1,At Risk,8,0,0.8033333333333333,High Risk
15110,2011-11-16 11:16:00,2010-08-11 15:49:00,6,1505.8500000000001,337,23,28.4122641509434,24,461,0,Champions,12,1,0.20333333333333334,Low Risk
15111,2011-11-10 16:58:00,2010-04-26 13:12:00,5,2442.37,1058,109,18.09162962962963,29,563,0,Champions,12,1,0.18333333333333332,Low Risk
15112,2010-04-07 14:17:00,2010-04-07 14:17:00,1,209.4,72,7,29.914285714285715,611,0,1,Other,3,0,0.8533333333333334,High Risk
15113,2011-11-30 08:23:00,2011-10-16 15:27:00,3,3509.43,2344,77,36.179690721649486,10,44,0,High Value Customers,13,1,0.7966666666666666,High Risk
15114,2011-11-09 15:05:00,2010-10-14 16:44:00,12,3400.12,3532,151,14.7191341991342,30,390,0,Champions,14,1,0.08,Low Risk
15115,2011-11-21 14:59:00,2009-12-07 11:20:00,2,531.85,245,35,15.195714285714287,18,714,0,New / Potential,9,0,0.03333333333333333,Low Risk
15116,2011-11-22 12:25:00,2011-05-19 08:50:00,4,1352.75,648,37,30.06111111111111,18,187,0,High Value Customers,12,1,0.19333333333333333,Low Risk
15117,2011-11-25 08:12:00,2010-03-15 13:39:00,8,2485.97,3093,89,18.97687022900763,15,619,0,Champions,13,1,0.03333333333333333,Low Risk
15118,2011-07-28 14:54:00,2011-07-28 14:54:00,1,244.8,1440,1,244.8,134,0,1,Other,5,0,0.8791767698083267,High Risk
15119,2011-04-08 09:08:00,2011-04-08 09:08:00,1,266.4,88,14,19.02857142857143,246,0,1,Other,4,0,0.9566666666666667,High Risk
15120,2011-07-29 09:48:00,2011-07-29 09:48:00,1,358.82,296,21,17.086666666666666,134,0,1,Other,6,0,0.92,High Risk
15121,2011-10-20 14:51:00,2011-02-24 12:41:00,2,457.72,199,28,16.34714285714286,50,238,0,New / Potential,8,0,0.27666666666666667,Low Risk
15122,2011-08-17 16:48:00,2010-03-30 14:05:00,11,4487.27,2033,155,19.767709251101323,114,505,1,Loyal Customers,13,1,0.35333333333333333,Medium Risk
15123,2011-12-02 13:12:00,2010-03-16 09:49:00,5,4656.17,2524,149,25.443551912568307,7,626,0,Champions,14,1,0.043333333333333335,Low Risk
15124,2011-11-17 10:09:00,2010-02-26 10:49:00,4,450.82,462,30,14.54258064516129,23,628,0,Other,9,0,0.03333333333333333,Low Risk
15125,2011-11-14 13:57:00,2010-03-31 13:29:00,24,17024.87,8433,151,70.93695833333332,25,593,0,Champions,14,1,0.09333333333333334,Low Risk
15126,2010-06-21 12:31:00,2010-01-21 17:09:00,2,449.49,273,25,17.9796,537,150,1,Other,5,0,0.85,High Risk
15127,2011-10-05 10:30:00,2010-07-08 10:07:00,2,711.5,464,27,25.410714285714285,66,454,0,Other,8,0,0.45666666666666667,Medium Risk
15128,2011-10-10 13:54:00,2010-10-05 16:46:00,5,1783.68,1583,87,14.501463414634147,60,369,0,Loyal Customers,11,1,0.16666666666666666,Low Risk
15129,2011-10-20 14:40:00,2010-04-08 17:15:00,23,6860.18,4002,86,33.14096618357488,50,559,0,Champions,14,1,0.13333333333333333,Low Risk
15130,2011-06-23 10:15:00,2011-06-23 10:15:00,1,330.11,197,22,15.005,170,0,1,Other,6,0,0.7433333333333333,High Risk
15131,2010-11-10 12:07:00,2010-11-10 12:07:00,1,80.28,88,7,11.468571428571428,395,0,1,Other,4,0,0.8966666666666666,High Risk
15132,2011-11-21 17:10:00,2011-03-22 12:02:00,5,977.9300000000001,679,49,18.806346153846157,18,244,0,Loyal Customers,12,1,0.14,Low Risk
15133,2011-08-04 10:44:00,2010-07-07 12:31:00,5,1806.9,960,45,36.875510204081635,128,392,1,Loyal Customers,11,1,0.6866666666666666,High Risk
15134,2011-11-25 08:55:00,2010-10-13 12:44:00,10,1596.29,1057,47,18.779882352941176,15,407,0,Champions,14,1,0.38,Medium Risk
15135,2011-04-14 19:16:00,2010-06-01 13:33:00,2,305.68,84,17,15.284,239,317,1,Other,6,0,0.8933333333333333,High Risk
15136,2011-12-07 12:26:00,2011-09-04 16:05:00,4,1286.7,776,61,18.92205882352941,3,93,0,High Value Customers,12,1,0.09333333333333334,Low Risk
15137,2010-07-07 09:41:00,2010-01-28 15:45:00,2,823.4,596,34,24.21764705882353,521,159,1,Other,6,0,0.9466666666666667,High Risk
15138,2010-11-11 09:16:00,2010-11-11 09:16:00,1,502.52,300,31,16.210322580645162,394,0,1,Other,5,0,0.9666666666666667,High Risk
15139,2011-04-14 11:39:00,2011-01-07 12:44:00,2,178.96,208,13,13.766153846153847,240,96,1,Other,5,0,0.81,High Risk
15140,2011-10-18 14:07:00,2010-09-23 13:07:00,8,3243.69,2010,103,28.96151785714286,52,390,0,Champions,13,1,0.31666666666666665,Medium Risk
15141,2010-09-08 11:33:00,2010-03-28 15:58:00,7,1388.47,1197,44,17.355875,458,163,1,At Risk,9,0,0.4866666666666667,Medium Risk
15142,2011-10-24 12:51:00,2010-07-27 09:05:00,6,2619.92,2155,115,18.450140845070422,46,454,0,Champions,12,1,0.11666666666666667,Low Risk
15143,2011-04-28 12:03:00,2010-10-03 13:58:00,2,563.63,320,27,18.181612903225805,226,206,1,Other,6,0,0.87,High Risk
15144,2011-12-01 15:12:00,2009-12-13 11:35:00,29,12160.31,5251,199,34.84329512893983,8,718,0,Champions,15,1,0.0,Low Risk
15145,2011-12-05 17:21:00,2011-04-05 15:20:00,4,1194.73,756,54,17.83179104477612,4,244,0,Other,11,1,0.27666666666666667,Low Risk
15146,2011-06-28 12:09:00,2011-02-21 13:07:00,2,1327.16,1473,90,14.584175824175825,165,126,1,High Value Customers,9,0,0.7366666666666667,High Risk
15147,2011-04-13 15:57:00,2011-04-13 15:57:00,1,623.5,366,28,22.267857142857142,240,0,1,Other,6,0,0.59,Medium Risk
15148,2011-11-29 08:21:00,2011-11-29 08:21:00,1,301.29,187,20,15.0645,11,0,0,New / Potential,8,0,0.27,Low Risk
15149,2011-07-29 10:58:00,2010-02-28 11:13:00,5,1554.6100000000001,380,62,22.53057971014493,134,515,1,Loyal Customers,11,0,0.41333333333333333,Medium Risk
15150,2011-11-22 12:52:00,2010-06-14 12:01:00,13,8977.94,6167,495,15.668307155322863,17,526,0,Champions,15,1,0.11,Low Risk
15151,2010-10-12 16:37:00,2010-07-18 12:19:00,2,2085.61,795,56,36.58964912280702,423,86,1,Other,7,0,0.8933333333333333,High Risk
15152,2011-11-30 12:32:00,2010-01-07 15:15:00,14,5263.83,2994,214,17.5461,10,691,0,Champions,15,1,0.006666666666666667,Low Risk
15153,2011-11-08 17:09:00,2011-11-08 17:09:00,1,329.25,198,22,14.965909090909092,31,0,0,New / Potential,7,0,0.2866666666666667,Low Risk
15154,2011-09-25 16:05:00,2010-08-18 17:41:00,3,1343.72,333,166,7.767167630057804,75,402,0,High Value Customers,10,0,0.22666666666666666,Low Risk
15155,2010-11-21 12:59:00,2010-11-21 12:59:00,1,383.96999999999997,192,24,15.99875,383,0,1,Other,5,0,0.9066666666666666,High Risk
15156,2011-12-08 18:22:00,2011-11-06 12:41:00,3,961.49,597,51,17.481636363636365,1,32,0,Other,11,1,0.12,Low Risk
15157,2011-12-06 11:28:00,2009-12-10 14:44:00,5,2654.11,3466,152,17.46125,4,725,0,Champions,13,1,0.006666666666666667,Low Risk
15158,2011-10-25 13:53:00,2010-11-03 13:46:00,2,606.02,219,11,55.092727272727274,45,356,0,New / Potential,8,0,0.23,Low Risk
15159,2011-12-08 12:05:00,2010-10-04 09:31:00,34,22116.73,13512,413,27.304604938271606,2,430,0,Champions,15,1,0.10666666666666667,Low Risk
15160,2010-12-17 14:15:00,2010-10-14 15:26:00,4,589.27,307,17,25.620434782608694,357,63,1,At Risk,7,0,0.43,Medium Risk
15161,2010-11-16 16:08:00,2010-11-16 16:08:00,1,119.92,144,33,3.633939393939394,388,0,1,Other,4,0,0.4166666666666667,Medium Risk
15162,2009-12-08 13:14:00,2009-12-08 13:14:00,1,312.9,74,12,26.075,731,0,1,Other,4,0,0.9633333333333334,High Risk
15163,2011-11-21 13:10:00,2011-05-31 15:22:00,2,304.47,186,29,10.49896551724138,18,173,0,New / Potential,9,0,0.31,Medium Risk
15164,2011-10-02 12:05:00,2010-01-18 13:34:00,9,2028.1100000000001,912,243,5.761676136363636,69,621,0,Loyal Customers,12,1,0.02,Low Risk
15165,2010-12-01 14:03:00,2010-12-01 14:03:00,1,487.75,160,27,18.064814814814813,373,0,1,Other,5,0,0.9333333333333333,High Risk
15166,2010-08-29 12:31:00,2010-08-29 12:31:00,1,167.16,140,12,13.93,468,0,1,Other,3,0,0.83,High Risk
15167,2011-01-23 12:41:00,2010-02-04 14:13:00,5,1627.62,863,262,5.3540131578947365,321,352,1,At Risk,10,0,0.8333333333333334,High Risk
15168,2011-11-14 11:26:00,2011-11-14 11:26:00,1,106.56,52,5,21.312,26,0,0,New / Potential,6,0,0.5466666666666666,Medium Risk
15169,2010-11-22 13:04:00,2009-12-13 11:16:00,2,569.22,356,58,9.647796610169491,382,344,1,Other,6,0,0.8066666666666666,High Risk
15170,2010-10-29 10:34:00,2010-10-29 10:34:00,1,81.15,33,4,20.2875,407,0,1,Other,4,0,0.8633333333333333,High Risk
15171,2011-01-12 15:36:00,2011-01-12 15:36:00,1,1289.5,290,5,257.9,331,0,1,Other,7,0,0.8866666666666667,High Risk
15172,2011-12-01 11:51:00,2011-04-17 11:56:00,5,1624.05,1611,106,14.764090909090909,9,227,0,Champions,13,1,0.22333333333333333,Low Risk
15173,2010-11-24 10:21:00,2010-04-01 12:26:00,7,1494.6,840,68,17.37906976744186,381,236,1,At Risk,10,0,0.9,High Risk
15174,2011-01-21 09:06:00,2010-10-25 09:40:00,2,481.46,382,34,14.160588235294117,323,87,1,Other,6,0,0.8333333333333334,High Risk
15175,2011-09-29 11:31:00,2011-09-29 11:31:00,1,224.14,454,23,9.745217391304347,72,0,0,Other,5,0,0.3,Low Risk
15176,2010-02-10 10:36:00,2010-02-10 10:36:00,1,988.0400000000001,448,52,19.000769230769233,668,0,1,Other,5,0,0.8933333333333333,High Risk
15177,2010-10-10 12:48:00,2010-10-10 12:48:00,1,948.9300000000001,485,26,36.49730769230769,426,0,1,Other,5,0,0.92,High Risk
15178,2011-03-24 15:12:00,2011-03-24 15:12:00,1,40.5,30,3,13.5,260,0,1,Other,4,0,0.9533333333333334,High Risk
15179,2011-11-21 12:53:00,2009-12-03 12:27:00,13,7491.92,5416,225,23.859617834394903,18,718,0,Champions,15,1,0.0,Low Risk
15180,2010-12-07 14:57:00,2010-04-29 15:27:00,3,816.9300000000001,654,46,15.710192307692308,367,221,1,At Risk,8,0,0.83,High Risk
15181,2011-10-04 13:58:00,2009-12-08 19:02:00,5,1200.2,688,15,60.010000000000005,66,664,0,Loyal Customers,10,1,0.06,Low Risk
15182,2011-07-08 13:37:00,2010-02-21 12:03:00,11,2998.952,1186,78,23.991616,154,502,1,Loyal Customers,13,1,0.7066666666666667,High Risk
15183,2010-06-10 10:43:00,2010-05-04 11:31:00,3,639.93,297,33,16.840263157894736,548,36,1,At Risk,7,0,0.4033333333333333,Medium Risk
15184,2011-11-10 13:41:00,2009-12-16 12:06:00,4,685.39,462,72,8.159404761904762,29,694,0,Other,10,1,0.016666666666666666,Low Risk
15185,2011-09-30 14:06:00,2011-09-30 14:06:00,1,310.62,666,21,14.791428571428572,70,0,0,Other,6,0,0.7166666666666667,High Risk
15186,2011-11-25 14:58:00,2010-01-12 10:14:00,5,1403.2,716,29,26.984615384615385,14,682,0,Champions,13,1,0.03333333333333333,Low Risk
15187,2011-12-08 11:56:00,2011-05-11 13:49:00,16,4777.18,1887,61,52.49648351648352,2,210,0,Champions,15,1,0.10666666666666667,Low Risk
15188,2009-12-14 13:30:00,2009-12-14 13:30:00,1,310.43,233,23,13.496956521739131,725,0,1,Other,4,0,0.8966666666666666,High Risk
15189,2011-12-08 13:22:00,2010-07-18 13:37:00,46,17524.38,6902,90,72.71526970954358,1,507,0,Champions,15,1,0.11666666666666667,Low Risk
15190,2010-10-01 13:09:00,2010-10-01 13:09:00,1,834.4399999999999,790,40,20.860999999999997,434,0,1,Other,5,0,0.8466666666666667,High Risk
15191,2010-09-02 15:37:00,2010-01-20 12:35:00,3,588.05,287,33,16.80142857142857,463,225,1,At Risk,6,0,0.8566666666666667,High Risk
15192,2011-08-12 11:41:00,2010-01-29 10:13:00,5,1666.39,1448,56,18.311978021978025,120,560,1,Loyal Customers,11,1,0.75,High Risk
15193,2011-10-10 08:23:00,2011-10-10 08:23:00,1,499.32,144,19,26.28,61,0,0,Other,6,0,0.16333333333333333,Low Risk
15194,2011-12-06 15:10:00,2009-12-03 10:37:00,28,12021.53,8922,274,25.255315126050423,3,733,0,Champions,15,1,0.0,Low Risk
15195,2011-12-07 12:20:00,2011-12-07 12:20:00,1,3861.0,1404,1,3861.0,3,0,0,High Value Customers,11,1,0.3,Low Risk
15196,2010-10-03 10:50:00,2009-12-13 11:14:00,2,313.7,130,34,7.469047619047619,433,293,1,Other,5,0,0.9566666666666667,High Risk
15197,2011-11-29 10:00:00,2009-12-11 12:56:00,6,1877.51,1058,44,31.82220338983051,11,717,0,Champions,13,1,0.01,Low Risk
15198,2011-09-08 14:42:00,2010-01-19 10:01:00,5,571.35,327,28,18.43064516129032,92,597,1,Loyal Customers,9,0,0.7533333333333333,High Risk
15199,2011-10-11 15:12:00,2010-05-13 10:14:00,10,3122.4,894,17,61.22352941176471,59,516,0,Champions,14,1,0.15666666666666668,Low Risk
15200,2010-08-02 09:38:00,2010-08-02 09:38:00,1,549.0500000000001,195,30,18.30166666666667,495,0,1,Other,4,0,0.9166666666666666,High Risk
15201,2011-09-13 14:53:00,2010-04-07 14:50:00,7,1842.95,1660,44,18.4295,87,524,0,Loyal Customers,11,1,0.17333333333333334,Low Risk
15202,2010-10-15 13:05:00,2010-10-15 12:39:00,3,6001.49,3,1,2000.4966666666667,420,0,1,At Risk,9,0,0.9333333333333333,High Risk
15203,2011-11-14 08:16:00,2009-12-08 18:06:00,15,4400.18,4182,150,12.828513119533529,26,705,0,Champions,14,1,0.006666666666666667,Low Risk
15204,2010-12-17 13:49:00,2010-12-17 13:49:00,1,316.58,258,9,35.175555555555555,357,0,1,Other,5,0,0.8733333333333333,High Risk
15205,2011-09-15 19:36:00,2011-08-04 16:07:00,2,653.24,378,37,17.655135135135136,85,42,0,Other,8,0,0.20666666666666667,Low Risk
15206,2011-11-29 13:41:00,2011-03-09 08:59:00,4,420.3,162,3,46.7,10,265,0,Other,10,1,0.31666666666666665,Medium Risk
15207,2010-10-19 13:29:00,2010-06-10 17:29:00,3,683.92,428,19,28.496666666666666,416,130,1,At Risk,7,0,0.9333333333333333,High Risk
15208,2011-12-08 17:24:00,2010-10-12 12:17:00,6,970.52,356,27,20.219166666666666,1,422,0,Loyal Customers,12,1,0.15666666666666668,Low Risk
15209,2009-12-09 17:26:00,2009-12-09 17:26:00,1,178.98000000000002,94,13,13.76769230769231,730,0,1,Other,3,0,0.9333333333333333,High Risk
15210,2011-04-28 16:11:00,2010-05-13 14:42:00,3,1176.19,841,66,17.55507462686567,225,350,1,At Risk,8,0,0.8666666666666667,High Risk
15211,2011-10-10 13:31:00,2010-12-09 16:08:00,2,894.4100000000001,240,52,17.20019230769231,60,304,0,Other,8,0,0.24333333333333335,Low Risk
15212,2011-04-12 13:45:00,2010-11-28 10:45:00,2,208.28,84,7,20.828,241,135,1,Other,5,0,0.5766666666666667,Medium Risk
15213,2011-01-25 12:21:00,2011-01-14 11:05:00,2,328.35,272,22,13.68125,319,11,1,Other,6,0,0.86,High Risk
15214,2011-12-08 12:07:00,2011-04-11 09:46:00,8,1661.44,1254,109,15.104000000000001,2,241,0,Champions,13,1,0.21666666666666667,Low Risk
15215,2011-10-24 11:41:00,2010-04-06 11:21:00,7,2422.4300000000003,776,85,21.437433628318587,47,566,0,Champions,12,1,0.14,Low Risk
15216,2011-09-13 11:41:00,2010-03-31 09:52:00,2,486.09000000000003,217,24,20.25375,88,531,0,Other,7,0,0.12,Low Risk
15217,2010-05-25 13:51:00,2010-05-25 13:51:00,1,426.24,190,28,15.222857142857142,563,0,1,Other,4,0,0.96,High Risk
15218,2011-11-29 11:48:00,2010-01-26 11:33:00,22,11468.83,6530,139,28.961691919191917,11,672,0,Champions,15,1,0.0,Low Risk
15219,2011-06-16 16:57:00,2010-03-01 11:33:00,2,685.45,271,26,26.36346153846154,176,472,1,Other,8,0,0.87,High Risk
15220,2011-10-19 12:39:00,2011-03-04 10:24:00,6,1778.96,1393,110,15.204786324786324,52,229,0,Champions,12,1,0.45,Medium Risk
15221,2010-12-08 13:08:00,2010-03-12 10:40:00,4,2062.2,244,21,71.1103448275862,366,271,1,At Risk,9,0,0.93,High Risk
15222,2011-01-25 08:03:00,2009-12-16 13:49:00,11,3550.91,4458,98,25.73123188405797,319,404,1,At Risk,12,1,0.68,High Risk
15223,2011-04-28 11:31:00,2009-12-05 11:19:00,5,1417.95,385,26,41.70441176470588,226,509,1,At Risk,10,0,0.7233333333333334,High Risk
15224,2010-12-16 15:02:00,2010-01-15 16:14:00,5,871.36,443,24,24.896,358,334,1,At Risk,9,0,0.8266666666666667,High Risk
15225,2011-04-19 14:51:00,2011-04-19 14:51:00,1,409.40000000000003,226,23,17.8,234,0,1,Other,5,0,0.7766666666666666,High Risk
15226,2011-02-02 11:41:00,2011-02-02 11:41:00,1,154.41,71,8,19.30125,311,0,1,Other,4,0,0.8466666666666667,High Risk
15227,2011-11-03 11:59:00,2010-03-16 08:23:00,9,2488.4900000000002,1217,86,20.737416666666668,37,597,0,Champions,13,1,0.03666666666666667,Low Risk
15228,2011-10-04 13:56:00,2010-07-28 10:21:00,6,5580.27,3375,184,23.847307692307695,66,433,0,Loyal Customers,12,1,0.14333333333333334,Low Risk
15229,2010-05-02 13:50:00,2010-05-02 13:50:00,1,160.5,114,9,17.833333333333332,586,0,1,Other,3,0,0.92,High Risk
15230,2011-04-14 14:39:00,2011-04-13 11:04:00,2,429.6,351,23,18.678260869565218,239,1,1,Other,6,0,0.49333333333333335,Medium Risk
15231,2010-03-28 15:12:00,2010-03-28 15:12:00,1,250.26000000000002,190,14,17.875714285714288,621,0,1,Other,3,0,0.8833333333333333,High Risk
15232,2011-08-18 16:27:00,2011-07-22 12:21:00,2,612.06,686,26,19.743870967741934,113,27,1,Other,8,0,0.8,High Risk
15233,2010-11-03 13:36:00,2010-11-03 13:36:00,1,59.400000000000006,12,1,59.400000000000006,401,0,1,Other,4,0,0.99,High Risk
15234,2011-03-08 08:53:00,2011-03-08 08:53:00,1,197.0,196,14,14.071428571428571,277,0,1,Other,4,0,0.7366666666666667,High Risk
15235,2011-05-06 09:44:00,2010-11-16 12:48:00,16,2772.76,1676,161,15.577303370786518,218,170,1,At Risk,11,1,0.36333333333333334,Medium Risk
15236,2011-02-14 10:52:00,2011-02-14 10:52:00,1,321.05,269,15,21.403333333333332,299,0,1,Other,5,0,0.9466666666666667,High Risk
15237,2011-12-08 09:46:00,2011-04-26 15:04:00,4,1412.32,1071,94,14.265858585858584,2,225,0,High Value Customers,12,1,0.15333333333333332,Low Risk
15238,2011-11-10 14:28:00,2011-06-08 16:00:00,3,1071.99,692,49,21.4398,29,154,0,Other,10,1,0.22333333333333333,Low Risk
15239,2011-11-29 14:14:00,2011-09-22 09:53:00,2,780.59,594,48,15.930408163265307,10,68,0,New / Potential,10,1,0.21,Low Risk
15240,2011-10-26 09:50:00,2009-12-05 14:57:00,12,4459.9800000000005,3214,134,19.910625000000003,45,689,0,Champions,14,1,0.0033333333333333335,Low Risk
15241,2011-10-04 09:05:00,2010-02-23 13:59:00,11,3050.16,3328,120,16.57695652173913,67,587,0,Loyal Customers,13,1,0.13,Low Risk
15242,2010-10-13 15:33:00,2010-10-13 15:33:00,1,302.04,196,4,75.51,422,0,1,Other,4,0,0.76,High Risk
15243,2011-09-26 14:12:00,2010-09-30 17:28:00,2,927.28,543,56,15.201311475409836,74,360,0,Other,8,0,0.14333333333333334,Low Risk
15244,2011-10-05 13:19:00,2010-02-11 14:48:00,3,912.08,472,44,19.00166666666667,65,600,0,Other,9,0,0.08666666666666667,Low Risk
15245,2011-07-28 18:56:00,2010-04-23 14:23:00,8,4610.84,3021,72,31.154324324324325,134,461,1,Loyal Customers,12,1,0.42,Medium Risk
15246,2011-04-15 14:45:00,2010-06-02 11:28:00,3,780.4,359,45,15.301960784313724,238,317,1,At Risk,8,0,0.86,High Risk
15247,2011-08-09 12:52:00,2010-06-20 14:08:00,3,976.06,514,13,57.41529411764706,122,414,1,Other,9,0,0.8266666666666667,High Risk
15248,2010-10-24 13:09:00,2010-06-23 14:34:00,3,1893.93,1065,103,17.867264150943395,411,122,1,At Risk,8,0,0.7633333333333333,High Risk
15249,2011-11-08 11:45:00,2010-03-26 14:51:00,18,9266.0,4980,304,18.45816733067729,32,591,0,Champions,14,1,0.02666666666666667,Low Risk
15250,2010-03-09 07:35:00,2010-03-09 07:35:00,1,60.0,48,3,20.0,641,0,1,Other,3,0,0.9733333333333334,High Risk
15251,2011-11-30 15:02:00,2010-01-29 12:42:00,21,20324.54,12108,183,88.3675652173913,9,670,0,Champions,15,1,0.0033333333333333335,Low Risk
15252,2011-11-03 13:30:00,2010-04-07 10:24:00,5,2103.41,1430,106,17.82550847457627,36,575,0,Champions,12,1,0.15666666666666668,Low Risk
15253,2011-11-23 16:22:00,2010-05-02 11:17:00,8,2055.09,1588,102,17.716293103448276,16,570,0,Champions,13,1,0.08666666666666667,Low Risk
15254,2011-08-04 15:04:00,2010-05-28 10:08:00,3,1088.35,711,64,16.244029850746266,127,433,1,Other,9,0,0.41333333333333333,Medium Risk
15255,2011-10-04 12:43:00,2009-12-03 09:10:00,9,3706.02,2214,137,19.71287234042553,67,670,0,Loyal Customers,13,1,0.0033333333333333335,Low Risk
15256,2011-07-14 11:47:00,2010-05-27 11:41:00,2,170.4,92,6,17.04,149,413,1,Other,6,0,0.85,High Risk
15257,2011-03-01 12:58:00,2010-10-21 14:03:00,2,685.9,71,11,57.15833333333333,283,130,1,Other,7,0,0.8066666666666666,High Risk
15258,2011-06-24 12:30:00,2011-05-06 14:16:00,2,623.16,142,32,18.328235294117647,169,48,1,Other,8,0,0.89,High Risk
15259,2010-07-15 08:47:00,2010-01-26 09:41:00,4,1182.3799999999999,631,50,20.74350877192982,513,169,1,At Risk,7,0,0.8166666666666667,High Risk
15260,2011-08-31 13:55:00,2009-12-06 11:45:00,25,8767.73,4468,186,23.01241469816273,100,633,1,Loyal Customers,13,1,0.03,Low Risk
15261,2011-07-27 15:20:00,2010-10-01 11:59:00,4,1508.0,806,87,16.391304347826086,135,299,1,High Value Customers,10,0,0.8433333333333334,High Risk
15262,2011-01-20 12:16:00,2010-08-08 15:55:00,3,418.82,218,22,16.108461538461537,324,164,1,At Risk,7,0,0.8833333333333333,High Risk
15263,2011-08-25 10:26:00,2011-08-25 10:26:00,1,156.51,89,12,13.042499999999999,107,0,1,Other,5,0,0.8833333333333333,High Risk
15264,2011-10-06 13:49:00,2010-06-27 13:29:00,2,848.4,443,52,15.425454545454546,64,466,0,Other,8,0,0.20666666666666667,Low Risk
15265,2011-07-11 14:46:00,2009-12-01 17:08:00,4,3345.64,1570,179,17.334922279792746,151,586,1,High Value Customers,11,1,0.7133333333333334,High Risk
15266,2011-01-05 13:40:00,2010-01-07 12:19:00,5,852.21,236,38,18.938000000000002,338,363,1,At Risk,9,0,0.7833333333333333,High Risk
15267,2011-11-17 15:59:00,2011-06-10 10:24:00,5,1717.36,944,8,156.12363636363636,22,160,0,Champions,12,1,0.19333333333333333,Low Risk
15268,2010-08-18 10:33:00,2010-04-13 11:27:00,3,961.9000000000001,428,21,43.722727272727276,479,126,1,At Risk,7,0,0.8666666666666667,High Risk
15269,2011-11-16 09:32:00,2010-11-14 12:58:00,3,1225.3600000000001,372,33,35.010285714285715,24,366,0,High Value Customers,11,1,0.18666666666666668,Low Risk
15270,2011-11-24 09:24:00,2009-12-17 15:02:00,21,8524.86,4010,66,50.74321428571429,16,706,0,Champions,15,1,0.0,Low Risk
15271,2011-12-02 14:11:00,2010-08-05 14:57:00,24,4528.54,2412,369,7.94480701754386,7,483,0,Champions,15,1,0.10666666666666667,Low Risk
15272,2011-10-13 12:59:00,2010-02-14 13:39:00,6,2030.95,665,257,7.101223776223776,57,605,0,Champions,12,1,0.03333333333333333,Low Risk
15273,2010-04-19 11:31:00,2010-04-19 11:31:00,1,228.96,216,1,228.96,600,0,1,Other,3,0,0.5546667415760906,Medium Risk
15274,2011-12-05 16:57:00,2011-11-21 14:17:00,2,716.57,619,44,15.246170212765959,4,14,0,New / Potential,10,1,0.23,Low Risk
15275,2011-11-02 11:20:00,2011-11-02 11:20:00,1,615.14,498,41,15.003414634146342,38,0,0,New / Potential,8,0,0.22333333333333333,Low Risk
15276,2011-10-04 16:39:00,2010-10-01 12:24:00,4,619.8,317,160,3.482022471910112,66,368,0,Other,9,0,0.11333333333333333,Low Risk
15277,2011-10-24 10:08:00,2010-10-10 16:02:00,2,476.34000000000003,373,23,18.320769230769233,47,378,0,New / Potential,8,0,0.09333333333333334,Low Risk
15278,2010-05-27 10:03:00,2010-02-12 14:53:00,4,496.16,458,29,17.10896551724138,562,103,1,At Risk,6,0,0.7766666666666666,High Risk
15279,2010-12-20 10:48:00,2010-02-02 10:15:00,5,1580.54,802,74,16.814255319148934,355,321,1,At Risk,10,0,0.9133333333333333,High Risk
15280,2011-06-20 17:14:00,2010-05-17 14:17:00,3,397.52,507,48,6.625333333333333,172,399,1,Other,8,0,0.68,High Risk
15281,2011-10-12 09:10:00,2010-10-08 12:14:00,16,8543.57,5233,427,16.36699233716475,59,368,0,Champions,14,1,0.27,Low Risk
15282,2010-05-18 16:27:00,2010-05-18 16:27:00,1,348.59,395,27,12.91074074074074,570,0,1,Other,4,0,0.85,High Risk
15283,2010-11-14 14:54:00,2010-07-09 15:46:00,3,148.32999999999998,27,9,16.481111111111108,390,127,1,At Risk,6,0,0.8733333333333333,High Risk
15284,2010-07-27 13:25:00,2010-07-27 13:25:00,1,24.75,5,1,24.75,500,0,1,Other,3,0,0.9066666666666666,High Risk
15285,2010-10-28 09:46:00,2010-10-28 09:46:00,1,94.92,120,6,15.82,408,0,1,Other,4,0,0.7,High Risk
15286,2011-10-21 11:08:00,2011-10-21 11:08:00,1,240.55,55,3,80.18333333333334,50,0,0,New / Potential,6,0,0.35,Medium Risk
15287,2011-11-17 15:34:00,2009-12-02 12:13:00,5,856.03,1010,23,23.77861111111111,22,715,0,Loyal Customers,11,1,0.016666666666666666,Low Risk
15288,2011-10-27 16:58:00,2010-02-12 15:27:00,10,3715.38,1336,128,24.283529411764707,43,622,0,Champions,14,1,0.006666666666666667,Low Risk
15289,2011-11-10 13:49:00,2010-03-28 11:45:00,5,1593.09,1627,67,16.42360824742268,29,592,0,Champions,12,1,0.4766666666666667,Medium Risk
15290,2011-12-05 11:39:00,2010-02-24 10:15:00,26,10496.28,6567,106,35.946164383561644,5,649,0,Champions,15,1,0.0,Low Risk
15291,2011-11-14 11:02:00,2009-12-03 11:09:00,40,13517.76,4905,116,55.400655737704916,26,710,0,Champions,14,1,0.006666666666666667,Low Risk
15292,2011-05-22 15:00:00,2011-05-22 15:00:00,1,178.39,55,24,7.432916666666666,201,0,1,Other,4,0,0.96,High Risk
15293,2010-02-12 11:54:00,2010-02-12 11:54:00,1,247.5,178,19,13.026315789473685,666,0,1,Other,3,0,0.8733333333333333,High Risk
15294,2010-10-25 11:45:00,2010-10-25 11:45:00,1,233.35,97,15,15.556666666666667,411,0,1,Other,3,0,0.98,High Risk
15295,2010-02-23 13:03:00,2010-02-23 13:03:00,1,207.04,139,50,3.9815384615384612,654,0,1,Other,3,0,0.6233333333333333,High Risk
15296,2011-10-20 11:47:00,2010-01-21 13:48:00,12,10323.03,5452,342,19.331516853932584,51,636,0,Champions,14,1,0.02666666666666667,Low Risk
15297,2011-11-29 16:32:00,2011-10-07 09:42:00,3,641.94,292,30,16.46,10,53,0,Other,11,1,0.24666666666666667,Low Risk
15298,2011-12-07 17:17:00,2009-12-08 17:04:00,23,9061.77,6000,199,21.321811764705885,2,729,0,Champions,15,1,0.0,Low Risk
15299,2011-10-03 14:19:00,2010-01-12 11:34:00,10,6156.53,3356,9,615.653,67,629,0,Loyal Customers,13,1,0.08,Low Risk
15300,2011-10-06 17:08:00,2011-10-06 17:08:00,1,496.44,292,28,17.73,64,0,0,Other,6,0,0.7366666666666667,High Risk
15301,2011-10-20 09:57:00,2010-09-15 15:41:00,17,6909.67,3763,231,20.028028985507248,51,399,0,Champions,14,1,0.016666666666666666,Low Risk
15302,2009-12-09 13:11:00,2009-12-09 13:11:00,1,308.0,102,15,20.533333333333335,730,0,1,Other,4,0,0.98,High Risk
15303,2011-02-22 13:59:00,2010-01-25 09:42:00,3,1224.18,514,63,17.741739130434784,290,393,1,At Risk,9,0,0.8533333333333334,High Risk
15304,2011-10-10 10:23:00,2010-10-14 10:24:00,9,796.4,112,8,33.18333333333333,61,360,0,Loyal Customers,11,1,0.17333333333333334,Low Risk
15305,2010-06-02 13:50:00,2010-06-02 13:50:00,1,93.6,40,5,18.72,555,0,1,Other,3,0,0.9533333333333334,High Risk
15306,2011-10-06 12:56:00,2010-02-18 17:12:00,9,3484.73,3074,123,21.51067901234568,64,594,0,Loyal Customers,13,1,0.023333333333333334,Low Risk
15307,2011-09-05 11:38:00,2011-09-05 11:38:00,1,205.3,37,12,17.108333333333334,96,0,1,Other,5,0,0.92,High Risk
15308,2011-03-10 13:08:00,2011-03-10 13:08:00,1,310.47,175,19,16.340526315789475,274,0,1,Other,5,0,0.94,High Risk
15309,2010-04-08 11:11:00,2009-12-04 13:01:00,4,797.96,440,49,14.777037037037038,611,124,1,At Risk,7,0,0.8766666666666667,High Risk
15310,2010-08-18 11:38:00,2010-08-18 11:38:00,1,1634.64,1476,45,36.32533333333333,479,0,1,Other,6,0,0.89,High Risk
15311,2011-12-09 12:00:00,2009-12-01 11:21:00,208,114966.42,70149,864,26.699122155132372,1,738,0,Champions,15,1,0.0,Low Risk
15312,2011-09-25 13:10:00,2009-12-16 09:23:00,12,2930.19,1693,118,17.976625766871166,75,648,0,Loyal Customers,13,1,0.0,Low Risk
15313,2011-08-21 16:02:00,2011-08-21 16:02:00,1,52.0,25,1,52.0,110,0,1,Other,5,0,0.9766666666666667,High Risk
15314,2011-05-24 14:39:00,2010-10-07 15:41:00,3,820.45,750,49,16.409000000000002,199,228,1,At Risk,8,0,0.8466666666666667,High Risk
15315,2011-10-06 12:51:00,2011-08-15 15:17:00,2,570.5,862,35,15.41891891891892,64,51,0,Other,7,0,0.18666666666666668,Low Risk
15316,2011-01-17 11:34:00,2011-01-17 11:34:00,1,165.0,100,1,165.0,327,0,1,Other,4,0,0.9766666666666667,High Risk
15317,2010-01-31 15:55:00,2010-01-31 15:55:00,1,129.75,45,5,25.95,677,0,1,Other,3,0,0.8633333333333333,High Risk
15318,2011-12-06 11:30:00,2011-12-06 11:30:00,1,312.62,642,33,9.473333333333333,4,0,0,New / Potential,8,0,0.18,Low Risk
15319,2011-03-01 12:48:00,2011-03-01 12:48:00,1,204.5,175,16,12.78125,284,0,1,Other,4,0,0.7466666666666667,High Risk
15320,2011-10-26 13:27:00,2011-10-26 13:27:00,1,267.13,326,36,7.420277777777778,44,0,0,New / Potential,6,0,0.25,Low Risk
15321,2011-09-30 09:40:00,2010-02-03 09:47:00,12,6709.7300000000005,3653,242,21.714336569579288,71,603,0,Loyal Customers,13,1,0.013333333333333334,Low Risk
15322,2011-09-15 09:34:00,2010-08-20 13:10:00,2,1390.86,971,76,16.75734939759036,86,390,0,High Value Customers,9,0,0.11333333333333333,Low Risk
15323,2010-05-26 10:01:00,2010-02-16 09:21:00,3,434.6,188,29,14.986206896551725,563,99,1,At Risk,6,0,0.8833333333333333,High Risk
15324,2010-01-07 14:37:00,2010-01-07 14:37:00,1,140.22000000000003,74,8,17.527500000000003,701,0,1,Other,3,0,0.78,High Risk
15325,2011-08-28 11:55:00,2010-02-16 13:30:00,8,1601.46,1382,164,7.149375,104,557,1,Loyal Customers,11,1,0.7866666666666666,High Risk
15326,2011-01-10 11:38:00,2009-12-01 13:19:00,5,1700.52,1351,94,13.182325581395348,334,404,1,At Risk,10,0,0.7666666666666667,High Risk
15327,2011-10-18 11:55:00,2011-10-18 11:55:00,1,208.75,116,10,20.875,53,0,0,New / Potential,6,0,0.18,Low Risk
15328,2010-10-28 09:05:00,2010-10-28 09:05:00,1,107.24,88,8,13.405,408,0,1,Other,4,0,0.9733333333333334,High Risk
15329,2011-10-31 15:36:00,2009-12-14 12:18:00,11,2958.83,1217,98,19.213181818181816,39,686,0,Champions,14,1,0.0033333333333333335,Low Risk
15330,2011-11-07 17:50:00,2011-10-10 12:30:00,2,714.9599999999999,1312,10,54.99692307692307,32,28,0,New / Potential,9,0,0.22333333333333333,Low Risk
15331,2010-07-28 09:42:00,2010-04-09 14:26:00,3,767.91,701,41,17.4525,500,109,1,At Risk,7,0,0.8133333333333334,High Risk
15332,2010-12-08 14:43:00,2010-07-14 13:01:00,6,4892.68,2306,113,31.770649350649354,366,147,1,At Risk,11,1,0.8,High Risk
15333,2011-05-15 13:27:00,2011-05-15 13:27:00,1,1028.56,344,16,64.285,208,0,1,Other,6,0,0.85,High Risk
15334,2011-07-06 11:22:00,2011-06-19 13:51:00,3,350.82,273,67,3.579795918367347,157,16,1,Other,8,0,0.87,High Risk
15335,2011-10-17 12:50:00,2011-10-17 12:50:00,1,170.22,79,34,4.863428571428571,54,0,0,New / Potential,6,0,0.28,Low Risk
15336,2010-11-03 12:39:00,2010-11-03 12:39:00,1,240.5,84,15,16.033333333333335,402,0,1,Other,4,0,0.9266666666666666,High Risk
15337,2010-10-24 15:29:00,2010-10-24 15:29:00,1,373.02,200,21,17.762857142857143,411,0,1,Other,4,0,0.85,High Risk
15338,2010-01-31 14:25:00,2010-01-31 14:25:00,1,277.93,148,56,4.791896551724138,677,0,1,Other,3,0,0.89,High Risk
15339,2011-10-04 12:51:00,2010-02-08 13:38:00,7,1821.02,1138,162,8.277363636363637,66,602,0,Loyal Customers,11,1,0.02666666666666667,Low Risk
15340,2010-05-27 10:27:00,2010-05-27 10:27:00,1,105.5,76,7,15.071428571428571,562,0,1,Other,3,0,0.93,High Risk
15341,2011-09-20 09:40:00,2010-09-16 16:41:00,2,2402.72,1008,22,100.11333333333333,81,368,0,High Value Customers,9,0,0.15333333333333332,Low Risk
15342,2011-08-02 10:19:00,2011-08-02 10:19:00,1,406.09000000000003,283,24,16.920416666666668,130,0,1,Other,6,0,0.92,High Risk
15343,2011-09-13 13:55:00,2011-09-13 13:55:00,1,364.5,84,21,17.357142857142858,87,0,0,Other,6,0,0.28,Low Risk
15344,2011-12-09 10:45:00,2011-09-26 14:48:00,3,563.94,116,21,21.69,1,73,0,Other,10,1,0.25,Low Risk
15345,2011-10-25 11:28:00,2011-10-25 11:28:00,1,393.54,81,20,19.677,46,0,0,New / Potential,7,0,0.26666666666666666,Low Risk
15346,2011-01-11 11:18:00,2010-10-04 15:11:00,3,596.12,260,36,16.111351351351352,333,98,1,At Risk,7,0,0.87,High Risk
15347,2010-12-08 15:25:00,2010-09-28 12:50:00,4,1162.0,542,29,32.27777777777778,366,71,1,At Risk,8,0,0.8633333333333333,High Risk
15348,2011-09-28 13:17:00,2011-09-28 13:17:00,1,158.04,84,9,17.56,72,0,0,Other,5,0,0.36333333333333334,Medium Risk
15349,2011-07-04 16:06:00,2011-06-05 15:46:00,2,463.91,321,65,6.533943661971831,158,29,1,Other,7,0,0.77,High Risk
15350,2010-12-01 13:33:00,2010-11-21 15:14:00,2,547.6,272,26,18.253333333333334,373,9,1,Other,6,0,0.9233333333333333,High Risk
15351,2011-11-27 12:52:00,2010-10-03 12:18:00,10,3430.22,1350,201,10.924267515923566,12,420,0,Champions,15,1,0.10666666666666667,Low Risk
15352,2010-06-09 11:28:00,2010-06-09 11:28:00,1,111.15,40,34,3.269117647058824,549,0,1,Other,3,0,0.9766666666666667,High Risk
15353,2011-03-30 12:15:00,2009-12-02 11:33:00,7,2794.47,1391,274,7.762416666666666,255,483,1,At Risk,10,1,0.37333333333333335,Medium Risk
15354,2010-04-15 16:24:00,2010-04-15 16:17:00,3,284.4,3,1,94.8,603,0,1,At Risk,5,0,0.9133333333333333,High Risk
15355,2011-11-10 13:44:00,2011-10-17 15:22:00,2,277.05,45,9,19.789285714285715,29,23,0,New / Potential,7,0,0.27666666666666667,Low Risk
15356,2011-11-08 13:11:00,2010-10-13 13:12:00,13,3239.57,1892,290,4.842406576980569,31,390,0,Champions,14,1,0.06666666666666667,Low Risk
15358,2011-12-05 09:04:00,2009-12-07 12:19:00,42,16425.86,14902,359,15.083434343434345,5,727,0,Champions,15,1,0.01,Low Risk
15359,2010-02-15 10:47:00,2010-01-15 11:30:00,8,181.35,145,10,11.334375,663,30,1,At Risk,6,0,0.82,High Risk
15360,2011-10-31 09:35:00,2011-10-31 09:35:00,1,427.93,223,13,32.917692307692306,40,0,0,New / Potential,7,0,0.7766666666666666,High Risk
15361,2010-12-13 09:52:00,2010-06-14 13:27:00,4,689.07,373,10,68.90700000000001,362,181,1,At Risk,8,0,0.8133333333333334,High Risk
15362,2010-09-17 10:37:00,2009-12-01 09:08:00,2,613.08,368,38,15.327000000000002,449,290,1,Other,6,0,0.9,High Risk
15363,2010-12-02 12:28:00,2010-08-04 08:41:00,2,678.11,383,32,19.37457142857143,373,120,1,Other,7,0,0.66,High Risk
15364,2011-09-05 09:46:00,2011-03-30 13:39:00,2,913.19,493,29,31.489310344827587,96,158,1,Other,8,0,0.92,High Risk
15365,2011-11-14 08:29:00,2010-02-04 16:43:00,13,4557.13,2131,126,20.904266055045873,26,647,0,Champions,14,1,0.0,Low Risk
15366,2011-09-25 15:01:00,2010-02-26 10:10:00,7,2389.08,2447,86,17.312173913043477,75,576,0,Loyal Customers,11,1,0.09,Low Risk
15367,2011-10-13 14:13:00,2009-12-10 14:20:00,11,5081.33,2944,214,18.212652329749105,57,671,0,Champions,14,1,0.0033333333333333335,Low Risk
15368,2011-11-18 14:42:00,2010-11-10 15:52:00,2,722.74,406,8,90.3425,21,372,0,New / Potential,9,0,0.17333333333333334,Low Risk
15369,2010-08-04 13:54:00,2009-12-08 07:43:00,11,6251.26,3288,44,105.9535593220339,492,239,1,At Risk,11,1,0.59,Medium Risk
15370,2011-10-30 10:58:00,2010-10-25 12:08:00,8,3739.01,1397,90,25.965347222222224,41,369,0,Champions,13,1,0.24333333333333335,Low Risk
15371,2010-02-15 13:14:00,2010-02-15 13:14:00,1,59.400000000000006,12,1,59.400000000000006,662,0,1,Other,3,0,0.99,High Risk
15372,2011-07-25 16:39:00,2010-02-14 11:24:00,8,6017.0599999999995,6410,45,105.56245614035087,137,526,1,Loyal Customers,12,1,0.81,High Risk
15373,2011-12-01 15:05:00,2010-05-02 11:57:00,17,3084.54,726,107,16.32031746031746,8,578,0,Champions,15,1,0.12,Low Risk
15374,2011-08-03 09:59:00,2010-03-25 12:03:00,2,307.32,290,8,30.732,129,495,1,Other,7,0,0.8166666666666667,High Risk
15375,2010-01-18 15:38:00,2010-01-18 15:38:00,1,60.959999999999994,84,6,10.159999999999998,690,0,1,Other,3,0,0.9166666666666666,High Risk
15376,2011-10-30 15:04:00,2011-05-01 13:45:00,3,1221.56,615,100,10.530689655172413,40,182,0,High Value Customers,11,0,0.25333333333333335,Low Risk
15377,2010-11-22 08:55:00,2010-10-20 11:42:00,4,1211.75,253,15,57.70238095238095,383,32,1,At Risk,8,0,0.5933333333333334,Medium Risk
15378,2010-09-03 11:30:00,2010-07-26 08:47:00,2,246.5,130,8,20.541666666666668,463,39,1,Other,4,0,0.5933333333333334,Medium Risk
15379,2011-06-23 13:13:00,2010-11-04 11:59:00,8,4877.84,3000,177,18.546920152091257,169,231,1,Loyal Customers,12,1,0.7,High Risk
15380,2011-12-01 12:13:00,2009-12-01 13:50:00,11,3248.96,954,27,62.480000000000004,9,729,0,Champions,15,1,0.01,Low Risk
15381,2011-05-10 11:55:00,2010-05-05 14:35:00,5,1890.57,802,20,78.77374999999999,214,369,1,At Risk,10,0,0.8266666666666667,High Risk
15382,2011-11-25 10:58:00,2009-12-04 14:13:00,12,13733.550000000001,9178,315,21.730300632911394,15,720,0,Champions,15,1,0.0033333333333333335,Low Risk
15384,2011-06-23 10:57:00,2010-04-26 12:38:00,4,2027.79,1767,83,17.184661016949153,170,422,1,High Value Customers,10,0,0.7566666666666667,High Risk
15385,2011-10-30 15:11:00,2010-01-31 13:02:00,3,942.08,428,18,44.860952380952384,40,637,0,Other,10,0,0.04666666666666667,Low Risk
15386,2011-06-06 13:47:00,2011-06-06 13:47:00,1,394.14,446,31,12.714193548387096,186,0,1,Other,6,0,0.8366666666666667,High Risk
15387,2010-08-04 16:05:00,2010-08-04 16:05:00,1,468.65,335,20,23.432499999999997,492,0,1,Other,4,0,0.7766666666666666,High Risk
15388,2011-03-14 13:53:00,2011-03-14 13:53:00,1,140.54,88,10,14.053999999999998,270,0,1,Other,4,0,0.78,High Risk
15389,2011-06-20 16:18:00,2010-01-27 12:44:00,5,2733.8,3940,2,455.6333333333334,172,509,1,Loyal Customers,11,1,0.74,High Risk
15390,2010-11-08 15:19:00,2010-10-26 17:23:00,2,1216.66,894,77,15.800779220779221,396,12,1,Other,7,0,0.35333333333333333,Medium Risk
15391,2010-05-04 15:04:00,2010-05-04 15:04:00,1,289.87,109,12,24.155833333333334,584,0,1,Other,4,0,0.9833333333333333,High Risk
15392,2011-12-05 11:01:00,2010-10-04 12:50:00,7,2911.62,2144,100,20.219583333333333,5,426,0,Champions,14,1,0.12,Low Risk
15393,2011-11-23 16:48:00,2009-12-15 17:56:00,5,891.34,378,37,20.257727272727273,16,707,0,Loyal Customers,12,1,0.04666666666666667,Low Risk
15394,2011-11-30 11:49:00,2009-12-15 19:05:00,11,5286.8,2372,129,23.28986784140969,10,714,0,Champions,15,1,0.006666666666666667,Low Risk
15395,2011-01-18 12:40:00,2011-01-18 12:40:00,1,107.45,17,7,15.35,326,0,1,Other,4,0,0.9966666666666667,High Risk
15396,2011-08-19 10:56:00,2010-05-05 09:04:00,2,796.38,278,16,49.77375,113,471,1,Other,8,0,0.8166666666666667,High Risk
15397,2011-02-23 09:25:00,2011-02-23 09:25:00,1,94.0,20,6,15.666666666666666,290,0,1,Other,4,0,0.9966666666666667,High Risk
15398,2011-11-23 16:47:00,2011-09-22 14:56:00,2,1345.53,769,60,18.43191780821918,16,62,0,High Value Customers,11,1,0.41,Medium Risk
15399,2011-12-08 13:04:00,2011-09-21 15:57:00,3,815.77,611,45,16.3154,1,77,0,Other,11,1,0.67,High Risk
15400,2011-09-08 13:57:00,2010-05-28 08:33:00,8,1302.3,662,16,48.233333333333334,92,468,1,Loyal Customers,11,1,0.8733333333333333,High Risk
15401,2010-09-13 13:42:00,2010-05-20 10:56:00,2,216.95,93,14,15.49642857142857,452,116,1,Other,4,0,0.9033333333333333,High Risk
15402,2011-07-14 12:17:00,2010-04-27 12:12:00,6,1830.54,2034,79,13.973587786259541,149,443,1,Loyal Customers,11,1,0.82,High Risk
15403,2010-08-05 12:21:00,2009-12-09 12:45:00,2,170.88,492,6,21.36,492,238,1,Other,4,0,0.8633333333333333,High Risk
15404,2010-11-29 11:03:00,2010-11-29 11:03:00,1,257.06,334,16,16.06625,376,0,1,Other,4,0,0.82,High Risk
15405,2011-06-03 14:44:00,2010-05-12 15:56:00,2,659.84,348,29,21.994666666666667,189,386,1,Other,8,0,0.85,High Risk
15406,2011-11-08 13:22:00,2010-09-12 13:06:00,4,975.87,547,108,7.998934426229508,31,422,0,Other,10,1,0.25666666666666665,Low Risk
15407,2011-11-06 11:55:00,2011-02-07 13:18:00,4,1046.74,552,142,7.072567567567567,34,271,0,Other,10,1,0.17,Low Risk
15408,2011-03-20 15:02:00,2011-03-20 15:02:00,1,267.18,106,34,7.858235294117647,264,0,1,Other,4,0,0.9366666666666666,High Risk
15409,2009-12-18 15:35:00,2009-12-18 15:35:00,1,131.25,59,9,14.583333333333334,721,0,1,Other,3,0,0.9933333333333333,High Risk
15410,2011-09-16 14:47:00,2010-04-19 08:57:00,10,4685.72,1902,80,28.9241975308642,84,515,0,Loyal Customers,13,1,0.14666666666666667,Low Risk
15411,2011-11-13 15:19:00,2011-06-10 12:30:00,4,1348.93,529,86,13.764591836734695,26,156,0,High Value Customers,11,1,0.25333333333333335,Low Risk
15412,2011-06-21 15:24:00,2011-06-21 15:24:00,1,190.53,108,10,19.053,171,0,1,Other,5,0,0.91,High Risk
15413,2010-01-17 11:33:00,2009-12-01 10:18:00,5,6798.72,2694,20,271.9488,692,47,1,At Risk,10,1,0.78,High Risk
15414,2011-11-30 09:50:00,2011-04-11 13:45:00,3,774.9000000000001,443,37,19.86923076923077,10,232,0,Other,11,1,0.24666666666666667,Low Risk
15415,2011-01-30 14:13:00,2011-01-30 14:13:00,1,559.61,551,46,11.906595744680851,313,0,1,Other,5,0,0.81,High Risk
15416,2011-10-06 09:38:00,2010-02-01 11:55:00,7,4572.82,2420,189,20.056228070175436,65,611,0,Loyal Customers,12,1,0.03,Low Risk
15417,2011-09-15 15:26:00,2011-09-15 15:26:00,1,508.8,284,28,18.17142857142857,85,0,0,Other,6,0,0.8033333333333333,High Risk
15418,2010-10-10 13:38:00,2010-05-02 11:31:00,2,449.42,264,64,6.609117647058824,425,161,1,Other,5,0,0.8333333333333334,High Risk
15419,2011-11-15 09:23:00,2011-11-15 09:23:00,1,135.86,230,8,16.9825,25,0,0,New / Potential,6,0,0.31333333333333335,Medium Risk
15420,2010-10-01 15:46:00,2009-12-05 13:29:00,6,743.0,844,52,13.267857142857142,434,300,1,At Risk,8,0,0.8366666666666667,High Risk
15421,2011-10-12 09:20:00,2009-12-07 15:10:00,10,3805.34,1927,170,12.042215189873419,59,673,0,Champions,14,1,0.0,Low Risk
15422,2011-01-20 16:17:00,2010-02-07 11:52:00,7,1619.97,710,80,13.49975,323,347,1,At Risk,10,0,0.86,High Risk
15423,2011-11-01 14:01:00,2010-03-28 13:42:00,3,266.89,198,13,19.06357142857143,38,583,0,Other,8,0,0.25,Low Risk
15424,2011-03-30 13:02:00,2010-09-02 17:17:00,3,597.78,873,33,18.114545454545453,254,208,1,At Risk,7,0,0.8533333333333334,High Risk
15425,2010-11-04 18:13:00,2010-02-14 12:36:00,4,1941.1200000000001,1041,114,13.574265734265735,400,263,1,At Risk,9,0,0.8733333333333333,High Risk
15426,2011-11-20 15:36:00,2010-05-02 15:10:00,9,2156.35,1041,327,5.026456876456876,19,567,0,Champions,14,1,0.37333333333333335,Medium Risk
15427,2011-11-06 14:29:00,2011-10-23 14:47:00,3,1430.54,967,233,4.899109589041096,33,13,0,High Value Customers,11,1,0.10333333333333333,Low Risk
15428,2011-11-24 16:54:00,2009-12-17 17:46:00,4,762.75,347,39,17.335227272727273,15,706,0,Other,11,1,0.016666666666666666,Low Risk
15429,2011-11-13 12:28:00,2011-09-25 13:42:00,2,397.35,380,77,4.845731707317073,27,48,0,New / Potential,8,0,0.17,Low Risk
15430,2010-08-29 10:42:00,2010-06-29 15:04:00,2,954.75,309,36,26.520833333333332,468,60,1,Other,6,0,0.7966666666666666,High Risk
15431,2010-07-25 12:44:00,2010-07-25 12:44:00,1,153.24,84,2,76.62,503,0,1,Other,3,0,0.9233333333333333,High Risk
15432,2011-11-16 16:30:00,2010-06-16 14:34:00,2,320.76,92,16,20.0475,23,518,0,New / Potential,8,0,0.36333333333333334,Medium Risk
15433,2011-05-10 10:45:00,2011-03-17 14:12:00,2,533.3,534,40,13.00731707317073,214,53,1,Other,6,0,0.83,High Risk
15434,2011-12-01 13:33:00,2010-01-24 15:35:00,11,2567.06,1423,82,19.157164179104477,8,675,0,Champions,14,1,0.0,Low Risk
15435,2011-11-17 16:39:00,2011-11-17 16:39:00,1,149.29,54,29,5.147931034482759,22,0,0,New / Potential,6,0,0.3433333333333333,Medium Risk
15436,2011-11-27 16:05:00,2011-04-19 16:52:00,3,1067.75,574,243,3.6692439862542954,12,221,0,Other,11,1,0.30333333333333334,Medium Risk
15437,2011-03-22 13:11:00,2010-03-09 10:45:00,2,393.45,177,56,6.902631578947368,262,378,1,Other,6,0,0.6733333333333333,High Risk
15438,2011-07-31 14:19:00,2011-07-31 14:19:00,1,156.57999999999998,59,25,6.263199999999999,131,0,1,Other,5,0,0.87,High Risk
15439,2010-10-31 10:38:00,2010-02-24 12:05:00,4,1269.05,572,49,22.264035087719297,405,248,1,At Risk,9,0,0.9133333333333333,High Risk
15440,2011-10-16 12:16:00,2011-05-15 11:30:00,3,383.68,197,50,6.188387096774194,55,154,0,Other,9,0,0.77,High Risk
15441,2010-11-08 15:50:00,2009-12-09 14:55:00,3,1254.21,587,45,22.003684210526316,396,334,1,At Risk,9,0,0.9266666666666666,High Risk
15442,2011-04-05 12:24:00,2011-04-05 12:24:00,1,594.0,120,2,297.0,249,0,1,Other,5,0,0.8849716432723664,High Risk
15443,2011-12-08 10:40:00,2010-03-07 12:10:00,14,5114.2300000000005,2699,408,8.182768000000001,2,640,0,Champions,15,1,0.006666666666666667,Low Risk
15444,2011-11-30 17:37:00,2011-10-30 16:12:00,2,1411.21,759,191,6.594439252336449,9,31,0,High Value Customers,11,1,0.13333333333333333,Low Risk
15445,2011-03-20 15:06:00,2010-04-28 15:00:00,2,284.5,118,12,20.321428571428573,264,326,1,Other,5,0,0.7133333333333334,High Risk
15446,2010-11-28 11:59:00,2009-12-13 13:53:00,3,399.75,265,90,3.5691964285714284,377,349,1,At Risk,7,0,0.7833333333333333,High Risk
15447,2011-01-13 11:26:00,2010-03-24 14:40:00,5,492.88,228,27,16.99586206896552,331,294,1,At Risk,8,0,0.8866666666666667,High Risk
15448,2011-01-31 10:42:00,2010-02-03 13:29:00,2,788.8100000000001,487,49,16.098163265306123,313,361,1,Other,7,0,0.26,Low Risk
15449,2011-11-13 15:02:00,2011-03-23 10:43:00,3,974.52,812,47,16.242,26,235,0,Other,10,1,0.21333333333333335,Low Risk
15450,2011-11-09 17:11:00,2011-11-09 17:11:00,1,429.84,376,30,14.328,30,0,0,New / Potential,7,0,0.2833333333333333,Low Risk
15451,2010-10-01 13:40:00,2010-04-19 14:08:00,2,226.86,76,56,3.781,434,164,1,Other,4,0,0.9,High Risk
15452,2011-11-10 12:13:00,2010-07-16 14:23:00,6,1785.1100000000001,1087,158,8.970402010050252,30,481,0,Champions,12,1,0.16333333333333333,Low Risk
15453,2011-12-08 10:59:00,2011-06-05 12:37:00,7,1371.77,837,169,4.91673835125448,2,185,0,Champions,13,1,0.15,Low Risk
15454,2010-12-12 14:21:00,2010-03-31 13:15:00,2,305.99,146,35,7.64975,362,256,1,Other,6,0,0.7833333333333333,High Risk
15455,2010-04-21 12:43:00,2010-04-21 12:43:00,1,38.25,3,2,19.125,598,0,1,Other,3,0,0.9366666666666666,High Risk
15456,2011-03-01 13:51:00,2009-12-08 12:54:00,10,2091.52,2727,128,9.21374449339207,283,448,1,At Risk,11,1,0.7333333333333333,High Risk
15457,2011-03-22 15:31:00,2011-03-22 15:31:00,1,237.07,132,56,4.087413793103448,262,0,1,Other,4,0,0.94,High Risk
15458,2011-11-14 13:08:00,2010-11-02 19:50:00,2,370.44,300,13,28.495384615384616,25,376,0,New / Potential,8,0,0.20666666666666667,Low Risk
15459,2010-10-18 15:25:00,2010-07-30 14:31:00,2,202.83,121,6,28.975714285714286,417,80,1,Other,4,0,0.87,High Risk
15460,2010-12-20 16:08:00,2010-12-20 16:08:00,1,214.26,107,53,3.8260714285714283,354,0,1,Other,4,0,0.8866666666666667,High Risk
15461,2010-09-05 12:31:00,2010-03-18 12:40:00,2,429.7,230,1,214.85,461,170,1,Other,5,0,0.9216383099390332,High Risk
15462,2011-09-06 13:11:00,2010-09-20 10:23:00,4,737.05,495,32,17.976829268292683,94,351,1,Other,9,0,0.45,Medium Risk
15463,2011-11-10 12:57:00,2011-11-10 12:57:00,1,126.14,106,7,18.02,29,0,0,New / Potential,6,0,0.39,Medium Risk
15464,2011-01-05 15:56:00,2011-01-05 15:56:00,1,1044.65,348,155,6.739677419354839,338,0,1,Other,6,0,0.4666666666666667,Medium Risk
15465,2011-11-20 10:11:00,2009-12-10 09:42:00,32,12100.4,2638,94,47.452549019607844,20,710,0,Champions,14,1,0.0033333333333333335,Low Risk
15466,2011-09-15 14:08:00,2009-12-03 12:28:00,4,1560.46,941,211,5.9559541984732824,85,651,0,High Value Customers,10,1,0.05,Low Risk
15467,2011-11-30 14:17:00,2011-07-10 14:42:00,3,524.88,310,41,10.093846153846155,9,142,0,Other,10,1,0.65,High Risk
15468,2011-10-19 13:49:00,2010-11-12 09:39:00,3,1430.48,1400,80,17.881,51,341,0,High Value Customers,11,0,0.4666666666666667,Medium Risk
15469,2011-10-20 16:21:00,2010-09-27 10:09:00,3,874.25,287,38,20.33139534883721,50,388,0,Other,10,0,0.29,Low Risk
15470,2010-05-13 09:35:00,2010-05-13 09:35:00,1,63.419999999999995,232,4,15.854999999999999,576,0,1,Other,3,0,0.64,High Risk
15471,2011-12-07 14:12:00,2010-06-07 12:17:00,3,1292.01,670,122,8.335548387096773,2,548,0,High Value Customers,12,1,0.05333333333333334,Low Risk
15472,2011-08-18 15:17:00,2011-08-18 15:17:00,1,371.56,251,76,4.888947368421053,113,0,1,Other,6,0,0.8166666666666667,High Risk
15473,2011-11-25 15:15:00,2010-09-21 09:14:00,8,2046.0,776,5,146.14285714285714,14,430,0,Champions,13,1,0.6733333333333333,High Risk
15474,2010-04-23 11:14:00,2010-04-23 11:14:00,1,150.35,55,19,7.913157894736842,596,0,1,Other,3,0,0.9966666666666667,High Risk
15475,2011-09-23 15:20:00,2011-09-23 15:20:00,1,454.11,319,29,15.65896551724138,77,0,0,Other,6,0,0.5833333333333334,Medium Risk
15476,2010-11-24 15:17:00,2010-09-23 14:00:00,4,2209.98,1174,67,27.974430379746835,380,62,1,At Risk,9,0,0.41333333333333333,Medium Risk
15477,2010-02-28 10:37:00,2010-02-28 10:37:00,1,368.4,216,2,184.2,650,0,1,Other,4,0,0.7466241284967561,High Risk
15478,2011-10-30 14:19:00,2010-05-13 18:49:00,3,1983.48,894,53,28.74608695652174,40,534,0,High Value Customers,11,1,0.11666666666666667,Low Risk
15479,2009-12-06 15:08:00,2009-12-06 15:08:00,1,147.4,38,9,16.37777777777778,733,0,1,Other,3,0,0.9733333333333334,High Risk
15480,2011-08-15 14:32:00,2010-02-01 14:52:00,5,6279.0,1852,199,29.204651162790697,116,559,1,Loyal Customers,12,1,0.7566666666666667,High Risk
15481,2010-11-03 14:52:00,2010-11-03 14:52:00,1,1993.34,1450,38,52.456315789473685,401,0,1,Other,7,0,0.8966666666666666,High Risk
15482,2011-11-24 10:46:00,2009-12-02 16:59:00,19,14417.36,6516,74,97.4145945945946,16,721,0,Champions,15,1,0.006666666666666667,Low Risk
15483,2011-07-01 13:07:00,2010-01-24 15:42:00,10,817.82,905,216,3.0402230483271375,161,522,1,Loyal Customers,11,1,0.8033333333333333,High Risk
15484,2011-12-08 15:03:00,2009-12-05 15:18:00,6,4652.1,4074,180,19.383750000000003,1,732,0,Champions,14,1,0.0,Low Risk
15485,2011-11-09 14:31:00,2009-12-01 17:31:00,7,4810.92,2153,80,35.11620437956204,30,707,0,Champions,13,1,0.006666666666666667,Low Risk
15486,2010-06-30 13:15:00,2010-06-30 13:15:00,1,102.0,40,1,102.0,527,0,1,Other,3,0,0.9666666666666667,High Risk
15487,2010-01-29 12:07:00,2010-01-29 12:07:00,1,231.32,144,14,16.52285714285714,680,0,1,Other,3,0,0.9266666666666666,High Risk
15488,2011-09-08 10:11:00,2010-05-05 13:03:00,5,431.92,251,10,39.265454545454546,93,490,1,Loyal Customers,9,0,0.6633333333333333,High Risk
15489,2011-11-17 08:53:00,2010-01-15 16:58:00,8,2419.61,1264,75,21.22464912280702,23,670,0,Champions,12,1,0.0033333333333333335,Low Risk
15490,2010-10-05 13:11:00,2010-10-05 13:11:00,1,210.85,82,22,8.434,430,0,1,Other,3,0,0.99,High Risk
15491,2011-09-05 15:56:00,2011-04-18 10:04:00,6,3100.09,1646,108,20.130454545454548,95,140,1,Loyal Customers,12,1,0.72,High Risk
15492,2011-11-11 14:53:00,2011-09-26 14:02:00,2,659.46,483,32,18.841714285714286,28,46,0,New / Potential,9,0,0.14333333333333334,Low Risk
15493,2011-11-07 12:04:00,2010-02-23 11:14:00,9,4121.68,1206,289,6.734771241830066,33,622,0,Champions,14,1,0.03333333333333333,Low Risk
15494,2011-11-18 14:51:00,2009-12-10 20:16:00,5,3702.6,3052,307,10.061413043478261,21,707,0,Champions,13,1,0.06333333333333334,Low Risk
15495,2010-11-25 13:46:00,2010-11-25 13:46:00,1,246.5,194,20,12.325,379,0,1,Other,4,0,0.89,High Risk
15496,2010-03-18 13:16:00,2010-03-18 13:16:00,1,146.14,98,22,6.642727272727272,631,0,1,Other,3,0,0.9866666666666667,High Risk
15497,2011-11-22 11:51:00,2009-12-18 15:08:00,9,8657.39,2937,66,71.54867768595041,18,703,0,Champions,15,1,0.03,Low Risk
15498,2011-12-07 12:48:00,2009-12-16 17:27:00,44,24972.86,12134,597,26.538639744952178,3,720,0,Champions,15,1,0.0,Low Risk
15499,2009-12-16 12:17:00,2009-12-16 12:17:00,1,158.65,59,40,3.8695121951219513,724,0,1,Other,3,0,0.9433333333333334,High Risk
15500,2011-12-01 13:47:00,2011-09-19 13:47:00,4,1131.56,572,64,16.640588235294118,8,73,0,Other,11,1,0.32666666666666666,Medium Risk
15501,2010-10-31 11:15:00,2010-10-20 12:47:00,2,399.95,205,64,5.796376811594203,405,10,1,Other,6,0,0.5666666666666667,Medium Risk
15502,2011-11-24 12:48:00,2010-06-03 11:12:00,14,13003.87,5559,231,39.40566666666667,16,539,0,Champions,15,1,0.22,Low Risk
15503,2010-12-12 10:57:00,2009-12-13 11:34:00,2,257.3,130,112,2.1991452991452993,363,363,1,Other,5,0,0.77,High Risk
15504,2011-09-19 13:45:00,2010-02-12 12:34:00,4,402.7,141,42,6.2921875,81,584,0,Other,8,0,0.18666666666666668,Low Risk
15505,2011-10-18 07:56:00,2011-07-07 13:33:00,5,3610.96,2390,90,37.22639175257732,53,102,0,Champions,13,1,0.52,Medium Risk
15506,2011-11-17 12:11:00,2010-08-19 12:38:00,6,2030.33,1637,180,7.437106227106227,23,454,0,Champions,12,1,0.13,Low Risk
15507,2011-06-21 11:19:00,2011-06-21 11:19:00,1,475.86,160,41,10.574666666666667,172,0,1,Other,6,0,0.9533333333333334,High Risk
15508,2011-06-03 15:43:00,2011-04-18 15:31:00,6,1000.27,440,78,10.8725,189,46,1,Loyal Customers,10,0,0.35333333333333333,Medium Risk
15509,2010-11-24 14:48:00,2010-11-24 14:48:00,1,152.41,58,26,5.861923076923077,380,0,1,Other,4,0,0.95,High Risk
15510,2011-01-13 12:10:00,2011-01-13 12:10:00,1,250.0,2,1,250.0,331,0,1,Other,4,0,0.9966666666666667,High Risk
15511,2011-11-28 09:43:00,2011-09-15 15:05:00,5,900.53,269,117,5.699556962025317,12,73,0,Loyal Customers,12,1,0.21,Low Risk
15512,2011-07-07 10:20:00,2010-02-01 13:23:00,4,331.58,235,29,10.361875,156,520,1,Other,8,0,0.77,High Risk
15513,2011-11-06 14:36:00,2010-01-13 14:59:00,35,26437.05,10477,278,48.330987202925044,33,661,0,Champions,14,1,0.0,Low Risk
15514,2011-11-27 14:40:00,2009-12-04 16:37:00,18,6392.06,4087,171,20.16422712933754,12,722,0,Champions,15,1,0.0,Low Risk
15515,2010-11-17 13:39:00,2010-11-17 13:39:00,1,171.81,131,7,24.544285714285714,387,0,1,Other,4,0,0.9,High Risk
15516,2011-10-26 10:51:00,2011-10-24 11:33:00,3,62.43,27,15,4.162,45,1,0,Other,8,0,0.35333333333333333,Medium Risk
15517,2011-04-20 14:02:00,2011-04-20 14:02:00,1,267.03,293,27,9.889999999999999,233,0,1,Other,4,0,0.8866666666666667,High Risk
15518,2011-10-06 13:05:00,2009-12-20 12:21:00,15,4189.99,2810,250,9.352656249999999,64,655,0,Loyal Customers,13,1,0.0033333333333333335,Low Risk
15519,2010-11-21 14:35:00,2010-09-19 13:57:00,2,344.61,116,34,9.313783783783784,383,63,1,Other,6,0,0.91,High Risk
15520,2011-12-08 10:58:00,2011-12-08 10:58:00,1,343.5,314,18,19.083333333333332,2,0,0,New / Potential,8,0,0.25333333333333335,Low Risk
15521,2011-10-30 13:42:00,2010-01-05 10:19:00,16,7098.24,4507,186,17.61349875930521,40,663,0,Champions,14,1,0.013333333333333334,Low Risk
15522,2011-11-07 11:26:00,2011-09-13 12:26:00,2,397.99,572,47,7.106964285714286,33,54,0,New / Potential,8,0,0.11666666666666667,Low Risk
15523,2011-09-16 16:29:00,2009-12-02 15:16:00,16,17259.19,15633,65,81.41127358490566,84,653,0,Loyal Customers,13,1,0.0,Low Risk
15524,2011-11-15 12:09:00,2010-04-12 09:19:00,2,591.4,28,9,65.71111111111111,25,582,0,New / Potential,8,0,0.10666666666666667,Low Risk
15525,2011-12-07 14:43:00,2010-11-22 12:10:00,4,890.22,527,152,4.945666666666667,2,380,0,Other,11,1,0.09666666666666666,Low Risk
15526,2011-11-06 15:04:00,2011-11-06 15:01:00,2,148.44,24,4,37.11,33,0,0,New / Potential,7,0,0.29,Low Risk
15527,2011-11-21 12:17:00,2009-12-15 17:31:00,23,5554.89,2211,226,16.884164133738604,19,705,0,Champions,15,1,0.006666666666666667,Low Risk
15528,2011-03-30 16:14:00,2011-03-30 16:14:00,1,229.33,123,26,8.820384615384615,254,0,1,Other,4,0,0.9866666666666667,High Risk
15529,2011-11-17 11:29:00,2010-11-10 14:26:00,12,4783.66,4271,451,6.093834394904459,23,371,0,Champions,14,1,0.12666666666666668,Low Risk
15530,2011-11-18 12:25:00,2010-07-15 11:10:00,5,1808.68,1328,111,12.737183098591549,22,491,0,Champions,12,1,0.14,Low Risk
15531,2011-12-01 18:43:00,2011-11-09 17:47:00,2,1972.39,1085,196,9.00634703196347,8,22,0,High Value Customers,11,1,0.14,Low Risk
15532,2011-11-14 14:51:00,2010-06-08 14:52:00,10,3738.85,1337,417,6.059724473257698,25,523,0,Champions,14,1,0.11333333333333333,Low Risk
15533,2011-11-20 15:35:00,2011-09-11 15:41:00,3,807.57,289,73,9.729759036144578,19,69,0,Other,11,1,0.17333333333333334,Low Risk
15534,2009-12-14 12:48:00,2009-12-14 12:48:00,1,162.25,63,8,20.28125,726,0,1,Other,3,0,0.8,High Risk
15535,2011-06-19 16:02:00,2010-09-16 20:04:00,6,1044.37,314,88,8.033615384615384,173,275,1,Loyal Customers,10,0,0.81,High Risk
15536,2010-10-26 16:31:00,2010-10-26 16:31:00,1,259.09,242,16,16.193125,409,0,1,Other,4,0,0.8966666666666666,High Risk
15537,2011-06-29 13:10:00,2011-06-29 13:10:00,1,110.92,29,24,4.621666666666667,163,0,1,Other,5,0,0.8766666666666667,High Risk
15538,2010-06-20 10:49:00,2010-02-14 12:38:00,6,3358.4,1016,3,239.8857142857143,538,125,1,At Risk,10,0,0.8233333333333334,High Risk
15539,2011-12-02 13:36:00,2011-12-02 13:36:00,1,538.46,410,41,13.133170731707319,7,0,0,New / Potential,8,0,0.2,Low Risk
15540,2011-11-28 13:51:00,2010-11-29 11:10:00,2,460.68,444,31,14.860645161290323,11,364,0,New / Potential,9,0,0.16666666666666666,Low Risk
15541,2011-08-17 14:58:00,2011-08-17 14:58:00,1,85.13000000000001,49,29,2.9355172413793107,114,0,1,Other,5,0,0.94,High Risk
15542,2010-07-15 13:32:00,2009-12-02 11:53:00,3,855.71,418,212,3.7863274336283186,512,225,1,At Risk,7,0,0.8333333333333334,High Risk
15543,2011-02-24 15:26:00,2010-09-06 11:28:00,2,242.26,167,50,4.326071428571429,288,171,1,Other,5,0,0.9366666666666666,High Risk
15544,2011-11-30 16:43:00,2010-01-28 14:39:00,20,7807.89,6745,175,14.704124293785311,9,671,0,Champions,15,1,0.0,Low Risk
15545,2011-10-16 13:24:00,2010-12-03 17:28:00,2,288.96999999999997,162,78,3.612125,54,316,0,New / Potential,8,0,0.2866666666666667,Low Risk
15546,2010-04-12 11:51:00,2010-04-12 11:45:00,2,1079.1000000000001,198,6,89.92500000000001,607,0,1,Other,6,0,0.78,High Risk
15547,2011-12-02 12:52:00,2009-12-06 13:40:00,26,10057.05,7278,652,7.550337837837837,7,725,0,Champions,15,1,0.0,Low Risk
15548,2010-04-23 12:20:00,2010-04-23 12:20:00,1,158.09,64,23,6.8734782608695655,596,0,1,Other,3,0,0.9766666666666667,High Risk
15549,2011-09-23 16:22:00,2010-01-11 13:16:00,8,2334.16,936,139,14.497888198757764,77,620,0,Loyal Customers,11,1,0.013333333333333334,Low Risk
15550,2011-12-05 15:38:00,2009-12-03 15:15:00,12,2211.05,1139,166,9.40872340425532,4,732,0,Champions,14,1,0.0033333333333333335,Low Risk
15551,2011-11-03 12:37:00,2010-06-07 15:05:00,7,1679.81,796,117,11.746923076923077,37,513,0,Champions,12,1,0.15333333333333332,Low Risk
15552,2011-05-06 14:47:00,2010-03-26 16:17:00,2,252.52,166,29,8.417333333333334,217,405,1,Other,5,0,0.8633333333333333,High Risk
15553,2011-10-10 14:02:00,2011-10-10 14:02:00,1,428.93,449,51,7.798727272727273,60,0,0,Other,6,0,0.22333333333333333,Low Risk
15554,2011-03-07 09:00:00,2011-03-07 09:00:00,1,217.2,74,14,15.514285714285714,278,0,1,Other,4,0,0.96,High Risk
15555,2011-11-27 16:19:00,2009-12-06 11:58:00,36,11243.91,8511,667,7.067196731615336,12,721,0,Champions,15,1,0.0,Low Risk
15556,2011-11-15 16:08:00,2011-11-15 16:08:00,1,279.77,236,31,9.024838709677418,24,0,0,New / Potential,6,0,0.21666666666666667,Low Risk
15557,2011-11-11 12:46:00,2011-11-11 12:46:00,1,468.91,213,16,24.679473684210528,29,0,0,New / Potential,7,0,0.2733333333333333,Low Risk
15558,2010-03-10 15:25:00,2010-03-10 15:25:00,1,202.68,73,23,8.812173913043479,639,0,1,Other,3,0,1.0,High Risk
15559,2010-05-20 14:06:00,2010-05-20 14:06:00,1,1109.4,526,62,17.893548387096775,568,0,1,Other,5,0,0.9633333333333334,High Risk
15560,2010-11-07 10:15:00,2010-11-07 10:14:00,2,153.52,72,10,15.352,398,0,1,Other,5,0,0.9433333333333334,High Risk
15561,2011-11-28 11:07:00,2010-02-14 12:22:00,8,1934.3899999999999,1334,65,21.025978260869564,12,651,0,Champions,13,1,0.013333333333333334,Low Risk
15562,2010-12-23 09:55:00,2009-12-13 15:17:00,3,671.4300000000001,560,32,20.346363636363638,352,374,1,At Risk,8,0,0.8133333333333334,High Risk
15563,2011-11-17 14:50:00,2010-01-28 11:36:00,7,2859.46,3005,179,11.126303501945525,22,658,0,Champions,12,1,0.013333333333333334,Low Risk
15564,2010-09-02 15:52:00,2010-02-01 15:58:00,2,70.74000000000001,42,4,17.685000000000002,463,212,1,Other,4,0,0.9,High Risk
15565,2011-10-20 14:33:00,2011-09-30 10:44:00,2,173.16000000000003,60,8,21.645000000000003,50,20,0,New / Potential,7,0,0.7433333333333333,High Risk
15566,2010-11-12 12:11:00,2009-12-15 14:53:00,2,227.87,153,9,18.989166666666666,393,331,1,Other,5,0,0.8666666666666667,High Risk
15567,2011-11-21 10:48:00,2011-11-21 10:48:00,1,186.01,223,7,26.572857142857142,19,0,0,New / Potential,7,0,0.26666666666666666,Low Risk
15568,2011-12-07 11:27:00,2011-09-27 14:37:00,3,758.29,461,27,14.307358490566036,3,70,0,Other,11,1,0.49,Medium Risk
15569,2011-08-28 10:15:00,2010-02-28 10:55:00,10,3583.45,1734,123,25.596071428571427,104,545,1,Loyal Customers,13,1,0.7266666666666667,High Risk
15570,2011-12-02 14:47:00,2010-03-28 14:04:00,25,8736.49,4079,442,11.967794520547946,7,614,0,Champions,15,1,0.3333333333333333,Medium Risk
15571,2011-11-28 10:02:00,2009-12-06 12:10:00,14,3892.35,2411,442,6.4872499999999995,12,721,0,Champions,15,1,0.0033333333333333335,Low Risk
15572,2011-12-05 10:09:00,2010-04-14 14:38:00,10,3965.2,2089,259,11.560349854227404,5,599,0,Champions,15,1,0.043333333333333335,Low Risk
15573,2011-11-08 11:38:00,2009-12-10 14:19:00,5,1188.42,770,181,5.632322274881517,32,697,0,Loyal Customers,11,1,0.006666666666666667,Low Risk
15574,2011-06-15 12:01:00,2010-09-01 14:37:00,6,1101.44,750,191,4.788869565217391,178,286,1,Loyal Customers,10,0,0.5566666666666666,Medium Risk
15575,2010-03-30 12:50:00,2010-03-30 12:50:00,1,30.1,6,3,10.033333333333333,620,0,1,Other,3,0,0.9466666666666667,High Risk
15576,2011-11-02 12:03:00,2011-11-02 12:03:00,1,921.37,394,43,21.427209302325583,38,0,0,New / Potential,8,0,0.22,Low Risk
15577,2011-07-11 17:03:00,2009-12-13 16:17:00,5,396.03,120,58,6.712372881355932,151,575,1,Loyal Customers,9,0,0.8,High Risk
15578,2011-06-30 13:03:00,2011-06-30 13:03:00,1,127.1,52,13,9.776923076923076,162,0,1,Other,5,0,0.9666666666666667,High Risk
15579,2011-10-02 12:45:00,2010-10-03 14:37:00,5,1250.63,713,140,7.767888198757765,69,363,0,Loyal Customers,11,1,0.09666666666666666,Low Risk
15580,2010-11-28 11:00:00,2010-02-07 11:21:00,8,1375.39,955,150,6.112844444444445,377,293,1,At Risk,10,0,0.7766666666666666,High Risk
15581,2011-08-11 09:38:00,2009-12-02 12:19:00,38,7480.4,3028,542,10.93625730994152,121,616,1,Loyal Customers,13,1,0.7066666666666667,High Risk
15582,2011-11-15 09:55:00,2011-05-03 13:36:00,3,682.9100000000001,453,39,15.52068181818182,25,195,0,Other,10,0,0.19,Low Risk
15583,2010-11-28 15:04:00,2010-11-28 15:04:00,1,95.96,56,37,2.4605128205128204,376,0,1,Other,4,0,0.6266666666666667,High Risk
15584,2011-11-16 10:55:00,2010-02-07 12:16:00,6,1268.2,483,174,5.764545454545455,24,646,0,Champions,12,1,0.013333333333333334,Low Risk
15585,2011-06-16 08:38:00,2011-06-16 08:38:00,1,455.3,320,31,14.687096774193549,177,0,1,Other,6,0,0.67,High Risk
15586,2010-04-26 11:00:00,2010-01-08 10:02:00,3,1139.1000000000001,1338,30,29.976315789473688,593,108,1,At Risk,7,0,0.8933333333333333,High Risk
15587,2011-10-20 13:37:00,2010-08-05 08:44:00,7,1522.08,528,3,108.72,50,441,0,Champions,12,1,0.6066666666666667,High Risk
15588,2010-01-31 12:19:00,2010-01-31 12:19:00,1,579.6,96,4,144.9,678,0,1,Other,4,0,0.9033333333333333,High Risk
15589,2011-03-29 09:54:00,2011-02-02 10:46:00,3,478.53,243,28,16.50103448275862,256,54,1,At Risk,7,0,0.83,High Risk
15590,2010-11-22 14:49:00,2010-04-12 10:09:00,5,1496.6,832,75,17.20229885057471,382,224,1,At Risk,10,0,0.9,High Risk
15591,2010-05-06 09:23:00,2010-02-04 09:20:00,3,217.9,58,6,31.12857142857143,583,91,1,At Risk,5,0,0.8266666666666667,High Risk
15592,2011-10-24 08:59:00,2011-10-24 08:59:00,1,388.58,354,24,16.190833333333334,47,0,0,New / Potential,7,0,0.21666666666666667,Low Risk
15593,2011-09-30 11:46:00,2011-09-30 11:46:00,1,199.8,60,5,39.96,71,0,0,Other,5,0,0.2866666666666667,Low Risk
15594,2011-11-24 08:53:00,2011-04-19 10:08:00,5,1771.78,983,85,17.201747572815535,16,218,0,Champions,13,1,0.28,Low Risk
15595,2010-08-09 12:27:00,2010-08-09 12:27:00,1,357.59999999999997,144,4,89.39999999999999,488,0,1,Other,4,0,0.8233333333333334,High Risk
15596,2011-08-31 10:55:00,2010-07-28 11:46:00,9,2727.72,1208,82,17.598193548387094,101,398,1,Loyal Customers,12,1,0.27666666666666667,Low Risk
15597,2011-11-04 13:26:00,2010-05-13 13:10:00,2,563.37,393,35,15.226216216216216,35,540,0,New / Potential,8,0,0.08333333333333333,Low Risk
15598,2011-10-17 16:04:00,2010-10-08 09:20:00,2,548.02,404,32,15.222777777777777,53,374,0,New / Potential,8,0,0.14,Low Risk
15599,2011-11-13 11:44:00,2010-09-20 10:15:00,3,1250.06,1098,77,15.060963855421686,27,419,0,High Value Customers,11,1,0.42,Medium Risk
15600,2010-10-07 14:30:00,2010-04-25 11:50:00,4,1199.31,657,55,16.89169014084507,428,165,1,At Risk,7,0,0.8166666666666667,High Risk
15601,2011-11-28 15:15:00,2009-12-01 14:53:00,30,14191.74,10395,310,17.222985436893204,11,727,0,Champions,15,1,0.0,Low Risk
15602,2011-12-01 14:14:00,2009-12-02 09:35:00,16,3137.96,2292,62,25.10368,8,729,0,Champions,15,1,0.006666666666666667,Low Risk
15603,2011-09-22 10:04:00,2010-03-01 16:02:00,2,88.48,128,4,22.12,79,569,0,Other,6,0,0.14333333333333334,Low Risk
15604,2011-10-18 14:47:00,2011-10-18 14:47:00,1,216.39000000000001,159,17,12.728823529411766,52,0,0,New / Potential,6,0,0.8233333333333334,High Risk
15605,2011-11-03 14:17:00,2010-01-14 14:03:00,9,1741.95,641,80,17.595454545454547,36,658,0,Champions,13,1,0.023333333333333334,Low Risk
15606,2011-10-09 15:47:00,2010-03-02 14:48:00,17,5230.99,1615,84,36.07579310344828,61,586,0,Loyal Customers,13,1,0.11333333333333333,Low Risk
15607,2011-01-07 12:44:00,2010-01-08 12:16:00,9,1708.97,1470,95,15.67862385321101,337,364,1,At Risk,11,1,0.7566666666666667,High Risk
15608,2011-11-11 13:20:00,2010-10-20 10:10:00,5,1785.98,1262,93,17.009333333333334,28,387,0,Champions,12,1,0.19666666666666666,Low Risk
15609,2011-06-08 13:00:00,2011-06-08 13:00:00,1,298.48,148,16,18.655,184,0,1,Other,6,0,0.9433333333333334,High Risk
15610,2011-10-19 10:36:00,2011-10-19 10:36:00,1,112.46000000000001,66,6,18.743333333333336,52,0,0,New / Potential,6,0,0.2833333333333333,Low Risk
15611,2011-11-30 12:36:00,2010-01-25 14:50:00,26,2997.28,747,43,31.88595744680851,10,673,0,Champions,15,1,0.03,Low Risk
15612,2011-11-03 14:52:00,2011-10-09 12:49:00,2,195.15,52,4,32.525,36,25,0,New / Potential,7,0,0.54,Medium Risk
15613,2010-04-08 12:51:00,2010-04-08 12:51:00,1,433.71999999999997,700,27,16.063703703703702,610,0,1,Other,4,0,0.8633333333333333,High Risk
15614,2010-09-28 10:46:00,2010-03-23 11:13:00,4,3147.36,1632,73,38.8562962962963,438,188,1,At Risk,9,0,0.9133333333333333,High Risk
15615,2011-11-29 14:42:00,2009-12-02 15:28:00,47,21373.97,12090,292,23.72249722530522,10,726,0,Champions,15,1,0.0,Low Risk
15616,2010-09-27 13:10:00,2010-09-27 13:10:00,1,317.11,137,13,24.393076923076926,438,0,1,Other,4,0,0.9266666666666666,High Risk
15617,2010-11-08 16:07:00,2010-07-20 13:16:00,3,828.5500000000001,485,41,19.727380952380955,396,111,1,At Risk,8,0,0.8166666666666667,High Risk
15618,2011-11-07 08:34:00,2011-07-26 10:13:00,4,776.851,454,39,17.263355555555556,33,103,0,Other,10,1,0.5433333333333333,Medium Risk
15619,2011-11-29 08:14:00,2011-11-29 08:14:00,1,336.4,136,3,112.13333333333333,11,0,0,New / Potential,8,0,0.3566666666666667,Medium Risk
15620,2011-10-14 12:41:00,2010-10-26 11:32:00,4,1942.36,1249,114,15.05705426356589,57,353,0,High Value Customers,11,1,0.18,Low Risk
15621,2011-12-05 14:01:00,2011-11-18 11:49:00,4,1293.03,501,11,80.814375,4,17,0,High Value Customers,12,1,0.25666666666666665,Low Risk
15622,2011-10-27 16:44:00,2010-03-04 10:29:00,17,7852.610000000001,4091,331,18.43335680751174,43,602,0,Champions,14,1,0.02,Low Risk
15623,2011-07-21 17:26:00,2009-12-10 14:46:00,8,2437.05,1087,91,22.56527777777778,141,588,1,Loyal Customers,11,1,0.78,High Risk
15624,2011-08-15 11:38:00,2011-03-28 13:32:00,4,588.13,357,26,17.297941176470587,117,139,1,Other,8,0,0.5833333333333334,Medium Risk
15625,2011-08-28 10:21:00,2010-06-15 15:23:00,9,3236.4,3020,106,18.926315789473684,104,438,1,Loyal Customers,13,1,0.73,High Risk
15626,2011-09-26 10:03:00,2010-10-14 17:16:00,3,1067.52,1138,73,13.344,75,346,0,Other,9,0,0.2,Low Risk
15627,2010-09-08 14:14:00,2010-07-05 11:56:00,2,566.9,344,23,23.620833333333334,457,65,1,Other,5,0,0.8866666666666667,High Risk
15628,2011-12-05 10:24:00,2009-12-13 13:39:00,17,5333.08,3569,136,17.83638795986622,5,721,0,Champions,15,1,0.0033333333333333335,Low Risk
15629,2010-09-15 13:46:00,2010-06-25 11:39:00,4,2240.9,1518,39,29.102597402597404,450,82,1,At Risk,8,0,0.82,High Risk
15630,2011-10-25 15:36:00,2010-03-05 14:30:00,3,1481.4,987,76,18.517500000000002,45,599,0,High Value Customers,11,1,0.06333333333333334,Low Risk
15631,2010-03-07 14:52:00,2010-03-07 14:52:00,1,596.67,525,39,15.299230769230768,642,0,1,Other,4,0,0.64,High Risk
15632,2011-11-24 09:51:00,2011-03-10 08:29:00,8,3285.31,2109,107,19.67251497005988,16,259,0,Champions,14,1,0.14,Low Risk
15633,2010-07-18 13:54:00,2009-12-08 17:51:00,13,4335.96,2048,77,24.636136363636364,509,221,1,At Risk,11,1,0.26,Low Risk
15634,2011-11-22 16:28:00,2010-11-21 15:30:00,2,554.65,227,34,16.313235294117646,17,366,0,New / Potential,9,0,0.2,Low Risk
15635,2010-11-09 08:58:00,2010-11-09 08:58:00,1,100.35,5,2,50.175,396,0,1,Other,4,0,0.89,High Risk
15636,2011-09-11 11:17:00,2010-05-19 11:37:00,4,1444.58,560,39,25.343508771929823,90,479,0,High Value Customers,10,0,0.23666666666666666,Low Risk
15637,2011-10-18 08:28:00,2009-12-15 17:54:00,5,797.59,651,37,19.45341463414634,53,671,0,Loyal Customers,11,1,0.013333333333333334,Low Risk
15638,2010-11-26 11:52:00,2010-04-08 14:37:00,6,2265.2,1134,20,90.60799999999999,379,231,1,At Risk,10,0,0.8266666666666667,High Risk
15639,2011-07-28 14:30:00,2010-04-13 13:11:00,3,1065.08,849,61,15.435942028985506,134,471,1,Other,9,0,0.86,High Risk
15640,2011-12-05 14:35:00,2009-12-14 16:36:00,29,23494.31,12140,303,31.409505347593583,4,720,0,Champions,15,1,0.0,Low Risk
15641,2011-08-26 14:04:00,2009-12-06 15:31:00,12,5345.55,4422,249,17.188263665594857,105,627,1,Loyal Customers,13,1,0.6533333333333333,High Risk
15642,2009-12-10 11:51:00,2009-12-10 11:51:00,1,105.78,270,6,17.63,730,0,1,Other,3,0,0.86,High Risk
15643,2011-06-01 07:38:00,2011-03-02 14:34:00,3,664.0,246,31,20.12121212121212,192,90,1,At Risk,8,0,0.67,High Risk
15644,2011-06-26 14:54:00,2011-03-23 15:37:00,4,803.54,550,166,3.4635344827586207,166,94,1,Other,9,0,0.8,High Risk
15645,2011-11-21 11:55:00,2010-10-10 12:51:00,3,1055.17,396,59,15.517205882352942,19,406,0,Other,11,1,0.18666666666666668,Low Risk
15646,2011-07-05 09:53:00,2010-10-25 13:06:00,5,784.8100000000001,821,65,11.541323529411766,158,252,1,Loyal Customers,10,0,0.8366666666666667,High Risk
15647,2010-10-20 15:09:00,2010-10-20 15:09:00,1,169.0,124,11,15.363636363636363,415,0,1,Other,3,0,0.9233333333333333,High Risk
15648,2011-05-19 15:53:00,2011-03-17 18:59:00,2,639.5,218,23,26.645833333333332,204,62,1,Other,7,0,0.84,High Risk
15649,2011-01-07 13:34:00,2010-11-17 16:22:00,4,1660.35,365,8,150.9409090909091,336,50,1,At Risk,9,0,0.7533333333333333,High Risk
15650,2010-07-06 10:41:00,2010-03-21 11:46:00,2,553.88,210,33,15.385555555555555,522,106,1,Other,5,0,0.8833333333333333,High Risk
15651,2011-11-03 08:41:00,2010-04-22 13:26:00,5,1259.06,871,52,20.984333333333332,37,559,0,Champions,12,1,0.08333333333333333,Low Risk
15652,2011-09-09 14:22:00,2010-08-11 16:58:00,5,1405.94,657,93,13.78372549019608,91,393,1,Loyal Customers,11,1,0.84,High Risk
15653,2011-09-08 10:49:00,2011-08-16 09:50:00,2,877.44,1200,4,146.24,93,23,1,Other,8,0,0.85,High Risk
15654,2011-11-30 13:08:00,2011-11-13 15:15:00,2,922.53,475,15,43.93,9,16,0,New / Potential,10,1,0.23666666666666666,Low Risk
15655,2011-04-10 15:25:00,2011-04-10 15:25:00,1,560.6700000000001,324,34,16.49029411764706,243,0,1,Other,5,0,0.95,High Risk
15656,2011-10-25 14:56:00,2011-02-28 15:32:00,4,748.5,343,46,15.925531914893616,45,238,0,Other,10,0,0.23666666666666666,Low Risk
15657,2011-11-17 12:19:00,2011-11-17 12:19:00,1,30.0,24,1,30.0,23,0,0,New / Potential,6,0,0.33,Medium Risk
15658,2011-06-02 15:22:00,2009-12-03 11:19:00,8,2117.27,627,79,20.757549019607843,190,546,1,At Risk,10,1,0.84,High Risk
15659,2011-10-27 09:23:00,2010-02-24 13:32:00,3,532.49,161,14,25.356666666666666,44,609,0,Other,9,0,0.04,Low Risk
15660,2011-11-14 16:58:00,2010-02-05 16:01:00,15,2603.69,1783,73,17.24298013245033,25,647,0,Champions,13,1,0.023333333333333334,Low Risk
15661,2011-01-26 13:56:00,2010-05-10 07:59:00,8,1215.95,779,27,27.635227272727274,317,261,1,At Risk,9,0,0.75,High Risk
15662,2010-02-16 16:47:00,2009-12-01 13:49:00,2,283.73,145,12,23.644166666666667,661,77,1,Other,4,0,0.8833333333333333,High Risk
15663,2011-08-25 15:50:00,2011-08-25 15:50:00,1,138.14,106,9,15.348888888888887,106,0,1,Other,5,0,0.9166666666666666,High Risk
15664,2011-10-20 10:57:00,2010-02-28 12:50:00,4,1254.03,530,54,17.914714285714286,51,598,0,High Value Customers,11,1,0.06333333333333334,Low Risk
15665,2011-06-24 14:57:00,2010-03-14 15:07:00,5,3987.07,2777,163,13.940804195804196,168,466,1,Loyal Customers,12,1,0.7733333333333333,High Risk
15666,2010-08-24 16:14:00,2010-08-01 15:41:00,2,632.94,469,62,9.446865671641792,472,23,1,Other,6,0,0.83,High Risk
15667,2011-10-31 10:56:00,2011-10-31 10:56:00,1,301.32000000000005,240,13,23.17846153846154,40,0,0,New / Potential,7,0,0.31666666666666665,Medium Risk
15668,2011-05-06 10:39:00,2011-05-06 10:39:00,1,76.32000000000001,72,1,76.32000000000001,218,0,1,Other,4,0,1.0,High Risk
15669,2011-10-30 16:03:00,2011-03-21 09:13:00,4,684.34,342,31,20.737575757575758,40,223,0,Other,10,0,0.15,Low Risk
15670,2011-02-16 10:50:00,2010-06-01 15:34:00,2,325.2,132,19,17.11578947368421,297,259,1,Other,6,0,0.8733333333333333,High Risk
15671,2011-11-21 12:43:00,2011-03-14 09:37:00,7,2657.13,1699,52,34.065769230769234,19,252,0,Champions,13,1,0.10666666666666667,Low Risk
15672,2009-12-14 16:52:00,2009-12-14 16:52:00,1,45.300000000000004,10,3,15.100000000000001,725,0,1,Other,3,0,0.99,High Risk
15673,2011-09-12 16:12:00,2010-02-22 14:28:00,9,6204.32,3274,177,23.15044776119403,88,567,0,Loyal Customers,13,1,0.04,Low Risk
15674,2011-09-27 15:17:00,2009-12-08 17:08:00,13,6948.2300000000005,3648,262,19.795527065527068,73,657,0,Loyal Customers,13,1,0.0,Low Risk
15675,2011-09-19 13:48:00,2010-10-31 14:14:00,4,542.04,624,32,15.486857142857142,81,322,0,Other,8,0,0.25,Low Risk
15676,2011-11-21 12:40:00,2011-03-01 10:19:00,3,3435.76,2252,191,17.00871287128713,19,265,0,High Value Customers,13,1,0.13666666666666666,Low Risk
15677,2011-10-21 15:36:00,2010-09-02 12:08:00,3,1305.6299999999999,675,63,18.13375,49,414,0,High Value Customers,11,0,0.6433333333333333,High Risk
15678,2011-10-18 09:25:00,2010-07-05 12:49:00,3,1825.94,1022,77,19.84717391304348,53,469,0,High Value Customers,11,1,0.27,Low Risk
15679,2011-11-15 16:19:00,2011-06-10 08:24:00,4,781.28,1170,98,7.102545454545455,24,158,0,Other,10,1,0.14333333333333334,Low Risk
15680,2011-11-30 13:46:00,2009-12-02 12:15:00,10,4028.69,2743,155,17.07072033898305,9,728,0,Champions,15,1,0.0,Low Risk
15681,2011-11-14 16:30:00,2010-05-24 14:18:00,14,2989.7000000000003,1392,48,33.97386363636364,25,539,0,Champions,14,1,0.09333333333333334,Low Risk
15682,2010-04-19 15:30:00,2010-01-21 14:37:00,2,318.24,222,25,12.7296,599,88,1,Other,5,0,0.7433333333333333,High Risk
15683,2011-08-14 12:56:00,2010-08-23 12:01:00,2,524.54,332,25,20.174615384615382,117,356,1,Other,7,0,0.79,High Risk
15684,2010-06-10 18:51:00,2009-12-04 16:13:00,3,173.95,77,9,15.813636363636363,547,188,1,At Risk,5,0,0.8666666666666667,High Risk
15685,2010-09-15 13:43:00,2010-09-15 13:43:00,1,55.980000000000004,36,17,3.2929411764705883,450,0,1,Other,3,0,0.85,High Risk
15686,2010-10-15 13:50:00,2010-10-15 13:50:00,1,90.0,72,1,90.0,420,0,1,Other,3,0,0.9833333333333333,High Risk
15687,2011-12-01 08:33:00,2011-01-13 15:13:00,9,2993.1,1310,119,18.030722891566263,9,321,0,Champions,15,1,0.4033333333333333,Medium Risk
15688,2010-10-17 12:06:00,2010-10-17 12:06:00,1,190.57,95,26,7.058148148148148,419,0,1,Other,3,0,0.99,High Risk
15689,2011-08-12 09:37:00,2010-04-01 09:53:00,3,521.03,207,20,21.70958333333333,120,497,1,Other,8,0,0.8133333333333334,High Risk
15690,2011-12-05 15:59:00,2011-08-31 11:40:00,2,239.76,408,19,12.618947368421052,4,96,0,New / Potential,8,0,0.5033333333333333,Medium Risk
15691,2011-04-01 15:13:00,2009-12-06 16:01:00,4,571.3,212,12,40.80714285714286,252,480,1,At Risk,7,0,0.67,High Risk
15692,2011-11-11 14:12:00,2011-11-11 14:12:00,1,191.04,138,12,15.92,28,0,0,New / Potential,6,0,0.2966666666666667,Low Risk
15693,2010-02-18 14:37:00,2010-02-18 14:37:00,1,37.5,30,1,37.5,659,0,1,Other,3,0,0.9766666666666667,High Risk
15694,2011-12-09 09:44:00,2009-12-07 15:43:00,24,9978.48,2467,55,69.77958041958041,1,731,0,Champions,15,1,0.0,Low Risk
15695,2011-03-18 08:32:00,2010-01-27 10:56:00,4,1131.04,484,55,19.170169491525424,267,414,1,At Risk,8,0,0.73,High Risk
15696,2011-11-06 14:02:00,2010-01-24 14:36:00,13,3881.2200000000003,1386,163,17.562081447963802,33,650,0,Champions,14,1,0.01,Low Risk
15697,2010-01-19 09:10:00,2010-01-19 09:10:00,1,246.75,127,14,17.625,690,0,1,Other,3,0,0.8533333333333334,High Risk
15698,2010-03-25 17:38:00,2010-03-25 17:38:00,1,46.2,60,2,23.1,624,0,1,Other,3,0,0.9566666666666667,High Risk
15699,2011-11-22 08:26:00,2011-11-22 08:26:00,1,309.65,113,18,17.202777777777776,18,0,0,New / Potential,8,0,0.9366666666666666,High Risk
15700,2011-06-20 16:53:00,2011-06-19 15:36:00,2,696.68,357,85,8.10093023255814,172,1,1,Other,8,0,0.8566666666666667,High Risk
15701,2011-12-07 14:39:00,2011-08-21 12:36:00,4,1529.0,912,193,6.647826086956521,2,108,0,High Value Customers,12,1,0.5633333333333334,Medium Risk
15702,2010-08-20 14:50:00,2010-01-26 17:23:00,2,140.39,103,30,4.679666666666666,476,205,1,Other,4,0,0.86,High Risk
15703,2011-03-20 10:51:00,2011-03-20 10:51:00,1,211.5,66,5,42.3,265,0,1,Other,4,0,0.86,High Risk
15704,2011-07-22 13:35:00,2010-05-05 14:51:00,6,3734.6600000000003,1709,129,18.3071568627451,140,442,1,Loyal Customers,12,1,0.76,High Risk
15705,2011-05-22 15:37:00,2011-05-22 15:37:00,1,143.1,62,6,23.849999999999998,201,0,1,Other,4,0,0.95,High Risk
15706,2011-10-07 10:09:00,2011-08-15 14:32:00,4,1060.56,321,50,19.28290909090909,64,52,0,Other,9,0,0.06666666666666667,Low Risk
15707,2011-11-04 14:35:00,2011-09-14 14:19:00,4,916.98,594,126,4.473073170731707,35,51,0,Other,10,1,0.24333333333333335,Low Risk
15708,2011-10-30 10:54:00,2010-10-10 11:33:00,9,3887.15,1465,135,11.534569732937685,41,384,0,Champions,14,1,0.17,Low Risk
15709,2011-03-01 10:38:00,2010-04-29 18:31:00,2,327.85,169,26,12.142592592592594,284,305,1,Other,6,0,0.8966666666666666,High Risk
15710,2010-10-18 17:05:00,2010-10-18 17:05:00,1,898.87,641,110,8.171545454545454,417,0,1,Other,5,0,0.8866666666666667,High Risk
15711,2010-06-01 12:14:00,2010-01-24 12:13:00,2,420.25,199,25,16.81,557,128,1,Other,5,0,0.7933333333333333,High Risk
15712,2011-11-30 14:09:00,2009-12-01 11:17:00,12,3472.41,1277,86,20.91813253012048,9,729,0,Champions,15,1,0.0,Low Risk
15713,2011-07-19 13:34:00,2009-12-16 09:41:00,4,839.64,451,48,16.146923076923077,143,580,1,Other,9,0,0.73,High Risk
15714,2011-11-28 11:26:00,2010-06-02 12:08:00,5,783.96,361,45,16.3325,12,543,0,Loyal Customers,12,1,0.13,Low Risk
15715,2010-06-02 09:56:00,2010-03-30 12:17:00,5,658.02,246,33,17.316315789473684,556,63,1,At Risk,8,0,0.8433333333333334,High Risk
15716,2011-07-17 11:59:00,2009-12-07 12:42:00,11,2485.26,1379,188,8.68972027972028,146,586,1,Loyal Customers,12,1,0.7933333333333333,High Risk
15717,2011-04-19 13:21:00,2010-04-26 10:41:00,5,607.0,224,17,25.291666666666668,234,358,1,At Risk,8,0,0.7833333333333333,High Risk
15718,2010-06-17 16:20:00,2010-06-17 16:20:00,1,293.79,95,18,16.32166666666667,540,0,1,Other,4,0,0.9833333333333333,High Risk
15719,2011-11-07 12:29:00,2009-12-01 12:47:00,31,10195.97,5356,449,5.760435028248587,33,705,0,Champions,14,1,0.0,Low Risk
15720,2011-11-15 14:48:00,2010-06-07 15:40:00,2,739.22,327,152,4.831503267973856,24,525,0,New / Potential,9,0,0.28,Low Risk
15721,2011-11-28 12:14:00,2011-11-28 12:14:00,1,471.40000000000003,388,80,5.611904761904762,12,0,0,New / Potential,8,0,0.12,Low Risk
15722,2011-11-04 11:43:00,2010-03-09 15:05:00,11,5234.0,2279,91,29.40449438202247,36,604,0,Champions,14,1,0.1,Low Risk
15723,2010-12-10 11:12:00,2010-05-14 12:55:00,4,930.7,427,108,7.566666666666667,365,209,1,At Risk,8,0,0.8566666666666667,High Risk
15724,2011-05-22 14:40:00,2010-11-04 10:22:00,3,310.85,117,17,18.28529411764706,201,199,1,At Risk,7,0,0.8733333333333333,High Risk
15725,2011-11-24 14:51:00,2011-11-24 14:51:00,1,415.25,221,32,12.9765625,15,0,0,New / Potential,8,0,0.2833333333333333,Low Risk
15726,2010-11-14 16:12:00,2010-11-14 16:12:00,1,321.91,123,23,13.99608695652174,390,0,1,Other,5,0,0.8833333333333333,High Risk
15727,2011-11-23 12:36:00,2010-01-24 12:12:00,15,9371.71,5908,426,13.681328467153284,17,668,0,Champions,15,1,0.0,Low Risk
15728,2010-11-25 10:39:00,2010-09-21 14:46:00,2,544.6,132,10,45.38333333333333,380,64,1,Other,6,0,0.94,High Risk
15729,2011-05-11 12:36:00,2010-11-01 13:44:00,3,192.55,47,10,17.504545454545454,213,190,1,At Risk,6,0,0.9,High Risk
15730,2011-10-05 12:31:00,2010-10-04 14:15:00,5,1726.58,1061,102,15.554774774774774,66,365,0,Loyal Customers,11,1,0.47333333333333333,Medium Risk
15731,2010-06-04 10:10:00,2010-06-04 10:10:00,1,125.3,122,8,15.6625,554,0,1,Other,3,0,0.96,High Risk
15732,2011-05-11 14:24:00,2010-02-04 10:10:00,10,1543.97,1264,53,15.595656565656565,212,461,1,At Risk,11,1,0.85,High Risk
15733,2011-03-02 09:05:00,2011-03-02 09:05:00,1,162.3,62,10,16.23,283,0,1,Other,4,0,0.9733333333333334,High Risk
15734,2011-08-17 10:50:00,2010-06-10 14:25:00,4,2263.3,516,36,52.63488372093024,115,432,1,High Value Customers,10,1,0.91,High Risk
15735,2010-10-14 13:38:00,2010-10-14 13:38:00,1,327.68,206,19,17.246315789473684,421,0,1,Other,4,0,0.7866666666666666,High Risk
15736,2010-09-30 14:20:00,2010-09-30 14:19:00,2,1767.1200000000001,1208,95,17.671200000000002,435,0,1,Other,7,0,0.82,High Risk
15737,2011-11-25 11:21:00,2011-04-11 10:01:00,8,1188.1200000000001,597,60,16.734084507042255,15,228,0,Loyal Customers,12,1,0.6766666666666666,High Risk
15738,2011-11-21 08:26:00,2009-12-10 15:52:00,41,13043.32,9030,70,27.06082987551867,19,710,0,Champions,15,1,0.0033333333333333335,Low Risk
15739,2011-10-04 13:42:00,2011-10-04 13:42:00,1,449.12,472,8,56.14,66,0,0,Other,6,0,0.28,Low Risk
15740,2011-10-21 14:29:00,2011-10-21 14:29:00,1,154.88,152,9,17.20888888888889,49,0,0,New / Potential,6,0,0.3,Low Risk
15741,2010-09-07 16:21:00,2010-03-31 11:55:00,2,208.62,70,11,17.385,458,160,1,Other,4,0,0.47,Medium Risk
15742,2010-03-30 15:25:00,2010-03-30 15:25:00,1,156.87,51,41,3.82609756097561,619,0,1,Other,3,0,0.9666666666666667,High Risk
15743,2011-11-23 17:19:00,2011-06-08 10:14:00,4,775.96,214,59,9.022790697674418,16,168,0,Other,11,1,0.25333333333333335,Low Risk
15744,2011-09-23 09:52:00,2011-09-23 09:52:00,1,34.8,120,3,11.6,78,0,0,Other,5,0,0.2966666666666667,Low Risk
15745,2011-11-20 13:45:00,2011-04-17 13:04:00,4,1094.5900000000001,421,57,17.65467741935484,19,217,0,Other,11,1,0.30333333333333334,Medium Risk
15746,2011-07-28 15:21:00,2011-07-28 15:21:00,1,196.88,178,28,7.031428571428571,134,0,1,Other,5,0,0.6966666666666667,High Risk
15747,2011-11-27 12:26:00,2010-01-18 11:21:00,9,2499.81,1344,116,11.573194444444445,13,678,0,Champions,14,1,0.006666666666666667,Low Risk
15748,2011-10-30 12:51:00,2010-09-16 16:52:00,3,609.81,261,34,16.939166666666665,40,408,0,Other,10,0,0.19,Low Risk
15749,2011-04-18 13:20:00,2011-01-11 12:55:00,3,44534.3,18028,5,4453.43,235,97,1,At Risk,10,1,0.8066666666666666,High Risk
15750,2011-12-07 12:34:00,2009-12-01 17:19:00,18,6452.991,4281,389,10.275463375796178,3,735,0,Champions,15,1,0.0033333333333333335,Low Risk
15751,2010-09-05 12:44:00,2009-12-06 13:08:00,11,1380.44,443,90,10.618769230769232,461,272,1,At Risk,10,1,0.5566666666666666,Medium Risk
15752,2011-10-31 11:37:00,2010-09-08 11:56:00,9,3924.91,2792,359,6.697798634812287,40,417,0,Champions,14,1,0.13,Low Risk
15753,2011-02-08 12:41:00,2011-02-08 12:41:00,1,79.2,144,1,79.2,305,0,1,Other,4,0,0.8366666666666667,High Risk
15754,2011-10-19 14:40:00,2010-02-22 13:31:00,9,3037.61,1762,114,23.187862595419848,51,604,0,Champions,14,1,0.01,Low Risk
15755,2011-11-29 14:57:00,2009-12-04 08:24:00,17,5993.12,4034,281,16.153962264150945,10,725,0,Champions,15,1,0.0033333333333333335,Low Risk
15756,2011-10-09 13:30:00,2011-04-04 14:00:00,4,528.01,241,160,2.764450261780105,61,187,0,Other,8,0,0.19,Low Risk
15757,2011-10-05 12:14:00,2010-06-10 13:47:00,6,2940.36,1757,162,15.235025906735752,66,481,0,Loyal Customers,12,1,0.27666666666666667,Low Risk
15758,2011-11-15 10:48:00,2011-11-15 10:48:00,1,205.25,47,9,22.805555555555557,25,0,0,New / Potential,6,0,0.6866666666666666,High Risk
15759,2011-05-05 15:13:00,2009-12-02 10:08:00,7,830.9300000000001,523,10,48.87823529411765,218,519,1,At Risk,9,0,0.8033333333333333,High Risk
15760,2010-03-19 11:45:00,2010-03-19 11:35:00,2,13916.34,2,1,6958.17,631,0,1,Other,8,0,0.96,High Risk
15761,2010-09-23 09:33:00,2010-09-23 09:33:00,1,143.05,31,5,28.610000000000003,443,0,1,Other,3,0,0.9733333333333334,High Risk
15762,2011-10-05 16:15:00,2011-09-23 15:17:00,2,583.75,251,37,15.777027027027026,65,12,0,Other,7,0,0.2966666666666667,Low Risk
15763,2011-11-08 09:44:00,2011-09-23 12:10:00,2,1086.92,271,58,17.818360655737706,32,45,0,New / Potential,9,0,0.17666666666666667,Low Risk
15764,2011-09-12 17:58:00,2010-08-18 13:58:00,8,4503.08,2945,187,18.08465863453815,88,390,0,Loyal Customers,12,1,0.1,Low Risk
15765,2010-02-11 10:25:00,2010-02-11 10:25:00,1,370.63,335,25,14.8252,667,0,1,Other,4,0,0.86,High Risk
15766,2011-10-06 17:03:00,2010-01-26 15:55:00,3,831.0600000000001,334,21,31.963846153846156,64,618,0,Other,9,0,0.09,Low Risk
15768,2011-08-16 10:48:00,2009-12-03 12:10:00,34,15308.89,4215,437,12.672922185430464,116,620,1,Loyal Customers,13,1,0.67,High Risk
15769,2011-12-02 13:52:00,2009-12-11 09:58:00,46,88612.52,49068,26,397.3655605381166,7,721,0,Champions,15,1,0.016666666666666666,Low Risk
15770,2010-04-06 11:47:00,2010-04-06 11:47:00,1,321.45,67,18,17.858333333333334,613,0,1,Other,4,0,0.9633333333333334,High Risk
15771,2010-04-14 13:56:00,2010-01-15 12:14:00,3,1006.54,512,26,35.94785714285714,604,89,1,At Risk,7,0,0.9233333333333333,High Risk
15772,2010-10-17 13:33:00,2010-10-17 13:33:00,1,280.88,110,16,17.555,418,0,1,Other,3,0,0.96,High Risk
15773,2011-12-04 12:48:00,2010-10-26 15:27:00,2,774.52,410,46,16.479148936170212,6,403,0,New / Potential,10,1,0.09666666666666666,Low Risk
15774,2011-10-02 12:04:00,2010-02-21 12:57:00,6,1288.34,465,88,11.712181818181817,69,587,0,Loyal Customers,11,1,0.05333333333333334,Low Risk
15775,2011-04-08 12:56:00,2010-03-18 07:32:00,2,150.5,260,9,16.72222222222222,245,386,1,Other,5,0,0.5533333333333333,Medium Risk
15776,2011-07-29 13:46:00,2011-07-29 13:46:00,1,241.62,138,18,13.423333333333334,133,0,1,Other,5,0,0.9133333333333333,High Risk
15777,2011-04-12 16:43:00,2010-05-20 10:37:00,7,1762.6100000000001,599,29,45.195128205128206,241,327,1,At Risk,10,1,0.9133333333333333,High Risk
15778,2010-10-04 15:10:00,2010-10-04 15:10:00,1,307.95000000000005,101,17,18.114705882352943,431,0,1,Other,4,0,0.9633333333333334,High Risk
15779,2010-09-02 16:40:00,2010-06-25 15:55:00,2,124.08000000000001,20,8,15.510000000000002,463,69,1,Other,4,0,0.9566666666666667,High Risk
15780,2011-06-09 12:01:00,2010-12-17 11:43:00,3,475.28000000000003,220,26,16.38896551724138,184,174,1,Other,8,0,0.93,High Risk
15781,2011-11-14 14:57:00,2011-02-07 09:15:00,3,345.46000000000004,180,20,17.273000000000003,25,280,0,Other,9,0,0.21,Low Risk
15782,2011-11-30 10:49:00,2010-10-05 15:43:00,4,4014.1,1844,51,65.80491803278689,10,420,0,High Value Customers,13,1,0.21666666666666667,Low Risk
15783,2011-11-29 09:50:00,2011-11-29 09:50:00,1,246.3,212,14,17.592857142857145,11,0,0,New / Potential,7,0,0.27666666666666667,Low Risk
15784,2010-08-29 10:38:00,2010-02-05 14:42:00,2,848.33,381,33,19.72860465116279,468,204,1,Other,6,0,0.93,High Risk
15785,2011-11-07 11:33:00,2009-12-15 16:28:00,16,5969.93,4479,102,26.533022222222222,33,691,0,Champions,14,1,0.0033333333333333335,Low Risk
15786,2011-10-24 14:13:00,2010-06-21 10:13:00,5,8501.62,5957,358,18.28305376344086,46,490,0,Champions,13,1,0.46,Medium Risk
15787,2011-11-13 14:55:00,2011-10-09 13:11:00,3,933.26,534,156,4.6663,26,35,0,Other,10,1,0.12666666666666668,Low Risk
15788,2010-07-19 12:48:00,2010-07-19 12:48:00,1,221.83,115,14,15.845,509,0,1,Other,3,0,0.9033333333333333,High Risk
15789,2010-12-16 14:35:00,2010-03-26 11:21:00,6,1962.01,2499,110,14.217463768115943,358,265,1,At Risk,10,0,0.8033333333333333,High Risk
15790,2011-11-29 14:53:00,2011-11-29 14:53:00,1,218.75,113,34,6.4338235294117645,10,0,0,New / Potential,7,0,0.8766666666666667,High Risk
15791,2011-10-27 10:14:00,2010-03-08 09:41:00,5,3608.34,1970,121,21.60682634730539,44,598,0,Champions,13,1,0.056666666666666664,Low Risk
15792,2010-11-05 08:21:00,2010-03-31 09:42:00,2,933.84,606,57,16.383157894736843,400,218,1,Other,7,0,0.9466666666666667,High Risk
15793,2011-11-25 09:31:00,2009-12-01 12:54:00,8,2399.57,1685,12,79.98566666666667,15,723,0,Champions,13,1,0.06,Low Risk
15794,2009-12-03 13:04:00,2009-12-02 15:10:00,2,777.0,288,15,51.8,736,0,1,Other,6,0,0.9133333333333333,High Risk
15795,2011-07-13 10:43:00,2010-01-18 11:31:00,8,1979.8700000000001,1411,111,15.11351145038168,150,540,1,Loyal Customers,11,1,0.7666666666666667,High Risk
15796,2011-12-08 19:55:00,2010-03-31 13:10:00,17,5171.63,1733,138,17.65061433447099,1,617,0,Champions,15,1,0.06666666666666667,Low Risk
15797,2011-08-18 17:04:00,2010-01-27 13:12:00,6,2821.08,1281,12,235.09,113,568,1,Loyal Customers,11,1,0.82,High Risk
15798,2010-08-04 09:13:00,2010-01-27 11:55:00,3,1535.37,915,73,18.49843373493976,493,188,1,At Risk,8,0,0.94,High Risk
15799,2011-09-25 12:46:00,2010-10-17 14:26:00,4,1421.34,1341,143,9.22948051948052,76,342,0,High Value Customers,10,1,0.33666666666666667,Medium Risk
15800,2011-08-24 14:23:00,2010-03-31 13:17:00,7,1227.07,575,198,5.289094827586206,107,511,1,Loyal Customers,11,1,0.73,High Risk
15801,2011-10-24 13:52:00,2011-08-22 09:53:00,3,1063.95,570,61,16.62421875,46,63,0,Other,10,0,0.21,Low Risk
15802,2011-07-20 11:38:00,2011-07-20 11:38:00,1,451.42,1,1,451.42,143,0,1,Other,6,0,0.9966666666666667,High Risk
15803,2011-10-19 14:56:00,2010-02-01 16:29:00,4,1929.66,1030,48,37.836470588235294,51,624,0,High Value Customers,11,1,0.11333333333333333,Low Risk
15804,2011-12-09 12:31:00,2011-05-25 10:12:00,13,4206.39,2565,170,16.05492366412214,1,198,0,Champions,15,1,0.2866666666666667,Low Risk
15805,2011-11-16 16:32:00,2009-12-10 12:57:00,30,10148.93,6205,337,19.185122873345936,23,706,0,Champions,14,1,0.0033333333333333335,Low Risk
15806,2011-10-24 14:35:00,2011-03-08 09:24:00,3,784.58,602,24,25.309032258064516,46,230,0,Other,10,0,0.6333333333333333,High Risk
15807,2011-10-20 14:10:00,2010-02-11 15:32:00,5,1817.52,1532,85,20.653636363636362,50,615,0,Champions,12,1,0.18,Low Risk
15808,2011-02-06 14:33:00,2009-12-01 16:30:00,21,17180.25,6753,348,22.254209844559586,306,431,1,At Risk,12,1,0.65,High Risk
15809,2011-11-03 16:40:00,2010-06-22 14:23:00,7,1274.44,700,51,21.973103448275864,36,499,0,Champions,12,1,0.14666666666666667,Low Risk
15810,2011-09-22 09:38:00,2010-02-04 18:18:00,8,2999.04,1653,89,18.066506024096384,79,594,0,Loyal Customers,12,1,0.04666666666666667,Low Risk
15811,2011-11-17 15:31:00,2010-11-16 16:46:00,7,3486.15,1781,205,12.76978021978022,22,365,0,Champions,13,1,0.18,Low Risk
15812,2011-08-24 14:19:00,2009-12-15 13:40:00,12,5201.47,3450,87,41.611760000000004,107,617,1,Loyal Customers,13,1,0.6333333333333333,High Risk
15813,2011-05-16 08:13:00,2011-04-14 09:09:00,2,1303.9099999999999,603,40,32.59775,208,31,1,Other,8,0,0.7966666666666666,High Risk
15814,2011-11-23 08:17:00,2010-04-15 14:31:00,6,2634.44,1728,83,26.88204081632653,17,586,0,Champions,13,1,0.11666666666666667,Low Risk
15815,2011-10-07 12:42:00,2011-03-25 08:43:00,5,2100.6,1856,33,42.86938775510204,64,196,0,Loyal Customers,11,1,0.6,Medium Risk
15816,2010-06-15 13:36:00,2010-06-15 12:54:00,2,144.15,54,11,13.104545454545455,542,0,1,Other,4,0,0.98,High Risk
15817,2010-10-15 11:07:00,2010-06-14 13:31:00,3,2766.4,1596,133,18.2,421,122,1,At Risk,8,0,0.7333333333333333,High Risk
15818,2010-04-30 12:58:00,2010-04-30 12:58:00,1,340.5,284,11,30.954545454545453,588,0,1,Other,4,0,0.9566666666666667,High Risk
15819,2011-10-21 14:50:00,2010-03-18 11:08:00,10,3934.79,2928,182,15.133807692307693,49,582,0,Champions,14,1,0.056666666666666664,Low Risk
15820,2011-01-24 12:00:00,2011-01-24 12:00:00,1,206.98,128,17,12.175294117647057,320,0,1,Other,4,0,0.9366666666666666,High Risk
15821,2011-10-26 15:48:00,2011-10-09 13:28:00,2,570.96,202,57,9.209032258064516,44,17,0,New / Potential,8,0,0.5933333333333334,Medium Risk
15822,2011-12-06 14:50:00,2009-12-06 15:12:00,6,1840.06,950,46,28.308615384615383,3,729,0,Champions,13,1,0.03333333333333333,Low Risk
15823,2010-12-02 15:08:00,2009-12-08 15:12:00,3,3882.17,1774,155,25.04625806451613,372,358,1,At Risk,10,0,0.78,High Risk
15824,2010-09-12 13:20:00,2010-06-25 15:10:00,2,890.94,478,24,34.26692307692308,453,78,1,Other,6,0,0.9033333333333333,High Risk
15825,2011-06-20 13:27:00,2011-06-20 13:27:00,1,532.94,220,20,26.647000000000002,172,0,1,Other,6,0,0.8666666666666667,High Risk
15826,2011-10-14 16:05:00,2010-05-20 17:00:00,4,2598.28,1824,100,21.834285714285716,56,511,0,High Value Customers,11,1,0.13,Low Risk
15827,2011-09-27 15:35:00,2010-01-08 11:25:00,28,3603.14,1715,124,16.604331797235023,73,627,0,Loyal Customers,13,1,0.08333333333333333,Low Risk
15828,2010-11-29 16:41:00,2010-11-29 16:41:00,1,1108.82,367,74,14.984054054054052,375,0,1,Other,6,0,0.5933333333333334,Medium Risk
15829,2011-09-01 16:45:00,2011-07-22 10:23:00,2,636.14,996,44,12.473333333333333,99,41,1,Other,8,0,0.7866666666666666,High Risk
15830,2011-11-02 10:40:00,2011-11-02 10:40:00,1,576.0,415,39,14.76923076923077,38,0,0,New / Potential,7,0,0.2633333333333333,Low Risk
15831,2011-10-12 13:14:00,2011-01-19 14:52:00,3,794.64,1092,63,12.04,58,265,0,Other,10,0,0.25,Low Risk
15832,2011-03-30 15:29:00,2011-03-30 15:29:00,1,836.79,465,54,15.49611111111111,254,0,1,Other,6,0,0.8433333333333334,High Risk
15833,2009-12-02 11:59:00,2009-12-02 11:59:00,1,80.4,24,5,16.080000000000002,738,0,1,Other,3,0,0.8566666666666667,High Risk
15834,2011-09-30 14:41:00,2010-10-11 14:05:00,7,3764.39,1815,333,10.065213903743315,70,354,0,Loyal Customers,12,1,0.15333333333333332,Low Risk
15835,2011-10-26 15:47:00,2011-01-13 10:35:00,4,954.09,439,47,19.0818,44,286,0,Other,10,1,0.20333333333333334,Low Risk
15836,2011-10-20 17:13:00,2011-10-20 17:13:00,1,137.37,26,10,13.737,50,0,0,New / Potential,6,0,0.33,Medium Risk
15837,2011-10-06 09:01:00,2010-08-11 10:16:00,2,777.01,405,52,14.942499999999999,65,420,0,Other,8,0,0.20666666666666667,Low Risk
15838,2011-11-28 14:00:00,2009-12-15 09:51:00,34,73205.5,64114,61,355.36650485436894,11,713,0,Champions,15,1,0.02,Low Risk
15839,2011-11-06 13:54:00,2011-07-14 16:35:00,3,1048.49,675,56,16.911129032258064,33,114,0,Other,10,0,0.20666666666666667,Low Risk
15840,2011-10-12 09:08:00,2011-06-20 11:42:00,2,355.56,396,26,13.168888888888889,59,113,0,New / Potential,8,0,0.5133333333333333,Medium Risk
15841,2011-09-28 12:15:00,2009-12-10 08:29:00,9,2742.41,2391,60,29.808804347826086,73,657,0,Loyal Customers,12,1,0.01,Low Risk
15842,2010-11-11 14:08:00,2010-06-30 09:06:00,2,548.8000000000001,296,24,21.952,393,134,1,Other,6,0,0.88,High Risk
15843,2011-02-09 10:19:00,2011-02-09 10:19:00,1,118.95,27,8,14.86875,304,0,1,Other,4,0,0.9833333333333333,High Risk
15844,2011-10-24 15:19:00,2011-10-24 15:19:00,1,130.73999999999998,134,11,11.885454545454543,46,0,0,New / Potential,6,0,0.27666666666666667,Low Risk
15845,2011-11-22 09:42:00,2010-01-26 14:44:00,11,4426.28,2128,129,25.4383908045977,18,664,0,Champions,15,1,0.0,Low Risk
15846,2010-11-19 14:40:00,2010-11-19 14:40:00,1,107.01,79,27,3.6900000000000004,385,0,1,Other,4,0,0.9433333333333334,High Risk
15847,2011-11-01 14:41:00,2010-03-08 08:47:00,5,822.57,643,39,17.136875,38,603,0,Loyal Customers,11,1,0.04666666666666667,Low Risk
15848,2010-03-28 10:54:00,2010-03-28 10:54:00,1,137.99,45,34,4.058529411764706,622,0,1,Other,3,0,0.9933333333333333,High Risk
15850,2011-11-20 14:14:00,2009-12-13 13:27:00,6,1006.75,1334,269,3.237138263665595,19,707,0,Loyal Customers,12,1,0.03333333333333333,Low Risk
15851,2010-07-01 12:34:00,2010-07-01 12:34:00,1,109.73,67,8,13.71625,527,0,1,Other,3,0,0.8766666666666667,High Risk
15852,2011-06-06 11:22:00,2010-07-01 10:16:00,3,257.26,60,31,7.795757575757576,187,340,1,Other,7,0,0.8833333333333333,High Risk
15853,2011-10-19 10:38:00,2011-10-19 10:38:00,1,110.8,135,29,3.6933333333333334,52,0,0,New / Potential,6,0,0.14333333333333334,Low Risk
15854,2011-12-05 13:39:00,2009-12-10 12:08:00,21,5578.28,1691,168,21.79015625,4,725,0,Champions,15,1,0.0033333333333333335,Low Risk
15855,2011-07-26 10:20:00,2010-08-20 17:15:00,6,1052.72,712,72,11.081263157894737,137,339,1,Loyal Customers,10,0,0.8366666666666667,High Risk
15856,2011-12-05 17:09:00,2009-12-03 14:02:00,52,32275.95,19550,384,29.288520871143376,4,732,0,Champions,15,1,0.0,Low Risk
15857,2011-11-21 12:18:00,2010-10-05 16:43:00,2,570.48,584,21,23.77,19,411,0,New / Potential,9,0,0.21,Low Risk
15858,2011-11-24 12:48:00,2009-12-10 11:42:00,13,3552.41,2715,273,8.166459770114942,16,714,0,Champions,15,1,0.0,Low Risk
15859,2010-10-03 12:52:00,2010-10-03 12:52:00,1,438.46,174,22,19.93,432,0,1,Other,4,0,0.7966666666666666,High Risk
15860,2011-10-30 11:25:00,2009-12-06 12:31:00,17,2361.3,1259,249,6.884256559766764,41,692,0,Champions,13,1,0.0033333333333333335,Low Risk
15861,2011-11-27 15:59:00,2010-01-28 19:41:00,12,4369.2,3837,452,5.544670050761421,12,667,0,Champions,15,1,0.0033333333333333335,Low Risk
15862,2011-12-01 13:28:00,2009-12-17 11:33:00,13,2512.29,1520,417,5.044759036144578,8,714,0,Champions,14,1,0.0033333333333333335,Low Risk
15863,2011-11-14 12:49:00,2009-12-17 10:20:00,5,355.1,162,74,4.611688311688312,26,697,0,Loyal Customers,10,0,0.04,Low Risk
15864,2011-11-17 13:32:00,2010-11-23 15:02:00,7,2180.76,1486,18,94.81565217391305,22,358,0,Champions,12,1,0.37,Medium Risk
15865,2011-10-30 12:43:00,2010-01-05 13:58:00,5,2241.42,1141,119,17.78904761904762,41,662,0,Champions,12,1,0.01,Low Risk
15866,2011-08-30 14:09:00,2011-08-30 14:09:00,1,211.89,124,43,4.927674418604651,101,0,1,Other,5,0,0.9566666666666667,High Risk
15867,2011-12-04 13:32:00,2009-12-14 15:16:00,31,8923.3,5067,547,8.748333333333333,5,719,0,Champions,15,1,0.0,Low Risk
15868,2010-05-05 14:11:00,2010-05-05 14:11:00,1,94.53,57,4,23.6325,583,0,1,Other,3,0,0.7933333333333333,High Risk
15869,2011-03-07 17:23:00,2010-03-23 16:50:00,3,321.11,273,29,9.444411764705883,277,349,1,At Risk,7,0,0.8466666666666667,High Risk
15870,2011-11-07 10:58:00,2010-09-19 16:22:00,4,857.46,504,127,5.9962237762237764,33,413,0,Other,10,1,0.12333333333333334,Low Risk
15871,2010-09-28 14:16:00,2010-09-28 14:16:00,1,33.099999999999994,5,5,6.619999999999999,437,0,1,Other,3,0,0.9066666666666666,High Risk
15872,2011-11-25 11:55:00,2010-06-07 14:53:00,4,729.25,467,164,3.8789893617021276,15,535,0,Other,11,1,0.11333333333333333,Low Risk
15873,2010-07-28 12:41:00,2010-07-27 11:58:00,4,313.91999999999996,1152,3,52.31999999999999,500,1,1,At Risk,6,0,0.8833333333333333,High Risk
15874,2011-10-07 12:31:00,2010-01-07 13:56:00,21,11284.76,5102,262,32.99637426900585,64,637,0,Loyal Customers,13,1,0.03666666666666667,Low Risk
15875,2010-03-03 16:51:00,2010-03-03 16:51:00,1,108.52,74,18,4.718260869565217,646,0,1,Other,3,0,0.7666666666666667,High Risk
15876,2010-10-26 18:58:00,2010-09-17 15:26:00,2,1449.14,886,11,131.74,409,39,1,Other,8,0,0.8233333333333334,High Risk
15877,2011-12-08 11:53:00,2011-11-22 11:18:00,2,490.33,368,122,3.8915079365079364,2,16,0,New / Potential,9,1,0.17666666666666667,Low Risk
15878,2010-05-27 12:17:00,2009-12-06 12:28:00,2,330.77,243,47,6.485686274509804,562,171,1,Other,5,0,0.9366666666666666,High Risk
15879,2010-10-31 16:21:00,2009-12-17 19:54:00,4,1137.8,639,171,6.356424581005586,404,317,1,At Risk,8,0,0.8266666666666667,High Risk
15880,2010-12-05 13:00:00,2010-12-05 13:00:00,1,329.03,202,95,3.427395833333333,369,0,1,Other,5,0,0.7466666666666667,High Risk
15881,2011-01-31 16:59:00,2010-12-10 13:32:00,5,501.39,260,26,17.289310344827587,312,52,1,At Risk,8,0,0.8766666666666667,High Risk
15882,2011-05-25 11:35:00,2009-12-10 15:33:00,8,1124.66,650,49,19.062033898305085,199,530,1,At Risk,9,1,0.7966666666666666,High Risk
15883,2011-12-07 17:05:00,2011-11-06 14:50:00,2,396.48,223,42,8.091428571428573,2,31,0,New / Potential,9,1,0.23,Low Risk
15884,2010-10-03 15:55:00,2009-12-03 18:23:00,2,244.60000000000002,152,14,17.47142857142857,432,303,1,Other,4,0,0.67,High Risk
15885,2011-09-08 10:43:00,2010-01-21 12:47:00,15,1951.82,622,83,16.972347826086956,93,594,1,Loyal Customers,12,1,0.77,High Risk
15886,2011-10-10 14:25:00,2010-04-20 15:03:00,4,1052.8700000000001,667,58,16.98177419354839,60,537,0,Other,9,0,0.11333333333333333,Low Risk
15887,2010-10-29 08:36:00,2010-06-02 11:53:00,3,1027.15,605,27,27.760810810810813,407,148,1,At Risk,8,0,0.9166666666666666,High Risk
15888,2011-09-20 12:30:00,2010-07-01 11:51:00,3,429.16,139,33,11.004102564102565,81,446,0,Other,8,0,0.27,Low Risk
15889,2011-07-06 11:10:00,2009-12-10 12:21:00,8,1427.6,800,256,4.742857142857143,157,572,1,Loyal Customers,11,1,0.71,High Risk
15890,2010-11-10 12:46:00,2010-04-14 08:43:00,5,535.65,119,10,53.565,395,210,1,At Risk,8,0,0.93,High Risk
15891,2011-04-27 12:35:00,2011-04-27 12:35:00,1,511.68,418,60,8.528,227,0,1,Other,5,0,0.8733333333333333,High Risk
15892,2010-02-08 16:23:00,2010-02-08 16:23:00,1,128.2,46,38,3.3736842105263154,669,0,1,Other,3,0,0.9633333333333334,High Risk
15893,2010-08-15 11:12:00,2010-08-15 11:12:00,1,305.28000000000003,288,1,305.28000000000003,482,0,1,Other,4,0,0.6897755082989016,High Risk
15894,2011-03-31 13:50:00,2010-12-05 14:06:00,2,258.25,164,35,6.97972972972973,253,115,1,Other,5,0,0.9533333333333334,High Risk
15895,2011-07-13 10:27:00,2011-07-13 10:27:00,1,179.17,94,11,16.288181818181815,150,0,1,Other,5,0,0.94,High Risk
15897,2011-05-29 13:50:00,2011-05-29 13:32:00,2,208.59,223,17,9.481363636363637,194,0,1,Other,5,0,0.78,High Risk
15898,2011-12-08 15:23:00,2009-12-11 16:11:00,25,4996.45,2160,281,8.071809369951534,1,726,0,Champions,15,1,0.0,Low Risk
15899,2010-12-06 10:36:00,2010-12-06 10:36:00,1,56.25,39,4,14.0625,369,0,1,Other,4,0,0.99,High Risk
15900,2011-11-16 12:19:00,2010-05-26 11:27:00,4,886.57,656,100,7.036269841269841,24,539,0,Other,10,1,0.30333333333333334,Medium Risk
15901,2011-11-23 12:43:00,2010-06-14 12:39:00,7,687.72,695,145,4.193414634146341,17,527,0,Loyal Customers,12,1,0.5633333333333334,Medium Risk
15902,2010-11-24 16:57:00,2010-11-24 16:57:00,1,145.01,124,18,8.056111111111111,380,0,1,Other,4,0,0.9833333333333333,High Risk
15903,2011-11-30 08:08:00,2010-01-14 10:57:00,12,8939.84,3926,58,77.06758620689655,10,684,0,Champions,15,1,0.01,Low Risk
15904,2011-12-01 14:50:00,2011-12-01 14:50:00,1,164.68,84,30,5.489333333333334,8,0,0,New / Potential,7,0,0.19666666666666666,Low Risk
15905,2010-06-14 16:00:00,2010-06-14 16:00:00,1,114.69,82,22,5.213181818181818,543,0,1,Other,3,0,0.78,High Risk
15906,2011-11-20 12:24:00,2010-09-15 12:17:00,10,2530.19,749,143,12.588009950248756,20,431,0,Champions,13,1,0.15666666666666668,Low Risk
15907,2011-12-06 12:21:00,2011-05-13 13:01:00,3,882.72,478,175,3.905840707964602,4,206,0,Other,11,1,0.2966666666666667,Low Risk
15908,2010-08-06 11:56:00,2010-07-15 19:21:00,2,758.62,173,37,18.9655,491,21,1,Other,6,0,0.8833333333333333,High Risk
15909,2011-06-19 10:38:00,2011-06-19 10:38:00,1,191.94,98,7,27.419999999999998,174,0,1,Other,5,0,0.9566666666666667,High Risk
15910,2011-12-09 10:51:00,2010-01-21 11:51:00,15,2661.17,2158,394,4.292209677419355,1,686,0,Champions,14,1,0.006666666666666667,Low Risk
15911,2010-03-26 12:06:00,2009-12-09 13:26:00,8,1700.24,810,162,6.590077519379845,624,106,1,At Risk,9,0,0.44,Medium Risk
15912,2011-06-14 14:29:00,2009-12-10 12:58:00,9,1074.7,759,83,11.31263157894737,178,551,1,Loyal Customers,11,1,0.79,High Risk
15913,2010-06-23 16:31:00,2010-06-23 16:31:00,1,6.300000000000001,3,1,6.300000000000001,534,0,1,Other,3,0,0.9066666666666666,High Risk
15914,2010-11-26 16:10:00,2010-11-26 16:09:00,2,205.99,149,13,15.845384615384615,378,0,1,Other,5,0,0.84,High Risk
15915,2010-11-03 11:13:00,2010-11-03 11:13:00,1,364.45,414,105,3.225221238938053,402,0,1,Other,5,0,0.74,High Risk
15916,2011-11-23 13:46:00,2009-12-10 16:21:00,13,3145.2400000000002,1618,227,10.278562091503268,16,712,0,Champions,15,1,0.0033333333333333335,Low Risk
15917,2011-04-06 10:40:00,2009-12-02 14:55:00,5,530.17,248,127,3.7335915492957743,248,489,1,At Risk,8,0,0.7666666666666667,High Risk
15918,2011-06-02 11:42:00,2010-03-18 11:40:00,3,582.88,240,49,9.555409836065573,191,441,1,At Risk,7,0,0.8,High Risk
15919,2011-11-20 11:28:00,2010-12-06 11:26:00,2,525.69,385,103,4.308934426229508,20,349,0,New / Potential,8,0,0.14666666666666667,Low Risk
15920,2011-07-08 15:31:00,2009-12-14 13:09:00,9,569.14,238,93,5.319065420560747,154,571,1,Loyal Customers,10,0,0.7966666666666666,High Risk
15921,2011-06-20 11:03:00,2010-03-09 11:03:00,4,775.26,335,69,9.813417721518988,173,468,1,Other,9,0,0.8666666666666667,High Risk
15922,2010-12-01 13:51:00,2010-12-01 13:51:00,1,369.5,138,11,33.59090909090909,373,0,1,Other,5,0,0.74,High Risk
15923,2010-12-02 12:16:00,2010-12-02 12:16:00,1,127.08,122,21,6.051428571428572,373,0,1,Other,4,0,0.7433333333333333,High Risk
15924,2009-12-08 15:00:00,2009-12-08 15:00:00,1,102.82,103,14,6.854666666666666,731,0,1,Other,3,0,0.9833333333333333,High Risk
15925,2011-05-29 15:35:00,2011-05-29 15:35:00,1,207.15,93,12,17.2625,194,0,1,Other,4,0,0.93,High Risk
15926,2010-06-15 15:23:00,2010-06-15 15:23:00,1,134.44,155,7,19.205714285714286,542,0,1,Other,3,0,0.9133333333333333,High Risk
15927,2010-03-02 13:25:00,2010-03-02 13:25:00,1,106.54,66,13,7.102666666666667,647,0,1,Other,3,0,0.9833333333333333,High Risk
15928,2010-02-21 15:16:00,2010-02-21 15:16:00,1,293.53,164,11,26.684545454545454,656,0,1,Other,4,0,0.8866666666666667,High Risk
15929,2010-03-05 14:56:00,2010-03-05 14:56:00,1,594.0,120,1,594.0,644,0,1,Other,4,0,0.9766666666666667,High Risk
15930,2011-10-03 14:52:00,2011-10-03 14:52:00,1,426.63,139,21,20.315714285714286,67,0,0,Other,6,0,0.23666666666666666,Low Risk
15931,2010-10-07 16:46:00,2010-10-07 16:46:00,1,239.9,118,14,17.135714285714286,428,0,1,Other,3,0,0.93,High Risk
15932,2011-12-05 17:13:00,2011-02-23 14:50:00,8,2495.87,2325,93,21.703217391304346,4,285,0,Champions,13,1,0.19,Low Risk
15933,2011-11-18 13:14:00,2011-09-14 12:05:00,3,1107.46,885,63,14.965675675675676,21,65,0,Other,10,1,0.18,Low Risk
15934,2010-10-18 10:13:00,2010-10-06 12:08:00,2,2190.66,2166,29,75.53999999999999,418,11,1,Other,7,0,0.8633333333333333,High Risk
15935,2011-04-14 13:27:00,2011-04-12 09:35:00,2,416.86,115,12,34.73833333333334,239,2,1,Other,6,0,0.8766666666666667,High Risk
15936,2010-11-25 16:39:00,2010-08-29 11:42:00,2,282.79,211,16,14.883684210526317,379,88,1,Other,5,0,0.7333333333333333,High Risk
15937,2011-10-06 15:48:00,2011-10-06 15:48:00,1,145.35000000000002,73,7,20.764285714285716,64,0,0,Other,5,0,0.15333333333333332,Low Risk
15938,2011-08-19 12:56:00,2010-06-01 09:42:00,9,734.8100000000001,449,27,18.841282051282054,112,444,1,Loyal Customers,11,1,0.4866666666666667,Medium Risk
15939,2011-09-11 11:30:00,2010-11-30 12:07:00,16,9060.39,6260,52,56.27571428571428,90,284,0,Loyal Customers,13,1,0.11666666666666667,Low Risk
15940,2011-02-01 16:18:00,2011-02-01 16:18:00,1,35.8,4,1,35.8,311,0,1,Other,4,0,0.9933333333333333,High Risk
15941,2010-03-12 14:45:00,2010-03-12 14:45:00,1,405.0,60,6,67.5,637,0,1,Other,4,0,0.91,High Risk
15942,2011-07-29 09:01:00,2011-07-29 09:01:00,1,337.44,232,14,24.102857142857143,134,0,1,Other,6,0,0.87,High Risk
15943,2010-02-28 12:49:00,2010-01-31 11:04:00,2,271.28999999999996,183,12,22.607499999999998,650,28,1,Other,4,0,0.9166666666666666,High Risk
15944,2011-03-08 10:33:00,2009-12-13 12:57:00,4,2164.24,859,25,56.95368421052631,277,449,1,At Risk,9,0,0.8866666666666667,High Risk
15945,2010-12-09 13:14:00,2009-12-01 13:47:00,4,646.27,345,24,23.081071428571427,365,372,1,At Risk,9,0,0.8033333333333333,High Risk
15946,2010-07-25 12:18:00,2010-03-16 10:49:00,3,2304.18,1614,25,88.62230769230769,503,131,1,At Risk,8,0,0.8733333333333333,High Risk
15947,2011-09-18 10:46:00,2011-09-18 10:46:00,1,1708.24,898,29,58.9048275862069,83,0,0,High Value Customers,8,0,0.31333333333333335,Medium Risk
15948,2011-12-01 15:32:00,2010-10-11 12:16:00,3,1509.0900000000001,852,63,15.885157894736844,8,416,0,High Value Customers,12,1,0.27666666666666667,Low Risk
15949,2011-11-23 09:09:00,2011-09-29 17:34:00,2,364.72,284,12,19.19578947368421,17,54,0,New / Potential,9,0,0.13666666666666666,Low Risk
15950,2011-11-08 11:09:00,2010-01-26 11:39:00,10,7120.91,3354,225,18.119363867684477,32,650,0,Champions,14,1,0.006666666666666667,Low Risk
15951,2011-12-01 08:34:00,2010-11-23 18:20:00,3,1013.1700000000001,420,44,17.172372881355933,9,372,0,Other,11,1,0.34,Medium Risk
15952,2011-11-06 11:18:00,2011-04-28 12:55:00,4,781.91,391,65,9.30845238095238,34,191,0,Loyal Customers,11,1,0.24666666666666667,Low Risk
15953,2011-11-24 15:32:00,2009-12-03 14:00:00,18,3440.34,1741,102,20.600838323353294,15,721,0,Champions,15,1,0.0,Low Risk
15954,2010-04-29 13:35:00,2010-04-29 13:35:00,1,190.75,119,20,9.5375,589,0,1,Other,3,0,0.9766666666666667,High Risk
15955,2011-11-15 14:15:00,2010-02-23 16:36:00,22,8085.9800000000005,3967,222,23.643216374269006,24,629,0,Champions,14,1,0.023333333333333334,Low Risk
15956,2010-06-06 13:06:00,2009-12-13 11:16:00,2,617.6,278,18,34.31111111111111,551,175,1,Other,6,0,0.9633333333333334,High Risk
15957,2011-11-08 12:14:00,2010-10-15 12:11:00,3,921.25,453,121,6.309931506849315,32,389,0,Other,10,0,0.12,Low Risk
15958,2011-09-26 13:41:00,2010-06-07 10:59:00,4,462.12,154,50,7.109538461538461,74,476,0,Loyal Customers,9,0,0.12,Low Risk
15959,2010-01-26 16:38:00,2010-01-26 16:19:00,3,542.89,269,58,7.646338028169014,682,0,1,At Risk,6,0,0.67,High Risk
15960,2010-11-30 15:57:00,2010-09-30 15:50:00,4,410.95,258,24,15.805769230769231,374,61,1,At Risk,8,0,0.8933333333333333,High Risk
15961,2010-11-25 15:59:00,2010-11-25 15:59:00,1,451.28999999999996,154,42,10.745,379,0,1,Other,5,0,0.9,High Risk
15962,2010-09-16 13:48:00,2010-09-16 13:48:00,1,289.48,228,43,5.263272727272728,449,0,1,Other,4,0,0.91,High Risk
15963,2011-11-20 11:33:00,2011-10-25 13:05:00,2,470.76,298,26,16.812857142857144,20,25,0,New / Potential,8,0,0.5833333333333334,Medium Risk
15964,2010-02-14 15:30:00,2010-02-14 15:30:00,1,269.21000000000004,93,20,13.460500000000001,663,0,1,Other,3,0,0.9833333333333333,High Risk
15965,2011-11-22 16:44:00,2009-12-03 11:45:00,13,2771.94,1313,202,8.34921686746988,17,719,0,Champions,14,1,0.01,Low Risk
15966,2010-09-15 10:44:00,2010-09-15 10:44:00,1,426.53,275,27,15.797407407407407,451,0,1,Other,4,0,0.9033333333333333,High Risk
15967,2011-11-16 15:41:00,2009-12-01 13:29:00,12,2966.0,1183,316,6.179166666666666,23,715,0,Champions,14,1,0.0033333333333333335,Low Risk
15968,2010-11-16 13:04:00,2010-11-16 13:04:00,1,404.55,247,70,5.056875,388,0,1,Other,5,0,0.8966666666666666,High Risk
15969,2011-12-07 11:06:00,2010-07-05 13:10:00,5,1127.05,223,31,32.20142857142857,3,519,0,Loyal Customers,12,1,0.19333333333333333,Low Risk
15970,2011-02-09 12:08:00,2010-04-20 11:30:00,2,1017.3199999999999,498,19,42.38833333333333,304,295,1,Other,7,0,0.9233333333333333,High Risk
15971,2011-11-22 12:50:00,2009-12-08 09:46:00,18,5902.83,2251,12,140.54357142857143,18,714,0,Champions,15,1,0.016666666666666666,Low Risk
15972,2010-09-09 13:20:00,2010-04-18 14:06:00,5,1769.33,468,104,12.728992805755395,456,143,1,At Risk,9,0,0.57,Medium Risk
15973,2010-12-08 11:42:00,2010-10-06 15:00:00,3,680.62,195,8,61.874545454545455,367,62,1,At Risk,8,0,0.7266666666666667,High Risk
15974,2011-10-31 13:13:00,2011-02-24 10:10:00,7,3442.15,2262,141,19.557670454545455,39,249,0,Champions,13,1,0.09,Low Risk
15975,2011-09-16 13:33:00,2011-09-16 13:33:00,1,371.01,243,24,15.45875,84,0,0,Other,6,0,0.29,Low Risk
15976,2011-06-27 13:00:00,2010-06-06 14:01:00,6,1694.41,1053,265,4.482566137566137,165,385,1,Loyal Customers,11,1,0.6966666666666667,High Risk
15977,2011-11-22 13:29:00,2011-10-31 16:24:00,2,1054.73,1016,48,16.226615384615386,17,21,0,New / Potential,10,0,0.19,Low Risk
15978,2011-09-23 15:21:00,2010-03-05 14:39:00,3,3279.42,2444,107,25.42186046511628,77,567,0,High Value Customers,11,1,0.06,Low Risk
15979,2010-04-16 11:35:00,2010-04-16 11:35:00,1,329.21999999999997,450,22,14.964545454545453,603,0,1,Other,4,0,0.79,High Risk
15980,2011-09-12 09:41:00,2010-06-01 14:40:00,7,6543.68,4822,101,56.90156521739131,89,467,0,Loyal Customers,12,1,0.2,Low Risk
15981,2011-11-15 08:00:00,2010-03-29 10:07:00,21,9362.77,4827,151,32.509618055555556,25,595,0,Champions,14,1,0.07333333333333333,Low Risk
15982,2010-04-13 15:47:00,2010-04-13 15:47:00,1,324.51,131,45,7.211333333333333,605,0,1,Other,4,0,0.9133333333333333,High Risk
15983,2011-11-17 17:34:00,2009-12-06 12:52:00,8,3110.37,1872,137,12.055697674418605,22,711,0,Champions,13,1,0.0033333333333333335,Low Risk
15984,2011-12-07 12:16:00,2009-12-01 13:38:00,30,8393.02,5730,458,11.990028571428573,3,735,0,Champions,15,1,0.0,Low Risk
15985,2011-08-08 16:31:00,2010-05-27 15:51:00,7,2715.28,2750,50,26.10846153846154,123,438,1,Loyal Customers,11,1,0.78,High Risk
15986,2011-11-09 15:17:00,2010-11-23 10:02:00,2,354.42,368,25,14.1768,30,351,0,New / Potential,8,0,0.23333333333333334,Low Risk
15987,2011-11-27 15:38:00,2010-11-25 12:56:00,8,1535.99,1599,143,9.08869822485207,12,367,0,Champions,13,1,0.17333333333333334,Low Risk
15988,2011-11-20 13:23:00,2010-02-21 11:36:00,3,738.89,476,114,6.157416666666666,19,637,0,Other,11,1,0.03666666666666667,Low Risk
15989,2010-11-29 12:03:00,2009-12-02 15:51:00,2,368.31,169,81,4.2826744186046515,376,361,1,Other,6,0,0.7766666666666666,High Risk
15990,2011-10-26 15:58:00,2010-02-28 12:30:00,7,1997.75,1086,117,11.286723163841808,44,605,0,Champions,12,1,0.02666666666666667,Low Risk
15991,2010-06-23 15:50:00,2010-06-23 15:50:00,1,150.55,41,6,25.09166666666667,534,0,1,Other,3,0,0.9566666666666667,High Risk
15992,2011-12-06 11:00:00,2010-09-12 11:52:00,3,896.6,514,53,16.603703703703705,4,449,0,Other,11,1,0.23333333333333334,Low Risk
15993,2011-12-01 10:45:00,2011-10-26 16:21:00,7,2777.67,2037,335,5.115414364640884,9,35,0,Champions,13,1,0.05,Low Risk
15994,2011-10-16 12:28:00,2010-03-14 11:55:00,3,1175.68,462,93,10.885925925925926,55,581,0,Other,10,0,0.056666666666666664,Low Risk
15995,2010-10-21 13:57:00,2010-10-21 13:57:00,1,694.54,352,108,6.314,414,0,1,Other,5,0,0.8333333333333334,High Risk
15996,2011-09-12 15:14:00,2010-11-07 15:49:00,7,1386.4,643,140,8.013872832369943,88,308,0,Loyal Customers,11,1,0.22666666666666666,Low Risk
15998,2011-11-03 12:45:00,2009-12-01 11:45:00,16,8274.14,5350,682,5.806414035087719,37,702,0,Champions,14,1,0.0,Low Risk
15999,2009-12-04 12:31:00,2009-12-04 12:31:00,1,20.4,24,1,20.4,736,0,1,Other,3,0,0.3333333333333333,Medium Risk
16000,2011-12-07 12:17:00,2011-12-07 12:14:00,3,12393.7,5110,9,1377.0777777777778,3,0,0,High Value Customers,13,1,0.30333333333333334,Medium Risk
16001,2010-11-23 17:10:00,2010-11-23 17:10:00,1,583.39,337,29,20.11689655172414,381,0,1,Other,5,0,0.8966666666666666,High Risk
16002,2010-03-24 13:08:00,2010-03-24 13:08:00,1,169.21,70,42,4.028809523809524,625,0,1,Other,3,0,0.93,High Risk
16003,2011-11-10 09:57:00,2009-12-03 18:51:00,10,5613.83,2210,146,27.65433497536946,30,706,0,Champions,14,1,0.0,Low Risk
16004,2010-08-22 11:48:00,2010-01-25 13:56:00,5,2146.39,1076,63,23.848777777777777,475,208,1,At Risk,9,0,0.2833333333333333,Low Risk
16005,2011-11-27 13:47:00,2010-09-15 13:21:00,10,2365.4900000000002,1269,315,4.887376033057851,12,438,0,Champions,14,1,0.17333333333333334,Low Risk
16006,2011-05-12 13:12:00,2010-11-17 12:03:00,2,332.82,205,75,4.266923076923077,211,176,1,Other,6,0,0.9333333333333333,High Risk
16007,2011-10-23 11:05:00,2010-06-14 13:18:00,7,3053.06,2631,337,4.646971080669711,48,495,0,Champions,13,1,0.39666666666666667,Medium Risk
16008,2011-11-16 10:32:00,2010-03-19 11:07:00,15,5339.13,3237,63,21.103280632411067,24,606,0,Champions,14,1,0.02,Low Risk
16009,2011-11-17 16:51:00,2011-07-03 11:26:00,4,972.11,366,68,11.855,22,137,0,Loyal Customers,11,1,0.28,Low Risk
16010,2011-04-08 10:14:00,2010-10-24 10:54:00,11,1694.86,919,122,5.864567474048442,246,165,1,At Risk,11,1,0.8166666666666667,High Risk
16011,2011-12-01 16:31:00,2009-12-01 12:02:00,29,5601.01,3323,181,13.17884705882353,8,730,0,Champions,15,1,0.013333333333333334,Low Risk
16012,2011-11-04 13:25:00,2010-06-28 11:39:00,5,2978.59,1760,207,12.462719665271967,35,494,0,Champions,13,1,0.16333333333333333,Low Risk
16013,2011-12-06 10:36:00,2009-12-08 10:24:00,84,56078.44,25520,54,259.6224074074074,4,728,0,Champions,15,1,0.01,Low Risk
16014,2011-11-02 12:04:00,2010-01-31 12:43:00,5,1100.28,462,219,4.001018181818182,38,639,0,Loyal Customers,11,1,0.03,Low Risk
16015,2011-12-06 10:58:00,2011-10-21 12:56:00,3,704.55,907,146,3.892541436464088,4,45,0,Other,11,1,0.07666666666666666,Low Risk
16016,2011-12-06 14:35:00,2010-11-02 13:27:00,11,2083.4,881,181,7.014814814814815,3,399,0,Champions,14,1,0.18333333333333332,Low Risk
16017,2011-10-23 12:56:00,2010-01-05 12:06:00,5,1545.58,635,99,11.889076923076923,47,656,0,Champions,12,1,0.016666666666666666,Low Risk
16018,2011-10-31 14:13:00,2009-12-07 13:57:00,4,698.13,503,48,12.466607142857143,39,693,0,Loyal Customers,11,0,0.02666666666666667,Low Risk
16019,2011-10-24 11:51:00,2009-12-14 14:12:00,27,17329.16,6959,256,43.00039702233251,47,678,0,Champions,14,1,0.0,Low Risk
16020,2011-11-23 11:18:00,2011-10-05 13:54:00,3,851.01,487,42,18.500217391304346,17,48,0,Other,11,1,0.2733333333333333,Low Risk
16021,2010-11-09 14:48:00,2010-06-13 11:05:00,2,487.03,276,117,3.8653174603174603,395,149,1,Other,6,0,0.82,High Risk
16022,2011-03-24 13:16:00,2011-03-24 13:16:00,1,602.63,255,68,8.48774647887324,260,0,1,Other,5,0,0.7933333333333333,High Risk
16023,2011-10-24 16:34:00,2011-03-18 13:32:00,3,719.81,358,90,7.126831683168317,46,220,0,Other,10,0,0.18333333333333332,Low Risk
16024,2011-11-27 13:26:00,2010-10-24 11:40:00,3,483.99,504,78,5.694,12,399,0,Other,10,0,0.21333333333333335,Low Risk
16025,2011-11-10 11:45:00,2011-11-10 11:45:00,1,439.65999999999997,338,28,15.702142857142857,30,0,0,New / Potential,7,0,0.19666666666666666,Low Risk
16026,2011-10-27 13:53:00,2011-10-27 13:53:00,1,236.09,243,30,7.3778125,43,0,0,New / Potential,6,0,0.18,Low Risk
16027,2011-09-09 10:47:00,2010-01-08 13:21:00,15,2048.36,2099,20,58.524571428571434,92,608,1,Loyal Customers,12,1,0.25333333333333335,Low Risk
16028,2010-04-23 11:45:00,2010-04-23 11:45:00,1,82.2,18,5,16.44,596,0,1,Other,3,0,0.8533333333333334,High Risk
16029,2011-11-01 10:27:00,2009-12-08 11:23:00,107,117763.62,54450,57,318.28005405405406,39,692,0,Champions,14,1,0.013333333333333334,Low Risk
16030,2011-02-03 11:28:00,2011-02-03 11:28:00,1,331.24,283,28,11.422068965517242,310,0,1,Other,5,0,0.9133333333333333,High Risk
16031,2011-09-08 13:07:00,2011-04-06 14:23:00,2,547.9,421,91,5.590816326530612,92,154,1,Other,7,0,0.89,High Risk
16032,2010-09-09 18:00:00,2010-07-04 13:31:00,6,1965.72,1467,130,9.36057142857143,456,67,1,At Risk,9,0,0.3,Low Risk
16033,2011-12-04 12:44:00,2010-08-11 16:44:00,27,10608.81,4200,605,7.806335540838852,6,479,0,Champions,15,1,0.03666666666666667,Low Risk
16034,2011-05-27 16:17:00,2010-10-26 13:00:00,6,911.32,585,43,16.27357142857143,196,213,1,At Risk,9,0,0.88,High Risk
16035,2010-05-28 15:09:00,2010-05-28 15:09:00,1,217.73,33,21,10.368095238095238,560,0,1,Other,3,0,0.9133333333333333,High Risk
16036,2011-09-13 14:53:00,2010-03-29 14:47:00,4,2556.84,1369,120,18.263142857142856,87,533,0,Loyal Customers,11,1,0.16,Low Risk
16037,2011-03-15 09:13:00,2010-03-01 12:31:00,5,1509.3400000000001,766,62,21.25830985915493,270,378,1,At Risk,10,0,0.8066666666666666,High Risk
16038,2011-12-02 12:40:00,2011-05-22 11:29:00,3,471.78,244,24,18.145384615384614,8,194,0,Other,10,1,0.7866666666666666,High Risk
16039,2010-10-12 10:44:00,2010-03-21 15:17:00,2,456.4,409,27,14.2625,424,204,1,Other,5,0,0.8766666666666667,High Risk
16040,2011-10-05 13:47:00,2010-04-09 10:12:00,7,2416.9,1185,95,19.3352,65,544,0,Loyal Customers,11,1,0.15,Low Risk
16041,2011-11-09 12:25:00,2011-07-21 16:27:00,3,3166.4,1584,6,527.7333333333333,31,110,0,High Value Customers,12,1,0.27,Low Risk
16042,2011-11-17 17:50:00,2010-09-12 12:00:00,8,2245.32,1430,88,17.40558139534884,22,431,0,Champions,12,1,0.14666666666666667,Low Risk
16043,2011-11-02 12:50:00,2010-08-15 11:26:00,8,1856.5900000000001,1011,56,25.4327397260274,38,444,0,Champions,12,1,0.48,Medium Risk
16044,2010-09-30 18:12:00,2010-09-30 18:12:00,1,340.84000000000003,170,19,17.938947368421054,435,0,1,Other,4,0,0.9366666666666666,High Risk
16045,2011-08-12 12:41:00,2010-07-29 12:50:00,8,3434.93,2108,111,23.208986486486484,120,378,1,Loyal Customers,12,1,0.27666666666666667,Low Risk
16046,2010-05-26 13:18:00,2010-05-26 13:18:00,1,235.78,248,22,10.717272727272727,562,0,1,Other,3,0,0.8433333333333334,High Risk
16047,2010-01-26 16:34:00,2010-01-26 16:34:00,1,107.14,1,1,107.14,682,0,1,Other,3,0,1.0,High Risk
16048,2010-12-01 15:28:00,2010-06-08 12:36:00,4,818.7900000000001,425,30,22.74416666666667,373,176,1,At Risk,9,0,0.8866666666666667,High Risk
16049,2011-10-30 13:19:00,2010-07-11 13:53:00,6,1852.15,1132,383,3.8188659793814437,40,475,0,Champions,12,1,0.10666666666666667,Low Risk
16050,2011-06-19 11:44:00,2010-11-03 15:55:00,3,300.7,388,19,14.319047619047618,174,227,1,Other,8,0,0.8833333333333333,High Risk
16051,2010-01-27 09:38:00,2010-01-27 09:38:00,1,188.44,80,12,15.703333333333333,682,0,1,Other,3,0,0.95,High Risk
16052,2011-10-16 15:13:00,2011-10-16 15:13:00,1,362.06,282,34,10.648823529411764,54,0,0,New / Potential,7,0,0.24,Low Risk
16053,2011-11-07 11:21:00,2010-04-08 11:11:00,6,3634.84,3067,169,18.736288659793814,33,578,0,Champions,13,1,0.03,Low Risk
16054,2011-07-17 13:08:00,2010-04-01 18:37:00,4,2111.88,791,109,17.31049180327869,145,471,1,Loyal Customers,11,0,0.8566666666666667,High Risk
16055,2011-05-03 09:26:00,2011-05-03 09:26:00,1,134.8,22,8,16.85,221,0,1,Other,4,0,0.9233333333333333,High Risk
16056,2011-10-25 15:19:00,2011-10-25 15:19:00,1,650.75,345,66,9.859848484848484,45,0,0,New / Potential,8,0,0.65,High Risk
16057,2011-11-23 15:23:00,2010-01-07 17:11:00,10,3854.85,1691,175,17.682798165137616,16,684,0,Champions,15,1,0.0,Low Risk
16058,2010-10-29 16:48:00,2010-10-29 16:48:00,1,62.7,18,2,31.35,406,0,1,Other,4,0,0.98,High Risk
16059,2011-10-05 09:56:00,2010-05-19 13:04:00,12,3053.57,1431,233,7.809641943734015,66,503,0,Loyal Customers,13,1,0.12333333333333334,Low Risk
16060,2010-11-04 12:10:00,2010-08-02 15:26:00,3,541.95,243,22,22.58125,401,93,1,At Risk,7,0,0.8733333333333333,High Risk
16061,2010-10-04 15:29:00,2010-10-04 15:29:00,1,89.65,19,3,29.883333333333336,431,0,1,Other,3,0,0.8766666666666667,High Risk
16062,2011-11-30 12:15:00,2010-06-21 13:32:00,8,2863.45,2035,134,15.478108108108108,10,526,0,Champions,14,1,0.11333333333333333,Low Risk
16063,2011-03-24 14:56:00,2011-03-24 14:55:00,1,335.32,262,23,14.57913043478261,260,0,1,Other,5,0,0.9366666666666666,High Risk
16064,2009-12-14 16:11:00,2009-12-14 16:11:00,1,109.31,55,17,6.43,725,0,1,Other,3,0,0.9533333333333334,High Risk
16065,2010-12-09 13:03:00,2010-09-02 13:27:00,8,1992.13,1207,214,5.643427762039661,365,97,1,At Risk,11,1,0.7,High Risk
16066,2011-11-23 11:54:00,2011-08-07 14:33:00,5,1521.04,935,77,15.059801980198019,17,107,0,Champions,13,1,0.20333333333333334,Low Risk
16067,2010-05-26 12:33:00,2010-02-02 18:01:00,3,3269.11,1236,60,48.07514705882353,563,112,1,At Risk,9,0,0.8766666666666667,High Risk
16068,2010-04-25 11:52:00,2010-04-25 11:52:00,1,115.73,48,34,3.3065714285714285,594,0,1,Other,3,0,0.96,High Risk
16069,2010-10-18 10:32:00,2010-10-18 10:32:00,1,457.7,138,25,18.308,418,0,1,Other,4,0,0.8433333333333334,High Risk
16070,2011-11-17 15:50:00,2011-11-07 16:36:00,2,852.15,457,32,25.82272727272727,22,9,0,New / Potential,9,0,0.21,Low Risk
16071,2011-10-26 11:14:00,2010-02-22 14:48:00,4,1076.8,697,62,14.750684931506848,45,610,0,Loyal Customers,11,1,0.15333333333333332,Low Risk
16072,2011-02-24 14:32:00,2010-06-08 16:47:00,4,4180.09,1580,414,7.87210922787194,288,260,1,At Risk,11,1,0.7466666666666667,High Risk
16073,2011-02-15 15:41:00,2011-02-15 15:41:00,1,122.4,48,1,122.4,297,0,1,Other,4,0,0.9566666666666667,High Risk
16074,2010-11-14 13:19:00,2010-11-14 13:19:00,1,252.5,38,23,10.1,390,0,1,Other,4,0,0.9,High Risk
16075,2010-07-25 11:31:00,2010-05-24 15:57:00,2,736.9300000000001,271,41,17.973902439024393,503,61,1,Other,6,0,0.8633333333333333,High Risk
16076,2011-12-06 14:59:00,2011-05-15 12:31:00,10,2234.73,1435,71,17.323488372093024,3,205,0,Champions,14,1,0.14,Low Risk
16077,2010-03-24 10:42:00,2010-03-24 10:42:00,1,2300.4,840,8,287.55,626,0,1,Other,6,0,0.9066666666666666,High Risk
16078,2011-03-01 09:47:00,2010-02-08 13:29:00,2,362.99,200,39,9.307435897435898,284,385,1,Other,6,0,0.79,High Risk
16079,2011-11-23 12:48:00,2011-10-30 13:06:00,3,1352.0,864,18,64.38095238095238,17,23,0,High Value Customers,12,1,0.13333333333333333,Low Risk
16080,2011-09-19 10:42:00,2010-09-15 14:19:00,4,602.5600000000001,298,29,20.085333333333335,82,368,0,Loyal Customers,9,0,0.6033333333333334,High Risk
16081,2011-10-14 13:06:00,2010-02-03 12:46:00,8,4278.96,2177,235,11.627608695652174,56,618,0,Champions,14,1,0.04,Low Risk
16082,2010-02-07 15:16:00,2010-02-07 15:16:00,1,106.75,39,16,6.671875,670,0,1,Other,3,0,0.9766666666666667,High Risk
16083,2011-08-31 10:47:00,2010-11-16 11:53:00,4,2351.42,1514,61,33.11859154929578,101,287,1,Loyal Customers,11,1,0.8633333333333333,High Risk
16084,2011-02-13 16:05:00,2011-02-13 16:05:00,1,436.18,216,38,11.47842105263158,299,0,1,Other,5,0,0.8966666666666666,High Risk
16085,2011-11-16 13:24:00,2010-01-20 14:03:00,12,2341.03,1382,259,6.242746666666667,23,664,0,Champions,13,1,0.006666666666666667,Low Risk
16086,2011-10-11 13:09:00,2009-12-02 13:20:00,10,2687.73,1450,66,20.83511627906977,59,677,0,Champions,13,1,0.0033333333333333335,Low Risk
16087,2010-11-15 16:44:00,2010-01-19 12:30:00,5,1739.92,664,6,173.99200000000002,389,300,1,At Risk,10,0,0.8,High Risk
16088,2010-05-13 10:16:00,2010-04-27 10:56:00,2,1437.43,373,3,239.5716666666667,576,15,1,Other,7,0,0.84,High Risk
16089,2010-11-18 13:51:00,2010-07-18 15:51:00,2,263.49,119,42,5.606170212765957,386,122,1,Other,5,0,0.9833333333333333,High Risk
16090,2010-03-25 13:05:00,2010-03-25 13:05:00,1,180.56,58,18,10.03111111111111,624,0,1,Other,3,0,0.9433333333333334,High Risk
16091,2011-07-08 08:45:00,2011-05-25 09:18:00,2,315.06,154,16,17.503333333333334,155,43,1,Other,7,0,0.8366666666666667,High Risk
16092,2011-08-17 10:46:00,2010-05-09 16:10:00,6,1587.94,1188,60,17.64377777777778,115,464,1,Loyal Customers,11,1,0.8733333333333333,High Risk
16093,2011-08-25 11:09:00,2011-08-25 11:09:00,1,17.0,20,1,17.0,107,0,1,Other,5,0,0.8733333333333333,High Risk
16094,2011-11-28 12:45:00,2010-04-16 14:00:00,11,3695.56,2020,101,18.854897959183674,12,590,0,Champions,15,1,0.21,Low Risk
16095,2010-09-09 16:54:00,2010-09-09 16:54:00,1,447.05,265,30,14.901666666666667,456,0,1,Other,4,0,0.81,High Risk
16096,2011-03-20 13:38:00,2010-03-04 15:44:00,4,1584.97,700,58,24.01469696969697,264,380,1,At Risk,10,0,0.85,High Risk
16097,2011-04-13 13:47:00,2011-04-13 13:47:00,1,185.04999999999998,87,10,18.505,240,0,1,Other,4,0,0.9666666666666667,High Risk
16098,2011-09-13 09:59:00,2009-12-15 09:40:00,14,4010.7,2008,83,26.738,88,637,0,Loyal Customers,13,1,0.01,Low Risk
16099,2011-10-20 13:13:00,2010-03-03 11:13:00,7,1573.2,960,44,22.8,50,596,0,Champions,12,1,0.11333333333333333,Low Risk
16100,2010-09-03 11:39:00,2010-09-03 11:39:00,1,582.64,438,37,15.747027027027027,463,0,1,Other,4,0,0.8933333333333333,High Risk
16101,2011-09-30 10:18:00,2010-05-27 12:50:00,4,3229.16,1844,153,16.818541666666665,71,490,0,Loyal Customers,12,1,0.08333333333333333,Low Risk
16102,2011-10-28 13:19:00,2011-08-03 12:50:00,3,1842.14,942,41,32.31824561403509,42,86,0,High Value Customers,11,1,0.6466666666666666,High Risk
16103,2011-12-02 14:16:00,2010-01-08 12:08:00,22,6191.71,2639,111,30.95855,7,693,0,Champions,15,1,0.006666666666666667,Low Risk
16104,2011-10-09 10:23:00,2009-12-06 10:41:00,9,2774.46,1047,187,11.958879310344829,62,671,0,Loyal Customers,12,1,0.01,Low Risk
16105,2011-04-05 10:13:00,2010-04-14 13:27:00,5,2386.19,2125,92,21.692636363636364,249,355,1,At Risk,10,0,0.7933333333333333,High Risk
16106,2011-10-05 10:37:00,2011-10-05 10:37:00,1,108.38,74,6,18.063333333333333,66,0,0,Other,5,0,0.16333333333333333,Low Risk
16107,2011-11-22 09:40:00,2011-06-09 18:42:00,7,3204.1600000000003,1176,16,103.36000000000001,18,165,0,Champions,14,1,0.20666666666666667,Low Risk
16108,2011-09-16 11:48:00,2010-03-18 14:14:00,4,2235.92,1473,124,16.56237037037037,85,546,0,Loyal Customers,11,1,0.15666666666666668,Low Risk
16109,2011-05-05 09:17:00,2010-01-10 10:37:00,3,939.48,1092,30,30.305806451612902,219,479,1,At Risk,8,0,0.8366666666666667,High Risk
16110,2011-10-25 14:35:00,2010-07-05 13:04:00,4,1781.59,880,343,4.143232558139535,45,477,0,Champions,12,1,0.21666666666666667,Low Risk
16111,2010-10-07 19:51:00,2010-10-07 19:51:00,1,549.33,233,72,7.525068493150686,428,0,1,Other,4,0,0.8633333333333333,High Risk
16112,2011-07-19 14:28:00,2011-01-05 11:47:00,4,195.74,574,15,12.23375,143,195,1,Loyal Customers,8,0,0.63,High Risk
16113,2011-06-09 16:16:00,2011-06-09 16:16:00,1,161.38,176,30,5.379333333333333,183,0,1,Other,5,0,0.8566666666666667,High Risk
16114,2011-06-22 10:13:00,2011-06-22 10:13:00,1,135.75000000000003,43,8,16.968750000000004,171,0,1,Other,5,0,0.8433333333333334,High Risk
16115,2011-11-30 11:32:00,2010-05-14 11:59:00,12,2553.8,1589,230,6.094988066825776,10,564,0,Champions,14,1,0.09,Low Risk
16116,2011-05-12 12:01:00,2011-05-12 12:01:00,1,612.78,248,34,18.02294117647059,212,0,1,Other,6,0,0.91,High Risk
16117,2011-06-03 11:42:00,2010-04-27 11:50:00,3,654.4,321,64,7.352808988764044,190,401,1,At Risk,8,0,0.29333333333333333,Low Risk
16118,2010-02-25 09:40:00,2010-02-25 09:40:00,1,4376.25,2851,41,106.73780487804878,653,0,1,Other,7,0,0.8533333333333334,High Risk
16119,2011-12-01 15:11:00,2009-12-16 11:56:00,8,1720.81,811,37,31.86685185185185,8,715,0,Champions,14,1,0.01,Low Risk
16120,2011-10-11 14:22:00,2010-10-13 15:07:00,6,2967.51,2161,84,32.25554347826087,59,362,0,Champions,13,1,0.11333333333333333,Low Risk
16121,2011-10-13 12:59:00,2010-05-23 10:52:00,5,1450.04,879,256,4.215232558139535,57,508,0,Champions,12,1,0.14333333333333334,Low Risk
16122,2011-09-27 15:34:00,2010-10-10 15:26:00,6,895.62,1280,28,16.585555555555555,73,352,0,Loyal Customers,10,1,0.20333333333333334,Low Risk
16123,2011-10-19 09:18:00,2011-10-19 09:18:00,1,307.78000000000003,170,16,19.236250000000002,52,0,0,New / Potential,7,0,0.39,Medium Risk
16124,2011-01-26 14:45:00,2009-12-07 10:33:00,4,1772.49,797,63,21.615731707317074,317,415,1,At Risk,10,0,0.7766666666666666,High Risk
16125,2010-12-07 15:48:00,2009-12-14 15:38:00,14,4292.35,1819,168,14.955923344947736,367,358,1,At Risk,12,1,0.8066666666666666,High Risk
16126,2011-11-10 16:03:00,2009-12-02 13:34:00,15,14644.6,6140,144,38.43727034120735,29,708,0,Champions,14,1,0.02,Low Risk
16127,2011-10-31 13:58:00,2009-12-13 12:19:00,2,801.3100000000001,391,75,10.684133333333333,39,687,0,New / Potential,9,0,0.09,Low Risk
16128,2011-11-22 11:14:00,2010-07-16 16:30:00,11,3801.05,2445,155,20.88489010989011,18,493,0,Champions,15,1,0.18,Low Risk
16129,2010-10-28 14:29:00,2010-07-20 12:32:00,3,1396.05,1261,91,14.542187499999999,407,100,1,At Risk,9,0,0.34,Medium Risk
16130,2010-10-13 15:14:00,2010-04-01 13:58:00,4,987.48,296,53,17.95418181818182,422,195,1,At Risk,8,0,0.8866666666666667,High Risk
16131,2011-10-19 11:53:00,2009-12-02 10:09:00,12,9957.42,4768,131,45.46767123287671,52,686,0,Champions,14,1,0.013333333333333334,Low Risk
16132,2010-06-13 13:49:00,2010-03-22 10:25:00,2,664.1999999999999,280,14,39.07058823529411,544,83,1,Other,6,0,0.9566666666666667,High Risk
16133,2011-12-06 11:24:00,2010-03-31 12:21:00,56,22992.26,13653,303,42.26518382352941,4,614,0,Champions,15,1,0.12,Low Risk
16134,2011-11-18 10:05:00,2010-06-17 09:48:00,5,2145.34,1637,85,18.49431034482759,22,519,0,Champions,12,1,0.17666666666666667,Low Risk
16135,2011-03-22 12:30:00,2010-05-05 09:35:00,2,819.45,395,35,21.011538461538464,263,321,1,Other,7,0,0.9333333333333333,High Risk
16136,2011-10-11 09:10:00,2010-02-14 12:49:00,4,946.8000000000001,674,44,20.582608695652176,60,603,0,Loyal Customers,10,0,0.05,Low Risk
16137,2010-01-28 15:04:00,2010-01-28 15:04:00,1,422.7,210,28,15.096428571428572,680,0,1,Other,4,0,0.9733333333333334,High Risk
16138,2010-11-26 12:13:00,2010-04-28 09:51:00,3,910.35,774,35,24.604054054054053,379,212,1,At Risk,8,0,0.71,High Risk
16139,2011-11-21 08:37:00,2009-12-03 13:51:00,5,1111.15,602,47,19.493859649122808,19,717,0,Loyal Customers,12,1,0.0033333333333333335,Low Risk
16140,2011-10-05 12:15:00,2010-09-24 12:03:00,3,1433.46,1272,50,22.3978125,66,376,0,High Value Customers,10,0,0.17,Low Risk
16141,2011-09-12 13:11:00,2010-10-18 14:12:00,2,955.94,410,47,19.1188,88,328,0,Other,8,0,0.18666666666666668,Low Risk
16142,2011-04-04 10:16:00,2011-04-04 10:16:00,1,535.34,422,37,14.46864864864865,250,0,1,Other,5,0,0.42,Medium Risk
16143,2011-12-06 14:13:00,2009-12-10 09:44:00,12,4555.08,1866,107,20.426367713004485,3,726,0,Champions,15,1,0.0,Low Risk
16144,2011-04-07 10:09:00,2011-04-07 10:09:00,1,175.2,16,1,175.2,247,0,1,Other,4,0,0.9966666666666667,High Risk
16145,2011-12-01 10:33:00,2010-05-04 13:31:00,19,6805.4400000000005,5270,217,17.185454545454547,9,575,0,Champions,15,1,0.056666666666666664,Low Risk
16146,2011-07-05 14:20:00,2010-09-17 10:46:00,4,946.38,544,34,23.082439024390244,157,291,1,Loyal Customers,10,0,0.8833333333333333,High Risk
16147,2011-07-29 09:57:00,2010-02-05 12:26:00,5,2398.91,1395,113,17.639044117647057,134,538,1,Loyal Customers,11,1,0.78,High Risk
16148,2011-02-16 14:01:00,2010-09-29 10:12:00,2,386.62,250,9,42.95777777777778,296,140,1,Other,6,0,0.94,High Risk
16149,2011-12-05 11:29:00,2010-10-06 15:54:00,3,422.21999999999997,598,30,14.074,5,424,0,Other,10,1,0.16,Low Risk
16150,2011-10-28 12:39:00,2009-12-17 15:33:00,10,4002.17,1990,143,18.528564814814814,43,679,0,Champions,14,1,0.0033333333333333335,Low Risk
16152,2011-03-16 09:47:00,2011-03-16 09:47:00,1,1829.04,642,29,63.070344827586204,269,0,1,Other,7,0,0.6466666666666666,High Risk
16153,2011-10-21 10:50:00,2010-05-26 12:41:00,11,5133.49,3693,161,22.714557522123894,50,512,0,Champions,14,1,0.05,Low Risk
16155,2010-11-23 12:03:00,2010-06-18 11:23:00,5,796.9,495,45,16.602083333333333,382,158,1,At Risk,9,0,0.9266666666666666,High Risk
16156,2011-12-01 12:42:00,2009-12-02 17:06:00,20,6188.18,3205,199,23.709501915708813,9,728,0,Champions,15,1,0.0,Low Risk
16157,2011-11-24 11:41:00,2011-09-28 11:48:00,3,656.69,347,12,36.482777777777784,16,56,0,Other,11,1,0.68,High Risk
16158,2010-07-05 13:55:00,2009-12-05 15:00:00,9,628.32,182,29,17.952,522,211,1,At Risk,9,0,0.91,High Risk
16159,2011-03-03 12:27:00,2009-12-03 11:51:00,4,1232.79,635,31,23.7075,282,455,1,At Risk,10,0,0.8533333333333334,High Risk
16160,2011-10-05 14:19:00,2011-09-15 10:53:00,2,1025.44,1162,20,51.272000000000006,65,20,0,Other,8,0,0.17,Low Risk
16161,2011-12-08 12:10:00,2010-02-08 11:06:00,43,12580.06,6255,458,11.093527336860669,2,668,0,Champions,15,1,0.0033333333333333335,Low Risk
16162,2011-04-01 15:03:00,2011-04-01 15:03:00,1,37.4,4,2,18.7,252,0,1,Other,4,0,0.96,High Risk
16163,2011-04-21 15:15:00,2009-12-02 10:00:00,6,2407.98,676,59,35.4114705882353,232,505,1,At Risk,10,1,0.7666666666666667,High Risk
16164,2011-11-22 15:04:00,2011-10-28 09:12:00,3,822.48,433,27,24.19058823529412,17,25,0,Other,11,1,0.17666666666666667,Low Risk
16165,2010-07-22 14:17:00,2010-07-22 14:17:00,1,79.9,2,1,79.9,505,0,1,Other,3,0,1.0,High Risk
16166,2010-10-07 15:44:00,2010-01-17 14:16:00,2,435.83,173,18,19.810454545454544,428,263,1,Other,5,0,0.9066666666666666,High Risk
16167,2010-10-21 15:33:00,2009-12-01 10:46:00,5,1386.12,1494,51,22.00190476190476,414,324,1,At Risk,9,0,0.7266666666666667,High Risk
16168,2011-11-29 12:45:00,2009-12-03 12:38:00,66,10360.67,4975,131,33.85839869281046,11,726,0,Champions,15,1,0.0033333333333333335,Low Risk
16169,2011-12-01 15:28:00,2011-09-25 11:33:00,4,1822.97,1325,71,21.44670588235294,8,67,0,Champions,13,1,0.12666666666666668,Low Risk
16170,2011-10-20 08:21:00,2010-02-18 13:50:00,20,6869.0,6056,254,15.611363636363636,51,608,0,Champions,14,1,0.03,Low Risk
16171,2011-10-11 14:51:00,2011-10-11 14:51:00,1,73.19999999999999,24,3,24.399999999999995,59,0,0,New / Potential,6,0,0.8,High Risk
16172,2011-09-05 13:22:00,2010-07-14 15:34:00,8,1884.55,1419,81,16.677433628318585,95,417,1,Loyal Customers,12,1,0.72,High Risk
16173,2011-11-24 10:53:00,2011-09-02 15:23:00,6,1418.32,575,70,16.884761904761906,16,82,0,Champions,13,1,0.12666666666666668,Low Risk
16174,2011-08-05 13:26:00,2010-04-15 15:12:00,7,2246.75,1431,28,34.565384615384616,126,476,1,Loyal Customers,11,1,0.8666666666666667,High Risk
16175,2011-09-06 14:32:00,2010-05-25 12:01:00,7,1836.44,932,59,18.739183673469388,94,469,1,Loyal Customers,11,1,0.8033333333333333,High Risk
16176,2010-10-14 13:54:00,2010-03-29 14:52:00,4,2052.69,952,53,28.509583333333335,421,198,1,At Risk,9,0,0.8233333333333334,High Risk
16177,2011-10-20 12:57:00,2010-03-02 14:03:00,8,2247.31,1021,79,19.044999999999998,50,596,0,Champions,13,1,0.07,Low Risk
16178,2011-07-24 16:05:00,2010-11-03 14:46:00,2,612.6,304,24,24.504,138,263,1,Other,8,0,0.5166666666666667,Medium Risk
16179,2011-10-10 09:41:00,2011-10-10 09:41:00,1,215.83,99,11,19.62090909090909,61,0,0,Other,5,0,0.21,Low Risk
16180,2011-08-31 16:28:00,2010-06-23 13:19:00,13,16249.87,9813,171,49.693792048929666,100,434,1,Loyal Customers,13,1,0.75,High Risk
16181,2011-09-27 13:38:00,2011-09-27 13:38:00,1,305.54,152,11,27.776363636363637,73,0,0,Other,6,0,0.3233333333333333,Medium Risk
16182,2011-09-28 13:23:00,2010-03-09 09:34:00,9,9971.65,5887,20,195.52254901960782,72,568,0,Loyal Customers,13,1,0.20333333333333334,Low Risk
16183,2011-10-03 14:59:00,2010-10-28 14:43:00,4,1077.81,351,32,26.288048780487802,67,340,0,Loyal Customers,10,0,0.2,Low Risk
16184,2011-10-06 17:43:00,2011-05-12 13:33:00,6,1158.79,561,26,25.750888888888888,64,147,0,Loyal Customers,10,1,0.24,Low Risk
16185,2011-11-23 09:41:00,2010-05-24 11:04:00,3,644.72,321,39,16.118000000000002,17,547,0,Other,11,0,0.09,Low Risk
16186,2011-11-17 12:43:00,2009-12-09 15:36:00,26,8718.43,6594,172,17.26421782178218,23,707,0,Champions,14,1,0.0,Low Risk
16187,2011-11-08 09:50:00,2011-02-28 13:34:00,15,6911.4400000000005,5048,160,23.428610169491527,32,252,0,Champions,14,1,0.03,Low Risk
16188,2011-10-26 12:19:00,2010-10-27 11:50:00,5,1087.66,838,72,14.698108108108109,45,364,0,Loyal Customers,11,1,0.18,Low Risk
16189,2011-11-24 11:47:00,2011-09-15 15:21:00,2,215.48,134,9,19.58909090909091,16,69,0,New / Potential,8,0,0.26,Low Risk
16190,2011-10-30 15:59:00,2009-12-14 11:59:00,8,2723.55,1231,89,22.886974789915968,40,685,0,Champions,13,1,0.0,Low Risk
16191,2011-12-07 11:26:00,2009-12-11 12:24:00,24,15677.820000000002,9348,113,67.57681034482759,3,725,0,Champions,15,1,0.0,Low Risk
16192,2009-12-04 12:28:00,2009-12-04 12:28:00,1,351.3,208,11,31.936363636363637,736,0,1,Other,4,0,0.7933333333333333,High Risk
16193,2011-04-17 11:45:00,2010-10-25 10:25:00,2,630.4300000000001,379,38,16.59026315789474,237,174,1,Other,7,0,0.9433333333333334,High Risk
16194,2010-11-29 13:28:00,2010-11-29 13:28:00,1,308.6,140,8,38.575,375,0,1,Other,5,0,0.7266666666666667,High Risk
16195,2009-12-16 14:09:00,2009-12-16 14:09:00,1,323.25,123,16,20.203125,723,0,1,Other,4,0,0.9466666666666667,High Risk
16196,2010-08-08 11:40:00,2010-08-08 11:40:00,1,93.3,26,4,23.325,489,0,1,Other,3,0,0.7966666666666666,High Risk
16197,2010-08-27 12:56:00,2009-12-16 11:44:00,9,2016.71,1420,52,21.68505376344086,469,254,1,At Risk,10,1,0.3333333333333333,Medium Risk
16198,2011-09-25 14:58:00,2010-09-28 13:59:00,2,1030.0410000000002,384,31,31.213363636363642,75,362,0,Other,8,0,0.16666666666666666,Low Risk
16199,2010-11-12 12:55:00,2010-03-18 18:47:00,7,942.75,321,2,94.275,392,238,1,At Risk,9,0,0.69,High Risk
16200,2011-12-05 14:40:00,2009-12-02 15:04:00,12,5608.1,3068,361,9.148613376835238,4,732,0,Champions,15,1,0.0033333333333333335,Low Risk
16201,2011-12-06 16:02:00,2010-10-20 12:00:00,5,2112.12,1421,86,17.03322580645161,3,412,0,Champions,13,1,0.15333333333333332,Low Risk
16202,2010-12-14 10:43:00,2009-12-02 10:48:00,9,2501.9900000000002,1307,105,20.17733870967742,361,376,1,At Risk,11,1,0.7533333333333333,High Risk
16203,2011-10-12 12:31:00,2010-07-23 13:09:00,6,943.84,537,56,14.30060606060606,59,445,0,Loyal Customers,11,1,0.6766666666666666,High Risk
16204,2011-11-16 13:40:00,2009-12-08 17:44:00,3,918.71,671,86,9.096138613861386,23,707,0,Other,10,1,0.043333333333333335,Low Risk
16205,2011-11-09 09:32:00,2010-06-15 11:58:00,7,1820.11,1452,147,9.239137055837563,31,511,0,Champions,12,1,0.14,Low Risk
16206,2011-10-16 10:41:00,2010-01-24 15:25:00,13,2589.87,1379,187,10.791125,55,629,0,Champions,13,1,0.013333333333333334,Low Risk
16207,2011-11-14 13:51:00,2011-11-14 13:51:00,1,394.38,140,19,20.756842105263157,25,0,0,New / Potential,7,0,0.19333333333333333,Low Risk
16208,2011-10-26 11:36:00,2010-02-24 14:24:00,10,3440.4500000000003,1541,180,13.598616600790514,45,608,0,Champions,14,1,0.02,Low Risk
16209,2011-09-12 11:58:00,2010-06-11 11:58:00,9,4146.78,1895,51,61.892238805970145,89,458,0,Loyal Customers,13,1,0.15333333333333332,Low Risk
16210,2011-12-08 12:36:00,2009-12-02 12:54:00,35,33750.97,12397,145,131.8397265625,2,735,0,Champions,15,1,0.0,Low Risk
16211,2011-09-12 12:11:00,2010-09-27 15:24:00,3,1090.59,519,35,30.294166666666666,89,349,0,Other,9,0,0.14,Low Risk
16212,2011-11-20 13:00:00,2010-02-07 15:26:00,4,1293.71,571,71,16.586025641025643,19,650,0,Champions,13,1,0.04666666666666667,Low Risk
16213,2011-09-22 10:03:00,2011-09-22 10:03:00,1,159.0,48,6,26.5,79,0,0,Other,5,0,0.32,Medium Risk
16214,2011-06-22 11:30:00,2010-09-30 13:57:00,4,2038.25,1308,84,20.7984693877551,171,264,1,Loyal Customers,11,0,0.82,High Risk
16215,2011-09-20 10:18:00,2011-09-20 10:18:00,1,242.35,104,14,17.310714285714287,81,0,0,Other,5,0,0.8766666666666667,High Risk
16216,2011-03-17 15:34:00,2011-03-17 15:34:00,1,914.9300000000001,254,37,24.72783783783784,267,0,1,Other,6,0,0.4166666666666667,Medium Risk
16217,2011-04-18 13:31:00,2011-03-02 15:28:00,2,304.25,91,13,20.283333333333335,235,46,1,Other,6,0,0.8733333333333333,High Risk
16218,2011-11-10 09:59:00,2010-05-27 16:09:00,13,3968.67,2799,82,29.18139705882353,30,531,0,Champions,14,1,0.07,Low Risk
16219,2010-07-27 11:44:00,2010-07-27 11:44:00,1,40.8,48,1,40.8,501,0,1,Other,3,0,0.9833333333333333,High Risk
16221,2011-11-03 11:43:00,2010-08-10 13:32:00,9,2019.92,1449,177,8.451548117154813,37,449,0,Champions,13,1,0.14666666666666667,Low Risk
16222,2011-01-25 13:38:00,2009-12-18 14:31:00,2,1272.05,463,133,8.772758620689656,318,402,1,Other,8,0,0.67,High Risk
16223,2010-11-30 11:50:00,2010-11-09 12:07:00,2,1087.05,643,101,8.83780487804878,375,20,1,Other,7,0,0.34,Medium Risk
16224,2011-10-13 17:51:00,2010-11-17 13:14:00,5,1616.54,1555,107,13.935689655172414,57,330,0,Champions,12,1,0.4866666666666667,Medium Risk
16225,2011-10-26 08:30:00,2010-02-07 12:41:00,15,2859.31,1281,189,9.531033333333333,45,625,0,Champions,13,1,0.04666666666666667,Low Risk
16226,2011-05-20 14:41:00,2010-10-22 11:19:00,5,672.17,521,23,21.68290322580645,203,210,1,At Risk,9,0,0.64,High Risk
16227,2011-04-28 13:33:00,2010-06-22 13:28:00,3,1027.22,436,28,30.212352941176473,225,310,1,At Risk,8,0,0.9133333333333333,High Risk
16228,2010-11-19 14:20:00,2010-11-04 18:54:00,3,885.71,555,45,16.402037037037037,385,14,1,At Risk,8,0,0.37,Medium Risk
16229,2011-09-13 17:16:00,2010-05-24 12:59:00,6,2867.86,1292,144,16.294659090909093,87,477,0,Loyal Customers,11,1,0.15,Low Risk
16230,2011-06-03 10:06:00,2011-05-03 15:12:00,2,542.03,365,32,15.486571428571429,190,30,1,Other,6,0,0.7566666666666667,High Risk
16231,2010-11-25 15:00:00,2010-04-21 12:06:00,4,1074.47,563,69,10.7447,379,218,1,At Risk,9,0,0.8366666666666667,High Risk
16232,2011-10-27 12:16:00,2010-06-07 14:04:00,7,2712.97,1849,60,25.837809523809522,44,506,0,Champions,12,1,0.13666666666666666,Low Risk
16233,2011-09-29 17:27:00,2009-12-02 13:23:00,9,1818.31,677,49,24.908356164383562,71,666,0,Loyal Customers,12,1,0.056666666666666664,Low Risk
16234,2010-08-20 14:33:00,2010-05-27 10:39:00,3,333.18,170,13,22.212,476,85,1,At Risk,6,0,0.81,High Risk
16235,2011-10-30 10:56:00,2010-08-26 12:10:00,9,2053.71,788,80,17.858347826086955,41,429,0,Champions,13,1,0.17,Low Risk
16236,2011-09-22 14:10:00,2011-09-22 14:10:00,1,432.2,184,20,21.61,78,0,0,Other,6,0,0.31666666666666665,Medium Risk
16237,2010-09-28 17:02:00,2010-09-28 17:02:00,1,136.65,57,7,19.521428571428572,437,0,1,Other,3,0,0.9566666666666667,High Risk
16238,2010-10-13 12:36:00,2010-10-13 12:36:00,1,63.66,85,6,10.61,423,0,1,Other,3,0,0.9333333333333333,High Risk
16239,2011-10-14 08:29:00,2010-09-02 19:17:00,6,1492.2,692,24,42.63428571428572,57,406,0,Champions,12,1,0.20666666666666667,Low Risk
16240,2011-11-15 14:30:00,2011-09-23 13:44:00,2,3718.8,1641,126,27.546666666666667,24,53,0,High Value Customers,11,1,0.55,Medium Risk
16241,2011-11-30 11:08:00,2010-10-25 13:40:00,16,3992.86,2258,500,4.15058212058212,10,400,0,Champions,15,1,0.06333333333333334,Low Risk
16242,2011-12-01 15:12:00,2010-03-15 16:02:00,14,7404.650000000001,3921,348,11.018824404761906,8,625,0,Champions,15,1,0.023333333333333334,Low Risk
16243,2011-11-06 12:32:00,2011-10-16 12:09:00,2,409.1,110,49,8.02156862745098,34,21,0,New / Potential,8,0,0.62,High Risk
16244,2011-05-12 10:18:00,2010-12-02 11:41:00,2,1522.75,855,88,16.733516483516482,212,160,1,Other,8,0,0.69,High Risk
16245,2011-11-16 10:14:00,2011-03-28 09:30:00,3,1413.66,1014,80,15.707333333333334,24,233,0,High Value Customers,11,1,0.18333333333333332,Low Risk
16246,2010-09-06 12:04:00,2010-02-08 12:32:00,2,821.35,336,79,9.333522727272728,460,209,1,Other,6,0,0.59,Medium Risk
16247,2011-06-22 14:23:00,2011-06-22 14:23:00,1,114.56,182,16,7.16,170,0,1,Other,5,0,0.9,High Risk
16248,2011-10-09 11:32:00,2011-10-09 11:32:00,1,152.94,78,7,21.84857142857143,62,0,0,Other,5,0,0.28,Low Risk
16249,2011-10-18 10:07:00,2011-04-14 13:50:00,5,1800.07,950,67,26.08797101449275,53,186,0,Champions,12,1,0.15333333333333332,Low Risk
16250,2011-03-23 15:07:00,2010-11-18 10:43:00,3,565.24,268,29,16.149714285714285,261,125,1,At Risk,7,0,0.88,High Risk
16251,2010-07-15 14:55:00,2010-07-15 14:55:00,1,128.31,44,20,6.4155,512,0,1,Other,3,0,0.9466666666666667,High Risk
16252,2010-11-22 11:57:00,2010-11-22 11:57:00,1,295.09000000000003,158,21,14.051904761904764,383,0,1,Other,5,0,0.91,High Risk
16253,2011-10-04 09:09:00,2009-12-08 17:24:00,7,7272.2,6030,218,24.485521885521884,67,664,0,Loyal Customers,12,1,0.016666666666666666,Low Risk
16254,2010-11-26 13:22:00,2010-03-17 15:43:00,3,967.44,543,65,13.073513513513515,378,253,1,At Risk,8,0,0.71,High Risk
16255,2011-11-23 12:40:00,2010-01-24 12:21:00,15,4530.0,2876,231,8.917322834645669,17,668,0,Champions,15,1,0.0033333333333333335,Low Risk
16256,2011-03-18 12:18:00,2010-04-21 10:34:00,3,1629.37,1590,27,56.1851724137931,267,331,1,At Risk,9,0,0.8866666666666667,High Risk
16257,2011-06-16 10:11:00,2011-06-16 10:11:00,1,46.95,2,2,23.475,177,0,1,Other,5,0,0.96,High Risk
16258,2011-10-25 13:30:00,2010-03-10 14:19:00,15,11942.52,7200,253,34.71662790697675,45,593,0,Champions,14,1,0.03333333333333333,Low Risk
16259,2010-10-25 14:27:00,2010-04-13 16:57:00,3,340.94,143,75,4.011058823529412,410,194,1,At Risk,7,0,0.8666666666666667,High Risk
16260,2011-10-20 09:40:00,2011-10-20 09:40:00,1,1035.45,311,18,57.525000000000006,51,0,0,New / Potential,8,0,0.31666666666666665,Medium Risk
16261,2011-11-22 17:23:00,2010-09-23 16:40:00,6,1041.16,454,118,6.3874846625766875,17,425,0,Loyal Customers,12,1,0.17333333333333334,Low Risk
16262,2010-11-26 13:22:00,2010-11-26 13:22:00,1,755.15,446,46,16.416304347826088,378,0,1,Other,6,0,0.8966666666666666,High Risk
16263,2010-10-12 14:52:00,2010-10-12 14:52:00,1,348.16,197,19,16.57904761904762,423,0,1,Other,4,0,0.93,High Risk
16264,2010-09-27 15:00:00,2010-09-19 16:14:00,2,823.53,616,62,13.071904761904761,438,7,1,Other,6,0,0.8033333333333333,High Risk
16265,2011-11-30 16:41:00,2010-10-28 15:18:00,12,6935.17,3214,192,20.57913946587537,9,398,0,Champions,15,1,0.043333333333333335,Low Risk
16266,2011-09-27 12:08:00,2010-02-04 16:21:00,14,1757.95,791,73,16.127981651376146,74,599,0,Loyal Customers,12,1,0.04666666666666667,Low Risk
16267,2010-04-27 14:10:00,2010-04-27 14:10:00,1,186.66,198,7,26.665714285714284,591,0,1,Other,3,0,0.7633333333333333,High Risk
16268,2011-09-29 18:30:00,2011-09-29 18:30:00,2,667.65,533,45,14.836666666666666,71,0,0,Other,8,0,0.23666666666666666,Low Risk
16269,2010-09-28 11:50:00,2010-09-28 11:50:00,1,717.57,579,53,13.539056603773586,438,0,1,Other,5,0,0.8266666666666667,High Risk
16270,2010-12-21 14:26:00,2010-12-21 14:26:00,1,1141.24,688,54,21.134074074074075,353,0,1,Other,6,0,0.8033333333333333,High Risk
16271,2011-12-07 12:45:00,2010-03-07 12:03:00,10,3397.82,2359,176,11.363946488294316,3,640,0,Champions,15,1,0.0,Low Risk
16272,2011-08-15 10:54:00,2011-08-15 10:53:00,1,411.7,224,25,16.468,117,0,1,Other,6,0,0.6833333333333333,High Risk
16273,2010-03-01 13:24:00,2010-02-21 16:02:00,2,318.34000000000003,40,15,21.22266666666667,648,7,1,Other,5,0,0.92,High Risk
16274,2010-12-01 15:35:00,2010-12-01 15:35:00,1,351.75,153,64,5.411538461538462,373,0,1,Other,5,0,0.8333333333333334,High Risk
16275,2011-05-27 12:41:00,2010-03-08 14:41:00,3,2151.11,1268,105,19.37936936936937,197,444,1,At Risk,9,0,0.8433333333333334,High Risk
16276,2011-06-16 09:34:00,2010-04-11 12:02:00,3,2629.3900000000003,1467,20,101.13038461538463,177,430,1,High Value Customers,10,0,0.5566666666666666,Medium Risk
16277,2009-12-06 11:27:00,2009-12-06 11:27:00,1,188.69,33,23,8.203913043478261,734,0,1,Other,3,0,0.98,High Risk
16278,2011-08-31 17:12:00,2010-07-28 15:40:00,3,1117.84,342,50,20.324363636363636,100,399,1,Other,9,0,0.85,High Risk
16279,2011-11-18 15:00:00,2010-04-22 14:09:00,9,5698.28,3683,243,16.374367816091954,21,575,0,Champions,14,1,0.18666666666666668,Low Risk
16280,2009-12-14 15:49:00,2009-12-14 15:49:00,1,238.05,101,16,14.878125,725,0,1,Other,3,0,0.9733333333333334,High Risk
16281,2011-09-28 14:57:00,2010-01-26 13:41:00,3,3424.02,1570,27,87.79538461538462,72,610,0,High Value Customers,11,1,0.12666666666666668,Low Risk
16282,2011-01-04 11:42:00,2009-12-21 11:52:00,3,1307.5800000000002,790,31,39.623636363636365,340,378,1,At Risk,9,0,0.7833333333333333,High Risk
16283,2011-12-04 12:08:00,2010-02-28 14:12:00,8,4350.32,2867,385,7.474776632302405,6,643,0,Champions,15,1,0.013333333333333334,Low Risk
16284,2011-11-08 16:12:00,2010-11-11 13:27:00,3,1018.48,674,108,7.657744360902256,31,362,0,Other,10,0,0.08,Low Risk
16285,2010-03-03 16:03:00,2010-03-03 16:03:00,1,176.9,60,31,5.706451612903226,646,0,1,Other,3,0,0.8433333333333334,High Risk
16286,2010-08-19 14:48:00,2010-03-26 09:58:00,2,328.95,101,17,19.349999999999998,477,146,1,Other,5,0,0.84,High Risk
16287,2011-06-23 09:08:00,2010-01-19 09:46:00,5,1006.98,1426,18,23.975714285714286,170,519,1,Loyal Customers,10,0,0.8333333333333334,High Risk
16288,2010-08-26 14:45:00,2010-08-26 14:45:00,1,129.85,19,7,18.55,470,0,1,Other,3,0,0.9966666666666667,High Risk
16289,2010-09-03 14:02:00,2010-09-03 14:02:00,1,136.31,97,21,6.490952380952381,462,0,1,Other,3,0,0.9833333333333333,High Risk
16290,2010-09-01 11:52:00,2010-05-23 11:46:00,4,1957.7,957,85,15.787903225806453,465,101,1,At Risk,9,0,0.5333333333333333,Medium Risk
16291,2010-01-26 16:26:00,2010-01-26 16:26:00,1,117.72,1,1,117.72,682,0,1,Other,3,0,0.9966666666666667,High Risk
16292,2011-08-10 12:24:00,2010-04-14 13:29:00,5,1253.76,688,51,20.22193548387097,122,482,1,Loyal Customers,11,0,0.7866666666666666,High Risk
16293,2011-11-18 09:58:00,2009-12-11 09:58:00,15,4279.2,1833,168,19.018666666666665,22,707,0,Champions,14,1,0.006666666666666667,Low Risk
16294,2010-08-20 12:01:00,2010-08-20 12:01:00,1,126.05000000000001,54,8,15.756250000000001,477,0,1,Other,3,0,0.99,High Risk
16295,2011-11-30 08:17:00,2011-10-06 10:45:00,4,1328.55,841,70,16.817088607594936,10,54,0,Champions,13,1,0.07666666666666666,Low Risk
16296,2010-03-23 13:11:00,2009-12-18 12:03:00,4,1313.67,645,56,17.752297297297297,626,95,1,At Risk,9,0,0.27666666666666667,Low Risk
16297,2011-03-16 08:29:00,2011-03-16 08:29:00,1,301.9,206,20,15.094999999999999,269,0,1,Other,5,0,0.8833333333333333,High Risk
16298,2011-11-17 11:59:00,2010-09-23 15:23:00,7,1085.7,308,32,23.1,23,419,0,Loyal Customers,11,1,0.13666666666666666,Low Risk
16299,2010-08-19 17:46:00,2010-08-19 17:46:00,1,193.65,107,12,16.1375,477,0,1,Other,3,0,0.8433333333333334,High Risk
16300,2010-10-05 13:14:00,2010-02-02 11:40:00,3,1367.32,643,190,5.745042016806722,430,245,1,At Risk,8,0,0.86,High Risk
16301,2009-12-03 10:20:00,2009-12-03 10:20:00,1,107.33,41,6,17.888333333333332,737,0,1,Other,3,0,0.8966666666666666,High Risk
16302,2011-08-05 09:44:00,2011-08-05 09:44:00,1,233.22,158,11,21.201818181818183,127,0,1,Other,5,0,0.8733333333333333,High Risk
16303,2011-11-14 10:49:00,2010-03-18 14:12:00,7,7928.27,3859,156,27.721223776223777,26,605,0,Champions,13,1,0.043333333333333335,Low Risk
16304,2010-01-14 08:30:00,2010-01-14 08:30:00,1,381.66,228,25,15.2664,695,0,1,Other,4,0,0.8766666666666667,High Risk
16305,2011-07-24 12:18:00,2011-07-24 12:18:00,1,361.22,256,22,16.41909090909091,139,0,1,Other,6,0,0.9066666666666666,High Risk
16306,2011-05-10 12:12:00,2010-10-01 09:36:00,7,1124.72,712,55,16.78686567164179,214,221,1,At Risk,9,0,0.7933333333333333,High Risk
16307,2010-10-06 14:31:00,2010-05-11 14:40:00,3,1194.92,1123,69,15.932266666666667,429,147,1,At Risk,7,0,0.8633333333333333,High Risk
16308,2011-11-02 11:24:00,2009-12-15 15:48:00,7,5120.0,16000,1,731.4285714285714,38,686,0,Champions,13,1,0.09666666666666666,Low Risk
16309,2011-08-25 15:35:00,2011-04-13 11:46:00,2,706.57,467,39,16.823095238095238,106,134,1,Other,8,0,0.6533333333333333,High Risk
16310,2010-10-21 14:47:00,2010-03-07 15:41:00,2,460.08,270,26,16.431428571428572,414,227,1,Other,5,0,0.8566666666666667,High Risk
16311,2011-11-22 08:54:00,2011-10-21 13:13:00,2,616.26,394,35,16.655675675675674,18,31,0,New / Potential,10,0,0.16666666666666666,Low Risk
16312,2010-10-03 14:15:00,2010-10-03 14:15:00,1,171.15,53,10,17.115000000000002,432,0,1,Other,3,0,0.8766666666666667,High Risk
16313,2011-12-06 13:02:00,2011-10-21 09:04:00,2,274.15000000000003,165,16,17.134375000000002,3,46,0,New / Potential,8,0,0.32666666666666666,Medium Risk
16314,2010-11-15 12:06:00,2010-08-24 11:52:00,3,1491.4,636,58,24.05483870967742,390,83,1,At Risk,9,0,0.5,Medium Risk
16315,2011-01-13 11:57:00,2010-06-21 13:53:00,2,402.71,143,21,17.50913043478261,331,205,1,Other,6,0,0.8733333333333333,High Risk
16316,2011-10-06 13:48:00,2010-08-03 14:38:00,13,5744.91,3057,193,19.343131313131313,64,428,0,Loyal Customers,13,1,0.19666666666666666,Low Risk
16317,2011-08-12 12:46:00,2010-05-04 10:17:00,5,2192.51,1236,103,18.73940170940171,120,465,1,Loyal Customers,11,1,0.9166666666666666,High Risk
16318,2011-11-04 13:05:00,2011-11-04 13:05:00,1,328.15000000000003,199,19,17.27105263157895,35,0,0,New / Potential,7,0,0.82,High Risk
16319,2011-05-06 11:27:00,2011-05-06 11:27:00,1,404.40000000000003,72,3,134.8,218,0,1,Other,5,0,0.88,High Risk
16320,2011-06-20 15:25:00,2010-01-27 13:29:00,6,5628.99,3319,193,23.356804979253113,172,509,1,Loyal Customers,12,1,0.7366666666666667,High Risk
16321,2011-09-28 14:55:00,2009-12-01 10:36:00,7,604.5500000000001,259,15,26.284782608695654,72,666,0,Loyal Customers,9,1,0.023333333333333334,Low Risk
16322,2011-12-08 15:41:00,2011-11-03 14:33:00,2,326.75,231,28,8.83108108108108,1,35,0,New / Potential,9,1,0.22,Low Risk
16323,2011-05-27 14:48:00,2010-05-11 09:48:00,2,353.66,146,4,88.415,196,381,1,Other,6,0,0.8066666666666666,High Risk
16324,2011-08-03 12:58:00,2011-06-15 14:26:00,3,408.59000000000003,270,100,3.6809909909909915,128,48,1,Other,8,0,0.86,High Risk
16325,2011-10-24 08:48:00,2009-12-04 13:21:00,12,3597.5,2464,104,26.068840579710145,47,688,0,Champions,14,1,0.0,Low Risk
16326,2011-12-04 10:11:00,2010-01-28 13:23:00,24,4721.25,1083,243,10.109743040685224,6,674,0,Champions,15,1,0.0033333333333333335,Low Risk
16327,2011-11-25 13:23:00,2009-12-14 13:06:00,16,10159.64,8124,289,11.584538198403648,14,711,0,Champions,15,1,0.0033333333333333335,Low Risk
16328,2010-05-25 14:02:00,2010-05-25 14:02:00,1,310.83,141,16,19.426875,563,0,1,Other,4,0,0.9833333333333333,High Risk
16329,2010-10-08 12:44:00,2009-12-01 11:34:00,4,1664.92,797,83,16.008846153846154,428,311,1,At Risk,9,0,0.81,High Risk
16330,2011-11-22 12:24:00,2010-02-15 12:36:00,7,625.38,326,105,5.345128205128205,18,644,0,Loyal Customers,12,1,0.05,Low Risk
16331,2010-10-03 13:47:00,2010-03-07 10:55:00,6,2037.7,756,33,59.932352941176475,432,210,1,At Risk,9,0,0.8433333333333334,High Risk
16332,2011-11-11 14:22:00,2010-04-29 13:41:00,11,2000.01,1128,158,10.15233502538071,28,561,0,Champions,13,1,0.16333333333333333,Low Risk
16333,2011-12-02 12:19:00,2011-02-03 10:50:00,22,26626.8,32184,9,591.7066666666667,8,302,0,Champions,15,1,0.21666666666666667,Low Risk
16334,2010-08-04 16:38:00,2010-08-04 16:38:00,1,263.73,206,54,4.883888888888889,492,0,1,Other,3,0,0.9166666666666666,High Risk
16335,2010-06-06 11:35:00,2009-12-04 10:18:00,7,2753.52,1004,193,7.6274792243767315,552,184,1,At Risk,9,0,0.7,High Risk
16336,2010-10-15 12:32:00,2010-03-18 08:05:00,4,3517.69,1473,64,51.73073529411765,421,211,1,At Risk,10,0,0.8533333333333334,High Risk
16337,2011-11-03 10:03:00,2011-11-03 10:03:00,1,151.05,87,10,15.105,37,0,0,New / Potential,6,0,0.3333333333333333,Medium Risk
16338,2011-07-05 13:56:00,2011-07-05 13:56:00,1,214.8,94,11,19.527272727272727,157,0,1,Other,5,0,0.73,High Risk
16339,2011-02-28 13:41:00,2011-02-28 13:41:00,1,94.05,21,17,5.225,284,0,1,Other,4,0,0.84,High Risk
16340,2011-08-24 14:53:00,2010-06-06 13:26:00,3,1496.24,1319,277,4.191148459383753,107,444,1,High Value Customers,10,0,0.7066666666666667,High Risk
16341,2011-11-15 09:12:00,2010-04-09 10:30:00,7,3850.79,3022,103,24.372088607594936,25,584,0,Champions,13,1,0.07,Low Risk
16342,2011-09-25 14:36:00,2011-06-13 10:10:00,4,322.41,157,10,21.494000000000003,75,104,0,Loyal Customers,9,0,0.2866666666666667,Low Risk
16343,2011-11-23 17:45:00,2010-10-28 14:15:00,3,614.12,345,54,7.873333333333333,16,391,0,Other,11,0,0.16,Low Risk
16344,2011-07-04 15:50:00,2010-02-09 12:16:00,4,842.42,706,43,18.313478260869566,158,510,1,Loyal Customers,10,0,0.7466666666666667,High Risk
16345,2011-10-26 16:03:00,2010-08-13 17:13:00,2,1178.79,611,95,10.914722222222222,44,438,0,New / Potential,9,0,0.22666666666666666,Low Risk
16346,2010-11-19 15:55:00,2010-11-19 15:55:00,1,224.51,289,15,14.967333333333332,385,0,1,Other,4,0,0.84,High Risk
16347,2011-11-28 13:14:00,2010-03-12 12:41:00,11,3442.96,1715,209,10.067134502923977,11,626,0,Champions,15,1,0.03,Low Risk
16348,2011-11-07 15:44:00,2010-10-05 13:57:00,8,1744.42,1164,180,6.894940711462451,32,398,0,Champions,13,1,0.12,Low Risk
16349,2011-02-22 12:40:00,2011-02-22 12:40:00,1,53.5,9,9,5.944444444444445,291,0,1,Other,4,0,0.9466666666666667,High Risk
16350,2011-11-18 15:53:00,2010-10-07 16:33:00,9,2253.89,1077,72,18.47450819672131,21,406,0,Champions,13,1,0.12666666666666668,Low Risk
16351,2011-01-11 10:26:00,2009-12-04 16:12:00,13,3330.03,2165,124,17.80764705882353,333,402,1,At Risk,12,1,0.7566666666666667,High Risk
16352,2011-11-22 10:32:00,2011-11-02 08:44:00,2,494.44,300,28,17.658571428571427,18,20,0,New / Potential,9,0,0.26,Low Risk
16353,2011-12-06 12:23:00,2009-12-07 13:55:00,38,9795.460000000001,3483,76,56.62115606936417,4,728,0,Champions,15,1,0.006666666666666667,Low Risk
16354,2011-10-07 14:28:00,2010-04-27 13:33:00,5,1119.46,592,116,7.996142857142857,63,528,0,Loyal Customers,10,1,0.15,Low Risk
16355,2010-11-29 14:21:00,2010-11-29 14:21:00,1,416.35,179,47,8.673958333333333,375,0,1,Other,5,0,0.81,High Risk
16356,2011-05-26 11:51:00,2010-06-06 11:26:00,6,415.87,190,27,7.0486440677966105,198,354,1,At Risk,8,0,0.8966666666666666,High Risk
16357,2011-11-06 16:04:00,2010-11-23 18:52:00,4,868.37,389,43,18.47595744680851,33,347,0,Loyal Customers,11,1,0.17333333333333334,Low Risk
16358,2011-12-08 15:09:00,2010-11-10 11:36:00,5,2919.65,2065,118,18.958766233766234,1,393,0,Champions,14,1,0.12333333333333334,Low Risk
16359,2011-12-02 17:04:00,2010-02-16 10:39:00,16,2697.75,1764,78,21.582,7,654,0,Champions,14,1,0.0,Low Risk
16360,2011-12-05 12:16:00,2011-09-12 13:50:00,6,3450.41,2110,365,5.425172955974842,5,83,0,Champions,14,1,0.07666666666666666,Low Risk
16361,2011-11-30 12:32:00,2011-09-29 13:13:00,4,891.21,418,87,8.569326923076924,10,61,0,Loyal Customers,12,1,0.46,Medium Risk
16362,2011-11-07 13:01:00,2010-09-28 09:24:00,6,922.16,467,67,10.246222222222222,32,405,0,Loyal Customers,11,1,0.24333333333333335,Low Risk
16363,2011-10-17 14:14:00,2011-10-17 14:14:00,1,109.36000000000001,52,5,21.872000000000003,53,0,0,New / Potential,6,0,0.26666666666666666,Low Risk
16364,2011-11-28 11:27:00,2011-07-25 14:35:00,2,705.79,279,48,13.572884615384615,12,125,0,New / Potential,10,0,0.92,High Risk
16365,2011-11-22 11:24:00,2009-12-11 12:41:00,15,3167.34,1034,97,25.543064516129032,18,710,0,Champions,15,1,0.016666666666666666,Low Risk
16366,2011-11-21 08:19:00,2009-12-16 10:39:00,4,1548.13,882,74,19.847820512820515,19,704,0,Champions,13,1,0.016666666666666666,Low Risk
16367,2011-11-02 13:13:00,2010-11-21 13:23:00,3,1350.48,1103,196,6.055964125560538,37,345,0,High Value Customers,11,1,0.27666666666666667,Low Risk
16368,2011-12-07 13:12:00,2010-09-30 11:30:00,3,621.44,307,74,6.904888888888889,2,433,0,Other,11,1,0.16666666666666666,Low Risk
16369,2011-11-21 16:25:00,2010-04-07 16:52:00,7,2656.56,1589,115,15.719289940828402,18,592,0,Champions,13,1,0.12666666666666668,Low Risk
16370,2011-09-18 15:55:00,2011-04-28 16:40:00,4,1301.91,640,143,5.890995475113122,82,142,0,Loyal Customers,11,0,0.13,Low Risk
16371,2010-09-17 12:09:00,2010-09-17 12:09:00,1,157.2,108,11,14.29090909090909,449,0,1,Other,3,0,0.9133333333333333,High Risk
16372,2011-11-06 13:08:00,2010-04-11 15:20:00,5,1290.31,722,271,4.096222222222222,33,573,0,Champions,12,1,0.07333333333333333,Low Risk
16373,2010-11-22 15:50:00,2010-10-24 13:10:00,2,309.49,119,25,10.672068965517242,382,29,1,Other,6,0,0.9533333333333334,High Risk
16374,2011-10-04 15:21:00,2010-04-30 13:10:00,5,1723.4,771,276,4.98092485549133,66,522,0,Loyal Customers,11,1,0.12,Low Risk
16375,2010-08-26 14:25:00,2010-08-26 14:12:00,2,104.0,74,11,8.0,470,0,1,Other,4,0,0.9633333333333334,High Risk
16376,2011-12-01 11:38:00,2011-11-22 16:47:00,2,974.96,691,104,7.991475409836066,9,8,0,New / Potential,10,1,0.15666666666666668,Low Risk
16377,2011-03-17 15:41:00,2010-04-01 10:36:00,2,1308.48,2928,6,130.848,267,350,1,Other,8,0,0.7666666666666667,High Risk
16378,2011-04-06 15:07:00,2011-02-02 12:42:00,3,362.95,267,22,15.780434782608696,247,63,1,At Risk,7,0,0.7633333333333333,High Risk
16379,2011-12-05 15:38:00,2011-09-22 09:33:00,4,2157.4,1410,87,19.975925925925928,4,74,0,Champions,13,1,0.13666666666666666,Low Risk
16380,2011-10-09 15:40:00,2011-10-09 15:40:00,1,1743.1499999999999,1428,28,56.23064516129032,61,0,0,High Value Customers,8,0,0.5733333333333334,Medium Risk
16381,2010-11-09 09:56:00,2010-10-17 13:06:00,2,247.85,108,60,4.06311475409836,396,22,1,Other,5,0,0.9466666666666667,High Risk
16382,2010-10-27 16:23:00,2010-06-07 12:42:00,2,353.1,167,42,8.025,408,142,1,Other,6,0,0.9333333333333333,High Risk
16383,2011-09-26 12:45:00,2010-02-04 13:18:00,7,2896.69,1596,239,7.241725,75,598,0,Loyal Customers,11,1,0.05333333333333334,Low Risk
16384,2011-09-11 11:19:00,2010-04-28 14:01:00,4,1358.95,861,80,16.77716049382716,90,500,0,Loyal Customers,11,0,0.07666666666666666,Low Risk
16385,2011-10-10 13:12:00,2010-03-18 12:45:00,5,881.35,476,94,7.731140350877193,60,571,0,Loyal Customers,10,1,0.08,Low Risk
16386,2011-11-11 12:28:00,2010-11-17 11:19:00,3,1068.16,700,127,7.684604316546763,29,359,0,Other,10,1,0.09,Low Risk
16387,2011-01-21 11:34:00,2010-03-11 12:22:00,5,882.46,448,68,10.143218390804599,323,315,1,At Risk,9,0,0.8666666666666667,High Risk
16388,2010-02-24 10:20:00,2010-02-24 10:20:00,1,186.05,83,13,14.311538461538463,654,0,1,Other,3,0,0.9966666666666667,High Risk
16389,2011-10-17 14:41:00,2011-03-01 15:47:00,4,1382.0700000000002,1242,33,40.64911764705883,53,229,0,Champions,12,1,0.6533333333333333,High Risk
16390,2010-06-21 10:11:00,2010-01-29 15:25:00,3,467.5,122,16,22.261904761904763,537,142,1,At Risk,6,0,0.93,High Risk
16391,2010-11-04 12:27:00,2010-05-27 11:27:00,4,1052.26,715,261,3.4613815789473685,401,161,1,At Risk,9,0,0.7933333333333333,High Risk
16392,2011-03-15 12:11:00,2010-05-27 11:17:00,3,756.7,604,125,5.254861111111111,270,292,1,At Risk,8,0,0.8533333333333334,High Risk
16393,2011-12-07 12:51:00,2009-12-01 12:13:00,23,5297.77,3001,313,7.092061579651942,2,736,0,Champions,15,1,0.0033333333333333335,Low Risk
16394,2011-10-14 09:48:00,2011-02-23 10:58:00,5,1555.34,2604,61,18.73903614457831,57,232,0,Champions,12,1,0.2,Low Risk
16395,2011-10-10 12:50:00,2009-12-06 12:26:00,14,3518.41,2901,416,5.549542586750788,61,673,0,Loyal Customers,13,1,0.0,Low Risk
16396,2010-08-20 14:17:00,2010-08-20 14:17:00,1,137.8,80,8,17.225,476,0,1,Other,3,0,0.92,High Risk
16397,2010-03-21 15:36:00,2010-03-21 15:36:00,1,123.13,43,9,13.681111111111111,628,0,1,Other,3,0,0.92,High Risk
16398,2011-07-08 15:16:00,2011-03-31 09:38:00,2,1705.8,758,75,20.802439024390242,154,99,1,High Value Customers,9,0,0.85,High Risk
16399,2011-11-20 16:12:00,2010-11-15 15:03:00,3,630.22,452,97,5.729272727272727,19,370,0,Other,11,0,0.09,Low Risk
16400,2011-09-06 12:27:00,2009-12-08 12:38:00,9,3059.85,2066,214,11.460112359550562,95,636,1,Loyal Customers,13,1,0.016666666666666666,Low Risk
16401,2011-12-08 18:15:00,2010-06-02 13:13:00,23,6849.15,6035,110,18.868181818181817,1,554,0,Champions,15,1,0.03666666666666667,Low Risk
16402,2011-03-20 12:25:00,2010-12-05 13:42:00,2,293.45,146,55,5.148245614035088,265,104,1,Other,6,0,0.8766666666666667,High Risk
16403,2011-01-31 13:39:00,2011-01-31 13:39:00,1,177.5,114,10,17.75,312,0,1,Other,4,0,0.9,High Risk
16404,2011-09-30 14:55:00,2011-09-30 14:55:00,1,443.05,157,23,19.26304347826087,70,0,0,Other,6,0,0.24666666666666667,Low Risk
16405,2011-02-10 15:24:00,2011-02-02 17:08:00,2,167.25,187,3,33.45,302,7,1,Other,5,0,0.8383049766056997,High Risk
16406,2011-11-21 11:57:00,2010-02-24 11:51:00,3,528.36,257,135,3.5700000000000003,19,635,0,Other,10,0,0.09666666666666666,Low Risk
16407,2011-11-27 11:05:00,2010-10-03 13:56:00,14,2761.65,1448,120,12.274000000000001,13,419,0,Champions,14,1,0.23666666666666666,Low Risk
16408,2010-04-27 14:08:00,2010-04-27 14:08:00,1,231.93,227,45,5.154,591,0,1,Other,3,0,0.87,High Risk
16409,2011-11-03 16:45:00,2009-12-13 15:38:00,12,5652.74,3664,335,7.293858064516129,36,690,0,Champions,14,1,0.0,Low Risk
16410,2009-12-05 14:51:00,2009-12-05 14:51:00,1,130.32,348,5,26.064,734,0,1,Other,3,0,0.7633333333333333,High Risk
16411,2011-11-20 13:23:00,2010-10-07 15:09:00,4,756.39,461,139,4.178950276243094,19,408,0,Loyal Customers,12,1,0.10333333333333333,Low Risk
16412,2011-10-17 12:35:00,2010-02-04 13:46:00,5,593.19,288,84,4.862213114754099,54,619,0,Loyal Customers,10,0,0.09,Low Risk
16413,2011-10-14 12:08:00,2010-11-29 12:49:00,2,522.03,283,55,7.676911764705882,57,318,0,New / Potential,8,0,0.5933333333333334,Medium Risk
16414,2011-11-18 09:42:00,2010-01-14 10:21:00,5,551.21,201,58,8.74936507936508,22,672,0,Loyal Customers,10,1,0.04666666666666667,Low Risk
16415,2011-10-26 13:35:00,2010-02-01 12:30:00,3,696.76,508,120,4.805241379310345,44,632,0,Other,10,0,0.056666666666666664,Low Risk
16416,2011-11-13 12:50:00,2010-02-23 12:00:00,9,2957.88,2198,146,15.90258064516129,27,628,0,Champions,14,1,0.013333333333333334,Low Risk
16417,2010-08-04 09:08:00,2010-08-04 09:08:00,1,35.7,6,1,35.7,493,0,1,Other,3,0,0.9833333333333333,High Risk
16418,2011-10-26 12:39:00,2010-10-13 12:31:00,5,1028.74,564,121,6.59448717948718,45,378,0,Loyal Customers,11,1,0.12,Low Risk
16419,2011-08-19 12:33:00,2010-02-09 13:26:00,8,1463.7,701,62,16.263333333333335,113,555,1,Loyal Customers,12,1,0.52,Medium Risk
16420,2010-11-08 15:15:00,2010-11-08 15:15:00,1,75.0,120,2,37.5,396,0,1,Other,4,0,0.6933333333333334,High Risk
16421,2010-11-28 13:31:00,2010-08-27 12:02:00,3,526.27,123,35,13.849210526315789,376,93,1,At Risk,7,0,0.9166666666666666,High Risk
16422,2011-11-22 14:00:00,2010-01-12 11:57:00,109,61920.87,64225,111,88.71184813753582,17,679,0,Champions,15,1,0.0,Low Risk
16423,2011-11-15 09:21:00,2011-11-15 09:21:00,1,346.12,230,18,19.22888888888889,25,0,0,New / Potential,7,0,0.2733333333333333,Low Risk
16424,2011-06-01 13:40:00,2010-11-22 11:24:00,2,443.06,212,10,34.081538461538464,191,191,1,Other,6,0,0.89,High Risk
16425,2011-02-10 14:30:00,2011-02-10 14:30:00,1,302.7,199,21,14.414285714285715,302,0,1,Other,5,0,0.9233333333333333,High Risk
16426,2011-12-07 14:01:00,2011-03-08 15:45:00,10,1863.76,1215,211,5.279773371104816,2,273,0,Champions,14,1,0.09666666666666666,Low Risk
16427,2011-03-21 17:10:00,2011-02-28 15:18:00,2,241.06,156,8,26.784444444444446,263,21,1,Other,5,0,0.7766666666666666,High Risk
16428,2010-10-22 12:22:00,2010-07-30 12:10:00,3,638.49,575,121,5.02748031496063,414,84,1,At Risk,7,0,0.7433333333333333,High Risk
16429,2011-08-25 13:54:00,2011-08-25 13:54:00,1,284.55,9,2,142.275,106,0,1,Other,5,0,0.99,High Risk
16430,2011-10-13 14:47:00,2010-01-27 12:45:00,7,1117.94,307,19,39.92642857142857,57,624,0,Loyal Customers,11,1,0.05,Low Risk
16431,2011-05-10 14:09:00,2011-02-15 14:02:00,3,623.28,442,51,8.201052631578946,213,84,1,At Risk,8,0,0.85,High Risk
16432,2011-10-06 13:59:00,2011-10-06 13:59:00,1,287.40000000000003,276,8,35.925000000000004,64,0,0,Other,6,0,0.3333333333333333,Medium Risk
16433,2011-11-11 14:09:00,2010-10-27 12:26:00,2,384.52,214,33,11.309411764705882,28,380,0,New / Potential,8,0,0.5866666666666667,Medium Risk
16434,2011-11-10 14:28:00,2010-01-17 14:51:00,12,2673.69,1310,126,14.853833333333334,29,661,0,Champions,13,1,0.0,Low Risk
16435,2010-07-15 18:22:00,2010-07-13 13:29:00,3,1003.0699999999999,608,119,8.02456,512,2,1,At Risk,7,0,0.8733333333333333,High Risk
16436,2010-02-09 13:19:00,2009-12-06 16:02:00,3,319.14,227,37,7.9784999999999995,668,64,1,At Risk,6,0,0.8133333333333334,High Risk
16437,2010-11-23 16:59:00,2010-10-06 12:34:00,2,301.25,197,17,14.345238095238095,381,48,1,Other,6,0,0.8533333333333334,High Risk
16438,2011-12-04 10:51:00,2011-09-18 13:31:00,5,798.35,463,74,6.04810606060606,6,76,0,Loyal Customers,12,1,0.38666666666666666,Medium Risk
16439,2009-12-17 14:22:00,2009-12-17 14:22:00,1,310.70000000000005,74,9,34.522222222222226,722,0,1,Other,4,0,0.93,High Risk
16440,2011-12-02 12:02:00,2010-08-03 11:32:00,6,3856.97,2108,202,12.563420195439738,8,486,0,Champions,14,1,0.16666666666666666,Low Risk
16441,2011-10-03 17:48:00,2010-03-22 18:00:00,5,1019.13,478,67,11.989764705882353,67,559,0,Loyal Customers,10,1,0.1,Low Risk
16442,2011-12-08 11:43:00,2009-12-13 11:05:00,5,891.98,580,226,3.611255060728745,2,725,0,Loyal Customers,12,1,0.04,Low Risk
16443,2010-07-07 11:57:00,2010-07-07 11:57:00,1,162.24,96,1,162.24,521,0,1,Other,3,0,0.99,High Risk
16444,2011-10-24 13:50:00,2010-03-24 14:06:00,17,3625.88,1945,217,9.773261455525606,46,578,0,Champions,14,1,0.18666666666666668,Low Risk
16445,2011-11-06 12:32:00,2010-10-24 12:39:00,4,583.16,287,143,3.2397777777777774,34,377,0,Loyal Customers,10,0,0.10333333333333333,Low Risk
16446,2011-12-09 09:15:00,2011-05-18 09:52:00,2,168472.5,80997,3,56157.5,1,204,0,High Value Customers,12,1,0.2833333333333333,Low Risk
16447,2011-07-27 12:45:00,2010-02-17 14:09:00,3,727.1,315,59,10.69264705882353,136,524,1,Other,9,0,0.7133333333333334,High Risk
16448,2011-05-25 16:28:00,2010-08-25 16:58:00,2,361.12,176,45,7.2224,198,272,1,Other,6,0,0.9266666666666666,High Risk
16449,2011-05-26 10:25:00,2011-03-04 12:15:00,2,707.69,367,40,17.69225,198,82,1,Other,7,0,0.8833333333333333,High Risk
16450,2011-07-13 11:47:00,2010-02-21 15:46:00,3,1505.73,681,36,35.016976744186046,150,506,1,High Value Customers,10,0,0.83,High Risk
16451,2011-09-13 09:17:00,2009-12-04 15:11:00,3,1013.15,524,61,15.586923076923076,88,647,0,Other,9,0,0.02666666666666667,Low Risk
16452,2010-03-19 12:39:00,2010-01-15 12:22:00,2,332.17,199,14,18.45388888888889,631,63,1,Other,5,0,0.8033333333333333,High Risk
16453,2010-06-27 12:46:00,2010-06-09 13:15:00,2,251.71,139,15,16.78066666666667,531,17,1,Other,4,0,0.8966666666666666,High Risk
16454,2011-10-26 11:40:00,2010-04-07 15:54:00,4,30.950000000000003,9,4,7.737500000000001,45,566,0,Loyal Customers,9,0,0.49666666666666665,Medium Risk
16455,2011-10-07 12:17:00,2010-03-30 10:31:00,11,3995.57,2851,111,19.490585365853658,64,556,0,Loyal Customers,13,1,0.04,Low Risk
16456,2011-09-01 13:50:00,2010-03-29 11:16:00,13,6000.94,3296,226,15.347672634271099,99,521,1,Loyal Customers,13,1,0.72,High Risk
16457,2011-05-05 13:19:00,2011-05-05 13:19:00,1,208.36,140,9,23.151111111111113,218,0,1,Other,4,0,0.8966666666666666,High Risk
16458,2011-12-07 09:34:00,2010-05-26 14:38:00,30,5690.89,3395,91,14.936719160104987,3,559,0,Champions,15,1,0.05333333333333334,Low Risk
16459,2009-12-10 12:42:00,2009-12-10 12:42:00,1,71.78999999999999,59,5,14.357999999999999,730,0,1,Other,3,0,0.9633333333333334,High Risk
16460,2011-11-11 13:46:00,2011-09-19 10:15:00,3,811.23,876,128,6.145681818181818,28,53,0,Other,10,0,0.06666666666666667,Low Risk
16461,2011-06-15 12:07:00,2010-03-03 13:57:00,3,1545.83,933,223,6.134246031746032,178,468,1,High Value Customers,10,0,0.8333333333333334,High Risk
16462,2011-09-27 10:24:00,2011-03-01 08:58:00,3,136.0,16,1,45.333333333333336,74,210,0,Other,7,0,0.33666666666666667,Medium Risk
16463,2011-11-18 14:01:00,2011-05-19 14:45:00,4,1422.4,1163,74,17.346341463414635,21,182,0,Champions,12,1,0.17333333333333334,Low Risk
16464,2011-11-20 12:11:00,2011-07-20 13:53:00,3,1298.66,952,152,5.646347826086957,20,122,0,High Value Customers,11,1,0.18,Low Risk
16465,2010-10-15 09:27:00,2010-09-21 10:46:00,2,746.24,504,45,15.546666666666667,421,23,1,Other,6,0,0.85,High Risk
16466,2011-11-06 11:35:00,2010-03-07 14:31:00,15,3767.09,1777,207,11.21157738095238,34,608,0,Champions,14,1,0.016666666666666666,Low Risk
16467,2010-07-19 11:49:00,2009-12-02 11:59:00,7,2869.16,7384,14,119.54833333333333,509,228,1,At Risk,9,1,0.75,High Risk
16468,2011-09-26 14:13:00,2010-08-15 13:10:00,3,787.52,371,38,17.500444444444444,74,407,0,Other,9,0,0.1,Low Risk
16469,2011-11-16 12:25:00,2010-07-13 13:17:00,5,803.9,332,167,4.14381443298969,24,490,0,Loyal Customers,11,1,0.2,Low Risk
16470,2011-10-19 12:11:00,2009-12-11 12:21:00,11,2416.85,1335,286,5.164209401709401,52,676,0,Champions,13,1,0.006666666666666667,Low Risk
16471,2011-03-10 09:41:00,2010-02-25 10:07:00,4,1189.98,670,48,19.193225806451615,275,377,1,At Risk,9,0,0.7966666666666666,High Risk
16472,2010-10-01 13:56:00,2010-04-21 11:48:00,2,789.6,252,39,20.246153846153845,434,163,1,Other,6,0,0.7366666666666667,High Risk
16473,2011-06-28 09:10:00,2010-11-30 16:29:00,4,470.83,296,26,16.815357142857142,165,209,1,Loyal Customers,9,0,0.9366666666666666,High Risk
16474,2011-12-02 13:02:00,2011-07-17 14:51:00,7,1810.65,909,237,5.372848664688427,7,137,0,Champions,13,1,0.16666666666666666,Low Risk
16475,2011-09-12 14:37:00,2011-03-11 09:39:00,4,544.3,319,23,19.439285714285713,88,185,0,Loyal Customers,9,0,0.23,Low Risk
16476,2010-10-04 10:29:00,2010-10-04 10:29:00,1,350.35,187,24,14.597916666666668,432,0,1,Other,4,0,0.83,High Risk
16477,2011-10-07 09:44:00,2010-08-12 09:43:00,11,4094.37,2507,177,16.64378048780488,64,421,0,Loyal Customers,13,1,0.10333333333333333,Low Risk
16478,2011-11-14 15:51:00,2011-10-05 12:02:00,3,331.0,224,15,19.470588235294116,25,40,0,Other,9,0,0.18333333333333332,Low Risk
16479,2011-11-29 13:40:00,2011-11-29 13:04:00,2,300.83,102,35,8.595142857142857,10,0,0,New / Potential,9,0,0.35,Medium Risk
16480,2011-09-25 11:40:00,2011-09-25 11:40:00,1,769.29,455,51,14.514905660377357,76,0,0,Other,7,0,0.26,Low Risk
16481,2010-01-26 13:09:00,2010-01-26 13:09:00,1,453.38,201,16,28.33625,682,0,1,Other,4,0,0.62,High Risk
16482,2011-11-24 12:33:00,2011-11-24 12:33:00,1,220.62,346,18,12.256666666666668,16,0,0,New / Potential,7,0,0.33,Medium Risk
16483,2011-05-31 13:08:00,2011-05-31 13:08:00,1,139.35,44,19,7.334210526315789,192,0,1,Other,4,0,0.9566666666666667,High Risk
16484,2011-06-19 12:06:00,2011-06-02 10:39:00,2,404.3,200,25,16.172,174,17,1,Other,7,0,0.85,High Risk
16485,2011-09-23 15:50:00,2009-12-06 12:28:00,5,2287.19,1153,126,15.883263888888889,77,656,0,Loyal Customers,11,1,0.013333333333333334,Low Risk
16486,2010-06-20 12:16:00,2010-06-20 12:16:00,1,134.36,24,7,19.194285714285716,538,0,1,Other,3,0,0.9733333333333334,High Risk
16487,2010-05-11 13:38:00,2010-02-18 17:36:00,2,209.4,163,28,5.982857142857143,577,81,1,Other,4,0,0.8966666666666666,High Risk
16488,2011-11-06 13:42:00,2011-07-14 11:46:00,3,498.8,728,28,17.2,33,115,0,Other,9,0,0.24,Low Risk
16489,2010-11-24 14:40:00,2010-09-29 15:02:00,2,303.7,38,4,50.61666666666667,380,55,1,Other,6,0,0.9266666666666666,High Risk
16490,2010-09-29 16:30:00,2010-09-29 16:30:00,1,205.41000000000003,113,13,15.800769230769232,436,0,1,Other,3,0,0.9566666666666667,High Risk
16491,2011-10-24 10:18:00,2010-10-22 15:42:00,2,1533.16,1060,86,17.622528735632184,47,366,0,High Value Customers,10,0,0.18333333333333332,Low Risk
16492,2010-06-17 08:20:00,2010-06-17 08:20:00,1,385.56,235,23,16.763478260869565,541,0,1,Other,4,0,0.89,High Risk
16493,2011-09-21 11:10:00,2010-03-26 13:05:00,7,2132.09,1988,77,19.20801801801802,80,543,0,Loyal Customers,11,1,0.4766666666666667,Medium Risk
16494,2011-02-16 12:49:00,2011-02-16 12:49:00,1,826.53,675,47,16.5306,297,0,1,Other,6,0,0.9166666666666666,High Risk
16495,2011-12-06 13:20:00,2011-03-08 16:38:00,3,648.26,328,78,7.366590909090909,3,272,0,Other,11,1,0.16666666666666666,Low Risk
16496,2011-12-01 10:31:00,2010-07-18 13:42:00,6,2330.77,1764,120,16.88963768115942,9,500,0,Champions,13,1,0.10666666666666667,Low Risk
16497,2011-10-21 10:55:00,2009-12-03 14:11:00,23,6695.28,3050,239,19.867299703264095,50,686,0,Champions,14,1,0.0,Low Risk
16498,2011-07-01 15:07:00,2011-06-30 19:52:00,2,100.97,45,15,6.731333333333334,161,0,1,Other,6,0,0.96,High Risk
16499,2010-12-14 13:31:00,2010-06-11 12:22:00,8,2578.34,1364,104,17.90513888888889,360,186,1,At Risk,11,1,0.7733333333333333,High Risk
16500,2011-12-05 12:04:00,2010-06-14 14:54:00,9,843.9100000000001,386,24,24.82088235294118,5,538,0,Loyal Customers,13,1,0.16,Low Risk
16501,2010-11-21 14:10:00,2010-11-21 14:10:00,1,1191.23,628,181,5.98608040201005,383,0,1,Other,6,0,0.7966666666666666,High Risk
16502,2010-03-29 13:44:00,2010-03-29 13:39:00,2,258.55,220,41,6.30609756097561,620,0,1,Other,4,0,0.8233333333333334,High Risk
16503,2011-08-25 11:46:00,2010-06-21 14:07:00,11,3614.34,1535,161,16.9687323943662,107,429,1,Loyal Customers,13,1,0.7466666666666667,High Risk
16504,2011-11-14 15:18:00,2011-11-14 15:18:00,1,465.88,510,76,5.613012048192771,25,0,0,New / Potential,7,0,0.07,Low Risk
16505,2011-11-08 12:14:00,2011-11-08 12:14:00,1,777.6,576,4,194.4,32,0,0,New / Potential,8,0,0.23,Low Risk
16506,2011-11-20 12:17:00,2011-10-30 15:50:00,2,90.30000000000001,42,3,30.100000000000005,20,20,0,New / Potential,7,0,0.26666666666666666,Low Risk
16507,2010-05-16 12:56:00,2010-05-16 12:56:00,1,142.71,111,37,3.755526315789474,572,0,1,Other,3,0,0.9,High Risk
16508,2010-03-19 13:41:00,2010-03-19 13:41:00,1,240.95,103,42,5.603488372093023,630,0,1,Other,3,0,0.7466666666666667,High Risk
16509,2011-02-16 09:25:00,2011-02-16 09:25:00,1,363.70000000000005,64,13,27.97692307692308,297,0,1,Other,5,0,0.86,High Risk
16510,2010-12-02 13:39:00,2010-01-17 12:30:00,6,1777.5,930,94,15.870535714285714,372,319,1,At Risk,10,0,0.9233333333333333,High Risk
16511,2011-11-18 10:41:00,2010-03-01 12:21:00,6,1760.49,769,235,5.79108552631579,22,626,0,Champions,12,1,0.006666666666666667,Low Risk
16513,2011-12-05 10:18:00,2011-10-27 14:56:00,4,874.59,407,33,24.988285714285716,5,38,0,Loyal Customers,12,1,0.11333333333333333,Low Risk
16515,2011-10-18 13:10:00,2010-06-17 12:17:00,10,3179.06,1573,184,13.470593220338984,52,488,0,Champions,14,1,0.16,Low Risk
16516,2011-11-09 14:59:00,2011-11-09 14:59:00,1,101.69999999999999,58,6,16.95,30,0,0,New / Potential,6,0,0.7366666666666667,High Risk
16517,2011-03-07 13:50:00,2011-03-07 13:50:00,1,162.70000000000002,96,17,9.57058823529412,277,0,1,Other,4,0,0.9866666666666667,High Risk
16518,2011-10-09 15:04:00,2010-06-01 13:31:00,4,959.37,524,61,14.108382352941177,61,495,0,Loyal Customers,10,0,0.1,Low Risk
16519,2011-11-14 15:41:00,2010-03-01 13:51:00,4,439.06,150,32,12.196111111111112,25,623,0,Loyal Customers,10,0,0.03666666666666667,Low Risk
16520,2011-06-06 13:24:00,2010-03-02 16:50:00,6,2148.38,1045,251,6.103352272727273,186,460,1,Loyal Customers,11,1,0.7533333333333333,High Risk
16521,2010-10-20 13:09:00,2010-03-01 13:22:00,3,1140.11,1014,212,4.810590717299577,415,232,1,At Risk,7,0,0.7933333333333333,High Risk
16522,2010-09-30 10:54:00,2010-09-15 13:32:00,2,433.36,212,16,24.075555555555557,436,14,1,Other,5,0,0.9033333333333333,High Risk
16523,2011-12-08 09:06:00,2010-01-24 13:14:00,28,11916.33,4979,180,32.11948787061995,2,682,0,Champions,15,1,0.0,Low Risk
16524,2010-09-19 13:37:00,2010-01-17 13:16:00,2,306.19,259,50,5.777169811320754,446,245,1,Other,5,0,0.9266666666666666,High Risk
16525,2011-12-07 15:07:00,2009-12-02 13:53:00,48,24151.3,14430,115,68.41728045325779,2,735,0,Champions,15,1,0.0,Low Risk
16526,2011-06-21 12:02:00,2010-05-04 16:34:00,2,717.21,279,30,20.491714285714288,172,412,1,Other,8,0,0.7466666666666667,High Risk
16527,2011-09-19 16:21:00,2010-10-11 13:25:00,2,1232.94,708,66,16.889589041095892,81,343,0,High Value Customers,9,0,0.25666666666666665,Low Risk
16528,2011-12-06 12:45:00,2011-12-06 12:45:00,1,244.41,171,17,14.377058823529412,4,0,0,New / Potential,7,0,0.26,Low Risk
16529,2011-06-02 17:23:00,2010-06-27 13:29:00,4,1986.8,739,87,15.521875,190,340,1,At Risk,10,0,0.8866666666666667,High Risk
16530,2010-02-09 15:30:00,2010-02-09 15:30:00,1,48.35,17,3,16.116666666666667,668,0,1,Other,3,0,0.98,High Risk
16531,2011-11-17 16:29:00,2010-09-24 09:49:00,11,2298.33,1863,109,16.654565217391305,22,419,0,Champions,13,1,0.09666666666666666,Low Risk
16532,2011-11-22 11:08:00,2010-03-29 10:26:00,5,8756.64,2544,2,1459.4399999999998,18,603,0,Champions,14,1,0.14,Low Risk
16533,2011-11-20 13:08:00,2011-10-02 15:07:00,3,1082.81,611,112,6.1523295454545455,19,48,0,Other,11,1,0.23333333333333334,Low Risk
16534,2010-03-07 15:47:00,2010-03-07 15:47:00,1,635.9,168,36,17.663888888888888,642,0,1,Other,5,0,0.9333333333333333,High Risk
16535,2011-12-04 15:18:00,2010-01-28 15:26:00,3,972.04,664,67,13.690704225352112,5,674,0,Other,11,1,0.006666666666666667,Low Risk
16536,2011-08-21 15:54:00,2011-08-21 15:54:00,1,548.12,250,49,10.15037037037037,110,0,1,Other,6,0,0.9566666666666667,High Risk
16537,2010-03-08 13:41:00,2010-03-08 13:41:00,1,23.35,59,3,5.8375,641,0,1,Other,3,0,0.9166666666666666,High Risk
16538,2010-06-16 16:59:00,2010-04-23 16:25:00,3,395.07,254,35,9.635853658536584,541,54,1,At Risk,6,0,0.8366666666666667,High Risk
16539,2011-12-07 08:41:00,2010-06-25 15:24:00,10,3289.66,1014,83,25.111908396946564,3,529,0,Champions,15,1,0.39,Medium Risk
16540,2010-10-21 17:22:00,2010-10-21 17:22:00,1,205.75,105,25,7.094827586206897,414,0,1,Other,3,0,0.96,High Risk
16541,2009-12-04 13:22:00,2009-12-04 13:22:00,1,424.03,173,38,11.158684210526316,735,0,1,Other,4,0,0.9466666666666667,High Risk
16542,2011-10-17 10:47:00,2010-11-03 14:44:00,2,257.32,142,13,18.38,54,347,0,New / Potential,7,0,0.24,Low Risk
16543,2010-04-27 11:38:00,2010-04-27 11:38:00,1,292.21,317,18,16.233888888888888,592,0,1,Other,4,0,0.8633333333333333,High Risk
16544,2010-07-08 11:11:00,2010-02-15 13:20:00,4,376.70000000000005,150,8,34.24545454545455,520,142,1,At Risk,7,0,0.87,High Risk
16545,2011-06-28 10:37:00,2010-11-29 10:39:00,2,689.8199999999999,322,6,86.22749999999999,165,210,1,Other,8,0,0.87,High Risk
16546,2011-02-22 11:20:00,2010-09-23 15:43:00,5,5307.07,4211,75,60.307613636363634,291,151,1,At Risk,11,1,0.8033333333333333,High Risk
16547,2010-06-11 13:02:00,2010-06-11 13:02:00,1,104.25999999999999,108,25,4.1704,546,0,1,Other,3,0,0.8433333333333334,High Risk
16548,2010-04-19 16:15:00,2010-04-19 16:15:00,1,30.15,6,6,5.0249999999999995,599,0,1,Other,3,0,0.94,High Risk
16549,2011-11-29 15:06:00,2010-03-28 15:45:00,34,12781.8,7087,836,4.1324927255092145,10,610,0,Champions,15,1,0.13333333333333333,Low Risk
16550,2011-08-23 11:12:00,2009-12-02 11:24:00,18,8813.58,5405,274,11.673615894039735,109,628,1,Loyal Customers,13,1,0.06666666666666667,Low Risk
16551,2011-09-05 09:38:00,2009-12-13 16:12:00,7,2237.12,2076,67,25.421818181818182,96,630,1,Loyal Customers,11,1,0.64,High Risk
16552,2011-04-11 10:04:00,2010-12-01 12:36:00,2,379.73,219,17,22.337058823529414,243,130,1,Other,6,0,0.8666666666666667,High Risk
16553,2011-06-29 15:42:00,2010-02-11 18:46:00,33,16584.01,16427,195,56.79455479452054,163,502,1,Loyal Customers,13,1,0.75,High Risk
16554,2011-10-28 14:51:00,2009-12-15 09:42:00,8,2841.7200000000003,1346,108,17.016287425149702,42,682,0,Champions,13,1,0.0,Low Risk
16555,2011-11-04 14:31:00,2010-07-22 13:39:00,6,1915.68,1816,59,29.025454545454547,35,470,0,Champions,12,1,0.23,Low Risk
16556,2011-10-04 11:36:00,2009-12-07 10:51:00,17,8012.58,4353,280,16.623609958506226,67,666,0,Loyal Customers,13,1,0.0033333333333333335,Low Risk
16557,2011-11-15 14:04:00,2011-07-25 13:28:00,2,281.85,111,11,25.622727272727275,24,113,0,New / Potential,7,0,0.23,Low Risk
16558,2011-12-09 10:20:00,2009-12-03 18:11:00,38,13304.11,7813,383,17.668140770252325,1,735,0,Champions,15,1,0.0033333333333333335,Low Risk
16559,2010-11-07 13:52:00,2010-11-07 13:52:00,1,175.0,61,17,10.294117647058824,397,0,1,Other,4,0,0.99,High Risk
16560,2011-11-13 10:35:00,2009-12-08 12:05:00,8,3048.38,1603,140,15.395858585858587,27,704,0,Champions,14,1,0.006666666666666667,Low Risk
16561,2011-12-04 11:50:00,2011-10-11 09:53:00,2,511.12,244,29,16.48774193548387,6,54,0,New / Potential,9,0,0.29333333333333333,Low Risk
16562,2010-08-20 11:45:00,2010-08-20 11:45:00,1,223.86,264,34,6.584117647058824,477,0,1,Other,3,0,0.6733333333333333,High Risk
16563,2011-10-17 11:51:00,2009-12-01 18:35:00,6,4412.56,2584,55,49.57932584269663,54,684,0,Champions,13,1,0.013333333333333334,Low Risk
16564,2010-05-19 14:41:00,2010-05-19 14:41:00,1,87.80000000000001,40,5,17.560000000000002,569,0,1,Other,3,0,0.9233333333333333,High Risk
16565,2010-12-10 15:21:00,2010-06-02 12:47:00,4,773.05,211,7,70.27727272727272,364,191,1,At Risk,9,0,0.9166666666666666,High Risk
16566,2011-11-24 16:34:00,2011-02-20 10:29:00,5,614.66,362,14,34.147777777777776,15,277,0,Loyal Customers,12,1,0.2633333333333333,Low Risk
16567,2011-05-29 13:57:00,2011-01-07 09:31:00,2,865.6,996,34,24.731428571428573,194,142,1,Other,7,0,0.9,High Risk
16568,2010-10-08 10:54:00,2010-03-08 14:51:00,2,1020.9,366,5,204.18,428,213,1,Other,6,0,0.68,High Risk
16569,2011-12-06 15:32:00,2009-12-16 15:05:00,5,1455.23,988,27,41.578,3,720,0,Champions,13,1,0.06333333333333334,Low Risk
16570,2011-11-24 17:02:00,2010-03-30 09:32:00,20,7434.31,4292,114,30.847759336099585,15,604,0,Champions,15,1,0.14333333333333334,Low Risk
16571,2011-11-13 11:46:00,2010-03-18 09:12:00,10,4248.74,3703,151,16.661725490196076,27,605,0,Champions,14,1,0.013333333333333334,Low Risk
16572,2011-08-04 16:34:00,2011-03-09 12:04:00,3,1009.6,532,40,17.712280701754388,127,148,1,Other,9,0,0.8866666666666667,High Risk
16573,2011-09-16 09:13:00,2011-02-22 15:14:00,2,663.61,360,40,15.800238095238095,85,205,0,Other,8,0,0.26,Low Risk
16574,2011-09-29 13:39:00,2010-02-19 11:46:00,3,1301.78,1002,86,15.136976744186047,71,587,0,High Value Customers,10,0,0.23333333333333334,Low Risk
16576,2010-10-15 13:37:00,2010-07-06 10:42:00,2,540.87,323,32,16.39,420,101,1,Other,5,0,0.62,High Risk
16577,2010-02-11 09:45:00,2010-02-11 09:45:00,1,380.0,142,23,16.52173913043478,667,0,1,Other,4,0,0.5866666666666667,Medium Risk
16578,2010-03-23 15:11:00,2010-03-23 15:11:00,1,156.6,108,9,17.4,626,0,1,Other,3,0,0.94,High Risk
16579,2010-10-10 11:58:00,2010-10-10 11:58:00,1,295.05,119,14,21.075,426,0,1,Other,4,0,0.9666666666666667,High Risk
16581,2011-06-10 10:05:00,2011-06-10 10:05:00,1,105.84,134,9,11.76,183,0,1,Other,5,0,0.7866666666666666,High Risk
16582,2011-08-18 17:02:00,2011-08-18 17:02:00,1,313.62,164,6,52.27,113,0,1,Other,6,0,0.95,High Risk
16583,2010-12-01 12:03:00,2010-02-04 12:18:00,2,297.95,153,18,16.552777777777777,374,299,1,Other,6,0,0.8633333333333333,High Risk
16584,2011-09-20 13:45:00,2010-02-16 10:41:00,5,3156.17,1913,61,38.48987804878049,80,581,0,Loyal Customers,12,1,0.11333333333333333,Low Risk
16585,2010-04-25 10:34:00,2010-01-13 13:31:00,2,341.59000000000003,151,16,18.977222222222224,594,101,1,Other,5,0,0.84,High Risk
16586,2011-04-05 09:32:00,2010-03-14 11:24:00,3,1462.78,348,27,52.24214285714286,249,386,1,At Risk,9,0,0.8333333333333334,High Risk
16587,2011-04-21 15:51:00,2011-04-21 15:51:00,1,225.15,71,13,17.31923076923077,232,0,1,Other,4,0,0.9433333333333334,High Risk
16588,2010-11-18 17:56:00,2010-05-14 13:43:00,4,1361.28,882,64,19.172957746478872,386,188,1,At Risk,10,0,0.8266666666666667,High Risk
16589,2011-09-29 14:50:00,2010-09-15 14:56:00,4,612.36,536,39,13.917272727272728,71,378,0,Loyal Customers,10,0,0.25333333333333335,Low Risk
16590,2010-11-04 09:06:00,2010-10-21 12:09:00,2,605.9,240,26,20.893103448275863,401,13,1,Other,6,0,0.8966666666666666,High Risk
16591,2011-10-02 10:43:00,2011-10-02 10:43:00,1,213.5,41,10,21.35,69,0,0,Other,5,0,0.8233333333333334,High Risk
16592,2011-12-05 13:49:00,2009-12-18 15:57:00,28,7807.91,5504,221,18.242780373831774,4,716,0,Champions,15,1,0.0,Low Risk
16593,2011-10-20 12:41:00,2009-12-05 10:44:00,8,1071.14,377,57,13.732564102564103,51,684,0,Loyal Customers,12,1,0.04,Low Risk
16594,2011-09-25 14:08:00,2011-09-25 14:08:00,1,181.09,64,53,3.416792452830189,75,0,0,Other,5,0,0.24333333333333335,Low Risk
16595,2011-10-09 13:15:00,2010-01-17 12:12:00,5,1757.75,1331,337,3.8888274336283186,61,630,0,Loyal Customers,11,1,0.06,Low Risk
16596,2011-11-24 10:02:00,2009-12-10 13:09:00,4,458.98,180,23,19.124166666666667,16,713,0,Loyal Customers,11,1,0.016666666666666666,Low Risk
16597,2011-12-05 15:44:00,2011-12-05 15:44:00,1,90.04,184,7,12.862857142857143,4,0,0,New / Potential,7,0,0.5166666666666667,Medium Risk
16598,2011-02-27 11:42:00,2011-02-27 11:42:00,1,145.05,73,10,14.505,286,0,1,Other,4,0,0.8666666666666667,High Risk
16599,2010-11-19 12:45:00,2010-11-19 12:45:00,1,172.8,159,12,14.4,386,0,1,Other,4,0,0.7833333333333333,High Risk
16600,2011-12-05 16:00:00,2009-12-18 12:59:00,13,2153.41,2420,106,15.058811188811188,4,717,0,Champions,14,1,0.006666666666666667,Low Risk
16601,2011-10-30 11:09:00,2010-03-26 13:39:00,3,677.0,391,60,9.81159420289855,41,582,0,Other,10,0,0.22333333333333333,Low Risk
16602,2011-11-03 15:54:00,2010-11-16 09:13:00,2,763.33,429,37,19.08325,36,352,0,New / Potential,9,0,0.12666666666666668,Low Risk
16603,2011-09-26 10:06:00,2011-09-09 13:02:00,2,482.47,480,34,14.19029411764706,75,16,0,Other,7,0,0.13,Low Risk
16604,2010-05-26 09:10:00,2010-05-20 16:34:00,2,432.45000000000005,175,10,36.0375,563,5,1,Other,5,0,0.8666666666666667,High Risk
16605,2009-12-15 19:03:00,2009-12-15 19:03:00,1,60.48,144,1,60.48,724,0,1,Other,3,0,0.8,High Risk
16606,2010-10-31 13:57:00,2010-10-01 13:21:00,2,357.66,148,16,16.257272727272728,404,30,1,Other,6,0,0.88,High Risk
16607,2011-11-22 10:24:00,2010-04-29 14:01:00,25,5706.87,4436,212,19.15057046979866,18,571,0,Champions,15,1,0.06,Low Risk
16608,2010-09-12 11:44:00,2010-02-14 11:57:00,2,1286.6200000000001,612,94,10.633223140495868,454,209,1,Other,7,0,0.81,High Risk
16609,2011-11-24 13:32:00,2011-04-01 10:11:00,7,5493.46,2420,155,19.903840579710145,15,237,0,Champions,14,1,0.11333333333333333,Low Risk
16610,2011-05-04 13:13:00,2011-05-04 13:13:00,1,75.66,66,6,12.61,219,0,1,Other,4,0,0.8066666666666666,High Risk
16611,2011-06-06 15:46:00,2010-03-10 16:07:00,6,1785.13,874,86,16.228454545454547,186,452,1,Loyal Customers,11,1,0.9333333333333333,High Risk
16612,2011-11-07 07:38:00,2009-12-03 15:54:00,9,3245.4300000000003,1419,105,19.4337125748503,33,703,0,Champions,14,1,0.0033333333333333335,Low Risk
16613,2011-09-30 15:52:00,2011-09-30 15:52:00,1,618.59,293,30,20.619666666666667,70,0,0,Other,7,0,0.77,High Risk
16614,2011-06-10 11:36:00,2010-05-10 15:18:00,3,1179.79,349,37,24.07734693877551,183,395,1,Other,9,0,0.84,High Risk
16615,2010-03-23 15:13:00,2010-03-23 15:13:00,1,291.5,211,19,15.342105263157896,626,0,1,Other,4,0,0.8233333333333334,High Risk
16616,2011-11-24 16:31:00,2011-07-05 13:38:00,2,500.42,370,31,15.164242424242424,15,142,0,New / Potential,9,0,0.24666666666666667,Low Risk
16617,2011-04-18 10:35:00,2011-04-18 10:35:00,1,151.85,91,5,30.369999999999997,236,0,1,Other,4,0,0.92,High Risk
16618,2011-11-08 13:52:00,2011-01-21 11:55:00,5,2647.59,1363,79,27.579062500000003,31,291,0,Champions,12,1,0.25333333333333335,Low Risk
16619,2011-03-21 08:18:00,2010-02-22 12:05:00,4,1938.3300000000002,1055,103,16.709741379310348,264,391,1,At Risk,10,0,0.8,High Risk
16620,2011-12-06 12:19:00,2009-12-01 14:35:00,6,1758.93,1146,78,18.712021276595745,4,734,0,Champions,13,1,0.02,Low Risk
16621,2011-10-19 11:38:00,2011-03-07 11:32:00,4,813.48,302,22,28.05103448275862,52,226,0,Loyal Customers,11,0,0.29333333333333333,Low Risk
16622,2010-06-14 10:44:00,2010-06-14 10:44:00,1,225.4,44,12,18.783333333333335,544,0,1,Other,3,0,0.8066666666666666,High Risk
16623,2011-04-08 10:09:00,2010-04-26 14:04:00,4,1015.24,442,44,19.906666666666666,246,346,1,At Risk,9,0,0.7666666666666667,High Risk
16624,2011-09-20 12:39:00,2011-05-26 14:20:00,2,810.57,488,44,16.886875,81,116,0,Other,8,0,0.30333333333333334,Medium Risk
16625,2011-03-10 12:50:00,2010-06-14 11:56:00,5,1654.03,1057,82,16.707373737373736,275,269,1,At Risk,10,0,0.84,High Risk
16626,2011-12-09 11:56:00,2011-03-18 12:27:00,17,4413.1,2690,86,24.65418994413408,1,265,0,Champions,15,1,0.17333333333333334,Low Risk
16627,2011-09-21 14:38:00,2011-09-21 14:38:00,1,322.8,162,20,16.14,79,0,0,Other,6,0,0.3433333333333333,Medium Risk
16628,2011-11-10 12:45:00,2010-03-08 12:24:00,7,2318.1,1260,84,18.5448,30,612,0,Champions,12,1,0.03,Low Risk
16629,2011-09-27 10:34:00,2011-09-04 16:12:00,2,408.63,489,58,6.8105,74,22,0,Other,7,0,0.13666666666666666,Low Risk
16630,2010-10-28 14:30:00,2010-10-28 14:30:00,1,106.80000000000001,72,4,26.700000000000003,407,0,1,Other,4,0,0.9466666666666667,High Risk
16631,2010-08-15 11:20:00,2010-02-26 10:49:00,7,1892.52,775,46,23.6565,482,170,1,At Risk,9,0,0.38,Medium Risk
16632,2010-08-11 11:39:00,2010-05-07 16:46:00,2,406.4,256,22,15.05185185185185,486,95,1,Other,5,0,0.6466666666666666,High Risk
16633,2011-11-22 13:41:00,2011-04-19 14:36:00,6,2883.1,1138,115,18.967763157894737,17,216,0,Champions,13,1,0.16333333333333333,Low Risk
16634,2011-05-01 12:09:00,2010-01-21 09:30:00,6,1649.81,1257,72,19.87722891566265,223,465,1,At Risk,10,0,0.87,High Risk
16635,2010-10-29 09:41:00,2010-10-29 09:41:00,1,473.0,277,25,18.92,407,0,1,Other,5,0,0.86,High Risk
16636,2010-09-27 13:13:00,2010-03-03 14:06:00,4,3802.04,2186,62,52.0827397260274,438,207,1,At Risk,10,0,0.9233333333333333,High Risk
16637,2011-11-07 13:17:00,2011-04-28 10:20:00,4,1154.47,927,66,16.73144927536232,32,193,0,Loyal Customers,11,1,0.2733333333333333,Low Risk
16638,2011-11-17 11:09:00,2010-08-18 13:33:00,15,2380.13,1627,130,17.247318840579712,23,455,0,Champions,13,1,0.10333333333333333,Low Risk
16639,2011-11-08 13:20:00,2010-10-26 18:23:00,4,1747.98,751,76,21.580000000000002,31,377,0,Champions,12,1,0.25666666666666665,Low Risk
16640,2010-11-07 10:48:00,2010-11-07 10:48:00,1,179.4,146,13,13.8,398,0,1,Other,4,0,0.8433333333333334,High Risk
16641,2011-08-26 12:49:00,2010-01-07 12:22:00,2,554.5,454,36,15.402777777777779,106,596,1,Other,7,0,0.18,Low Risk
16642,2011-12-05 11:31:00,2010-10-20 14:22:00,3,1077.45,775,50,19.95277777777778,5,410,0,Other,11,1,0.2,Low Risk
16643,2011-04-08 08:24:00,2010-10-13 09:47:00,2,923.11,553,48,16.783818181818184,246,176,1,Other,7,0,0.94,High Risk
16644,2011-06-15 12:39:00,2011-05-11 12:53:00,2,833.78,826,62,13.448064516129032,178,34,1,Other,8,0,0.7966666666666666,High Risk
16645,2009-12-04 09:49:00,2009-12-04 09:49:00,1,160.39,117,14,11.456428571428571,736,0,1,Other,3,0,0.96,High Risk
16646,2010-09-16 13:28:00,2010-09-16 13:28:00,1,678.8,1072,29,23.406896551724138,449,0,1,Other,5,0,0.91,High Risk
16647,2011-06-23 11:47:00,2010-06-13 15:52:00,4,541.9,396,28,16.421212121212122,170,374,1,Loyal Customers,9,0,0.7733333333333333,High Risk
16648,2011-10-28 08:58:00,2010-04-28 14:58:00,3,672.8,503,37,18.18378378378378,43,547,0,Other,10,0,0.13666666666666666,Low Risk
16649,2010-07-07 15:41:00,2010-07-07 15:41:00,1,306.58,82,20,15.328999999999999,520,0,1,Other,4,0,0.9533333333333334,High Risk
16650,2011-09-29 09:51:00,2010-07-08 14:18:00,7,1916.11,1511,71,19.552142857142854,72,447,0,Loyal Customers,11,1,0.24,Low Risk
16651,2010-05-02 11:46:00,2010-05-02 11:46:00,1,136.2,60,6,22.7,587,0,1,Other,3,0,0.9733333333333334,High Risk
16652,2011-10-12 09:38:00,2010-03-17 10:22:00,16,17550.39,7477,124,63.8196,59,573,0,Champions,14,1,0.09333333333333334,Low Risk
16653,2011-11-23 14:51:00,2011-09-29 13:38:00,2,1212.66,733,67,17.574782608695653,16,55,0,New / Potential,10,1,0.18666666666666668,Low Risk
16654,2011-07-21 15:23:00,2010-04-06 13:29:00,8,1484.07,640,64,20.055,141,471,1,Loyal Customers,12,1,0.9,High Risk
16655,2011-11-22 11:25:00,2010-01-31 15:40:00,13,6423.26,3938,408,10.886881355932204,18,659,0,Champions,15,1,0.0033333333333333335,Low Risk
16656,2011-11-17 14:43:00,2009-12-04 12:59:00,30,16833.170000000002,15433,22,119.38418439716314,22,713,0,Champions,14,1,0.01,Low Risk
16657,2011-11-30 11:48:00,2011-03-30 12:02:00,4,874.43,1130,158,4.554322916666666,10,244,0,Loyal Customers,12,1,0.15,Low Risk
16658,2010-12-06 13:47:00,2010-03-30 16:24:00,6,690.83,277,49,10.79421875,368,250,1,At Risk,9,0,0.85,High Risk
16659,2011-06-03 15:03:00,2011-06-03 15:03:00,1,39.12,72,2,19.56,189,0,1,Other,5,0,0.95,High Risk
16660,2011-11-23 14:53:00,2010-01-14 11:09:00,7,1879.55,991,20,78.31458333333333,16,678,0,Champions,13,1,0.006666666666666667,Low Risk
16661,2010-06-17 15:24:00,2009-12-17 15:39:00,4,932.76,364,50,15.044516129032258,540,181,1,At Risk,8,0,0.86,High Risk
16662,2010-11-10 16:56:00,2010-11-10 16:56:00,1,151.05,35,28,5.394642857142857,394,0,1,Other,4,0,0.9566666666666667,High Risk
16663,2009-12-10 13:12:00,2009-12-10 13:12:00,1,165.0,100,1,165.0,729,0,1,Other,4,0,0.9766666666666667,High Risk
16664,2010-05-19 17:11:00,2010-05-19 17:11:00,1,109.2,24,8,13.65,569,0,1,Other,4,0,0.97,High Risk
16665,2010-12-12 14:03:00,2010-12-12 14:03:00,1,135.4,59,9,15.044444444444444,362,0,1,Other,5,0,0.9633333333333334,High Risk
16666,2011-11-20 14:01:00,2010-03-28 15:13:00,2,217.71,354,42,4.5356250000000005,19,601,0,New / Potential,8,0,0.08333333333333333,Low Risk
16667,2011-10-02 15:26:00,2011-02-28 12:57:00,2,567.1800000000001,236,52,10.907307692307693,68,216,0,Other,7,0,0.33666666666666667,Medium Risk
16668,2011-11-24 17:43:00,2010-03-18 18:25:00,13,862.42,773,28,16.272075471698113,15,615,0,Loyal Customers,13,1,0.11,Low Risk
16669,2011-11-16 12:26:00,2011-09-22 14:13:00,3,1348.88,881,141,8.646666666666667,24,54,0,High Value Customers,11,1,0.11333333333333333,Low Risk
16670,2011-11-23 09:34:00,2009-12-10 15:28:00,20,8030.150000000001,4534,258,16.55701030927835,17,712,0,Champions,15,1,0.0033333333333333335,Low Risk
16671,2011-11-11 13:40:00,2011-06-28 11:20:00,3,1692.27,875,3,282.045,28,136,0,High Value Customers,11,1,0.27666666666666667,Low Risk
16672,2011-12-07 16:29:00,2011-03-18 10:15:00,20,8134.9400000000005,2832,22,71.35912280701754,2,264,0,Champions,15,1,0.11666666666666667,Low Risk
16673,2010-01-29 14:22:00,2010-01-29 14:22:00,1,171.13,95,19,9.006842105263157,679,0,1,Other,4,0,0.9933333333333333,High Risk
16674,2011-10-16 11:31:00,2011-09-02 13:59:00,2,304.24,181,89,3.2713978494623657,55,43,0,New / Potential,8,0,0.27,Low Risk
16675,2010-09-24 12:15:00,2010-08-18 13:11:00,2,608.86,296,21,26.47217391304348,442,36,1,Other,5,0,0.8933333333333333,High Risk
16676,2011-11-06 12:01:00,2010-10-17 13:07:00,6,2361.9,927,106,17.758646616541355,34,384,0,Champions,12,1,0.19,Low Risk
16677,2010-10-24 14:53:00,2010-02-25 16:11:00,2,880.62,457,45,18.73659574468085,411,240,1,Other,6,0,0.6,Medium Risk
16678,2011-12-07 12:17:00,2011-03-02 09:24:00,12,3109.99,2397,92,19.07969325153374,3,280,0,Champions,15,1,0.09333333333333334,Low Risk
16679,2010-12-08 13:51:00,2010-06-10 18:35:00,3,663.31,247,15,36.85055555555555,366,180,1,At Risk,8,0,0.9833333333333333,High Risk
16680,2011-10-27 17:35:00,2010-06-23 09:30:00,3,821.45,377,24,28.32586206896552,43,491,0,Other,10,0,0.11666666666666667,Low Risk
16681,2011-09-28 11:11:00,2010-03-08 14:10:00,7,1921.8400000000001,1492,22,39.22122448979592,73,568,0,Loyal Customers,11,1,0.22,Low Risk
16682,2011-12-05 12:13:00,2011-06-05 11:02:00,5,1028.0,1040,15,34.266666666666666,5,183,0,Loyal Customers,12,1,0.25333333333333335,Low Risk
16683,2010-06-24 10:36:00,2010-06-24 10:36:00,1,320.25,190,18,17.791666666666668,534,0,1,Other,5,0,0.9533333333333334,High Risk
16684,2011-12-05 14:06:00,2009-12-07 12:56:00,55,147142.77,104810,184,204.93422005571028,4,728,0,Champions,15,1,0.013333333333333334,Low Risk
16685,2011-10-09 13:58:00,2011-10-09 13:44:00,2,324.24,396,60,5.2296774193548385,61,0,0,Other,7,0,0.22666666666666666,Low Risk
16686,2011-10-23 13:49:00,2009-12-06 15:48:00,16,4881.07,3419,549,4.748122568093385,47,685,0,Champions,14,1,0.0033333333333333335,Low Risk
16687,2010-11-14 11:46:00,2010-11-14 11:46:00,1,157.63,141,8,19.70375,391,0,1,Other,5,0,0.86,High Risk
16688,2011-12-08 15:24:00,2011-10-10 12:23:00,4,1260.8600000000001,804,52,20.33645161290323,1,59,0,Champions,13,1,0.08666666666666667,Low Risk
16689,2011-09-25 11:39:00,2011-09-18 13:29:00,2,422.6,330,12,32.50769230769231,76,6,0,Other,7,0,0.2633333333333333,Low Risk
16690,2011-09-28 15:02:00,2010-09-14 15:00:00,4,353.03000000000003,209,12,18.580526315789474,72,379,0,Loyal Customers,9,0,0.15333333333333332,Low Risk
16691,2010-10-17 15:03:00,2010-05-27 14:55:00,2,178.83,92,11,16.257272727272728,418,143,1,Other,4,0,0.6533333333333333,High Risk
16692,2011-03-28 14:46:00,2010-09-24 11:31:00,4,1914.6999999999998,878,3,382.93999999999994,256,185,1,At Risk,10,0,0.8166666666666667,High Risk
16693,2011-10-02 11:10:00,2010-02-21 12:42:00,5,1179.48,658,149,7.020714285714286,69,587,0,Loyal Customers,10,1,0.06333333333333334,Low Risk
16694,2009-12-16 15:45:00,2009-12-16 15:45:00,1,98.30000000000001,26,3,32.76666666666667,723,0,1,Other,4,0,0.7866666666666666,High Risk
16695,2010-05-27 12:36:00,2010-05-27 12:24:00,2,191.9,184,30,5.482857142857143,562,0,1,Other,4,0,0.9433333333333334,High Risk
16696,2011-07-27 14:23:00,2011-04-05 15:20:00,4,657.9,146,7,65.78999999999999,135,112,1,Loyal Customers,10,0,0.8833333333333333,High Risk
16697,2011-04-12 17:12:00,2011-04-12 17:12:00,1,112.75,27,20,5.369047619047619,241,0,1,Other,5,0,0.9166666666666666,High Risk
16698,2011-04-27 10:52:00,2011-03-31 13:33:00,2,1998.0,840,4,399.6,227,26,1,Other,8,0,0.9033333333333333,High Risk
16699,2010-11-24 14:38:00,2009-12-04 13:31:00,7,994.6,640,51,16.04193548387097,380,355,1,At Risk,9,0,0.8333333333333334,High Risk
16700,2011-12-01 11:00:00,2009-12-02 10:51:00,25,8830.77,6644,263,17.147126213592234,9,729,0,Champions,15,1,0.0,Low Risk
16701,2011-12-01 11:10:00,2009-12-01 19:19:00,26,9916.73,11046,154,36.06083636363636,9,729,0,Champions,15,1,0.0,Low Risk
16702,2010-10-20 14:10:00,2009-12-07 16:40:00,4,1110.83,692,84,12.206923076923076,415,316,1,At Risk,8,0,0.68,High Risk
16704,2010-03-31 14:02:00,2010-02-05 14:14:00,2,664.16,433,50,12.299259259259259,618,53,1,Other,6,0,0.8466666666666667,High Risk
16705,2011-12-09 12:08:00,2009-12-09 13:34:00,42,43515.051,22302,400,62.97402460202605,1,729,0,Champions,15,1,0.0,Low Risk
16706,2011-11-02 13:50:00,2011-08-17 15:53:00,3,531.35,249,108,4.319918699186992,37,76,0,Other,9,0,0.22666666666666666,Low Risk
16707,2010-11-04 14:39:00,2010-03-09 15:16:00,4,533.41,396,64,8.206307692307691,400,239,1,At Risk,8,0,0.93,High Risk
16708,2011-10-25 12:20:00,2011-10-25 12:20:00,1,656.63,285,27,24.31962962962963,46,0,0,New / Potential,9,0,0.25333333333333335,Low Risk
16709,2011-09-16 10:56:00,2009-12-09 13:16:00,14,9056.01,3261,220,29.986788079470198,85,645,0,Loyal Customers,13,1,0.006666666666666667,Low Risk
16710,2011-11-20 14:50:00,2009-12-04 13:41:00,22,5921.35,4174,541,6.514136413641364,19,716,0,Champions,15,1,0.0,Low Risk
16711,2011-12-06 16:32:00,2009-12-02 13:22:00,9,2868.48,1212,26,86.92363636363636,3,734,0,Champions,14,1,0.03,Low Risk
16712,2011-11-30 13:48:00,2010-11-03 15:45:00,13,4232.87,2074,301,8.12451055662188,9,391,0,Champions,15,1,0.13,Low Risk
16713,2011-11-21 12:36:00,2009-12-15 12:49:00,32,14115.56,8482,541,11.149731437598735,19,705,0,Champions,15,1,0.0033333333333333335,Low Risk
16714,2011-05-05 11:09:00,2010-02-07 11:17:00,4,1497.33,828,95,13.612090909090908,219,451,1,At Risk,10,0,0.8833333333333333,High Risk
16715,2011-09-22 18:15:00,2010-05-26 12:35:00,2,625.52,1174,27,22.34,78,484,0,Other,8,0,0.6133333333333333,High Risk
16716,2011-03-18 10:03:00,2010-03-19 11:05:00,3,2149.6800000000003,912,7,268.71000000000004,267,363,1,At Risk,9,0,0.5,Medium Risk
16717,2011-11-16 12:16:00,2009-12-07 15:55:00,14,6663.68,3145,274,19.039085714285715,24,708,0,Champions,14,1,0.0,Low Risk
16718,2010-12-05 13:03:00,2009-12-06 13:07:00,5,3006.08,1924,123,16.983502824858757,369,363,1,At Risk,11,0,0.76,High Risk
16719,2011-11-25 09:27:00,2009-12-13 10:59:00,14,3513.62,2356,204,8.963316326530611,15,711,0,Champions,15,1,0.01,Low Risk
16720,2011-11-13 16:22:00,2009-12-17 17:54:00,3,758.74,460,130,5.4195714285714285,26,695,0,Other,10,0,0.013333333333333334,Low Risk
16721,2011-03-22 16:08:00,2011-03-22 16:08:00,1,292.47,172,37,7.904594594594595,262,0,1,Other,6,0,0.94,High Risk
16722,2011-11-22 13:28:00,2009-12-03 19:23:00,22,8189.56,7986,145,21.665502645502645,17,718,0,Champions,15,1,0.0,Low Risk
16723,2011-09-09 13:01:00,2009-12-04 13:23:00,4,1231.3600000000001,958,108,9.930322580645162,91,643,1,Loyal Customers,11,0,0.65,High Risk
16724,2010-10-31 11:40:00,2010-10-31 11:40:00,1,147.35,69,17,8.66764705882353,405,0,1,Other,5,0,0.9833333333333333,High Risk
16725,2011-02-10 16:52:00,2009-12-13 15:54:00,14,1688.26,700,242,4.85132183908046,302,424,1,At Risk,11,1,0.7633333333333333,High Risk
16726,2011-11-13 14:53:00,2010-10-24 16:09:00,7,2063.88,1323,150,7.877404580152672,26,384,0,Champions,12,1,0.2,Low Risk
16727,2010-12-10 13:48:00,2010-01-20 10:48:00,4,1377.77,1066,158,6.7208292682926825,364,324,1,At Risk,10,0,0.74,High Risk
16728,2011-10-24 14:36:00,2011-03-20 13:28:00,4,1048.28,671,218,3.9858555133079845,46,218,0,Loyal Customers,11,1,0.62,High Risk
16729,2011-11-01 14:29:00,2011-04-12 14:22:00,21,7205.33,5722,234,10.983734756097562,38,203,0,Champions,14,1,0.08333333333333333,Low Risk
16730,2011-10-18 14:11:00,2011-01-24 14:01:00,3,743.11,994,75,9.062317073170732,52,267,0,Other,10,0,0.43333333333333335,Medium Risk
16731,2010-03-01 15:05:00,2010-03-01 15:05:00,1,170.3,124,40,4.0547619047619055,648,0,1,Other,4,0,0.97,High Risk
16732,2011-11-08 09:54:00,2009-12-08 13:04:00,4,4387.64,2414,199,19.853574660633484,32,699,0,Champions,13,1,0.04,Low Risk
16733,2010-06-28 10:12:00,2010-06-28 10:12:00,1,259.68,112,12,21.64,530,0,1,Other,4,0,0.96,High Risk
16734,2011-10-18 13:44:00,2011-08-17 15:00:00,3,646.76,345,44,12.437692307692307,52,61,0,Other,10,0,0.2,Low Risk
16735,2011-09-22 11:49:00,2009-12-08 09:24:00,14,6217.41,4240,178,21.14765306122449,79,653,0,Loyal Customers,13,1,0.0033333333333333335,Low Risk
16736,2010-07-22 10:09:00,2009-12-03 16:12:00,5,2956.56,1050,116,20.675244755244755,506,230,1,At Risk,10,0,0.77,High Risk
16737,2011-10-17 13:03:00,2010-05-11 09:53:00,2,835.2,576,1,417.6,53,524,0,New / Potential,9,0,0.18333333333333332,Low Risk
16738,2011-02-15 09:46:00,2011-02-15 09:46:00,1,3.75,3,1,3.75,298,0,1,Other,5,0,0.9633333333333334,High Risk
16739,2011-06-16 09:17:00,2010-06-21 09:38:00,2,786.4300000000001,391,33,20.695526315789476,177,359,1,Other,8,0,0.8033333333333333,High Risk
16740,2010-11-09 13:34:00,2010-11-09 13:34:00,1,226.91,110,30,7.0909375,395,0,1,Other,5,0,0.99,High Risk
16741,2010-03-24 15:15:00,2010-03-24 15:15:00,1,173.06,81,11,15.732727272727272,625,0,1,Other,4,0,0.77,High Risk
16742,2011-10-24 12:02:00,2009-12-16 17:22:00,14,2799.87,2558,51,26.92182692307692,47,676,0,Champions,13,1,0.0,Low Risk
16743,2011-11-10 13:13:00,2010-04-22 13:21:00,14,4212.15,3707,118,11.353504043126684,29,566,0,Champions,14,1,0.06,Low Risk
16744,2011-11-28 13:06:00,2011-06-19 15:13:00,7,1291.91,798,198,5.4741949152542375,11,161,0,Champions,13,1,0.15,Low Risk
16745,2011-09-14 11:58:00,2011-02-01 11:31:00,17,7180.7,6719,148,20.227323943661972,87,225,0,Loyal Customers,13,1,0.07,Low Risk
16746,2011-12-05 12:33:00,2009-12-04 13:00:00,42,18046.75,11900,390,18.3588504577823,5,730,0,Champions,15,1,0.0,Low Risk
16747,2011-11-02 11:37:00,2011-10-03 10:18:00,2,836.0600000000001,583,34,19.906190476190478,38,30,0,New / Potential,9,0,0.22333333333333333,Low Risk
16748,2011-11-22 10:17:00,2009-12-10 12:28:00,14,3637.33,2127,55,22.044424242424242,18,711,0,Champions,15,1,0.0,Low Risk
16749,2010-04-27 13:06:00,2009-12-15 14:05:00,2,4157.88,1910,53,57.748333333333335,591,132,1,Other,8,0,0.8933333333333333,High Risk
16750,2011-10-26 12:48:00,2011-04-21 16:53:00,5,623.93,214,74,6.567684210526315,45,187,0,Loyal Customers,11,0,0.3233333333333333,Medium Risk
16751,2011-11-09 10:48:00,2011-11-09 10:48:00,1,1764.72,1031,24,70.5888,31,0,0,High Value Customers,10,0,0.5133333333333333,Medium Risk
16752,2010-12-02 12:18:00,2010-12-02 12:18:00,1,207.5,54,9,23.055555555555557,373,0,1,Other,5,0,0.9,High Risk
16753,2011-10-12 13:14:00,2011-10-12 13:14:00,1,223.92000000000002,189,34,6.5858823529411765,58,0,0,New / Potential,7,0,0.22,Low Risk
16754,2010-12-02 17:38:00,2010-03-08 11:32:00,29,65500.07,63551,38,467.8576428571429,372,269,1,At Risk,12,1,0.74,High Risk
16755,2011-08-17 13:21:00,2009-12-09 14:25:00,7,2864.68,1985,219,8.980188087774295,114,615,1,Loyal Customers,11,1,0.6433333333333333,High Risk
16756,2011-05-09 09:33:00,2010-03-09 15:56:00,7,1312.3700000000001,707,64,16.61227848101266,215,425,1,At Risk,10,0,0.7266666666666667,High Risk
16757,2011-01-25 11:59:00,2010-10-26 15:09:00,2,270.48,180,13,18.032,319,90,1,Other,5,0,0.92,High Risk
16758,2011-10-05 14:47:00,2011-10-05 14:47:00,1,369.34000000000003,203,22,16.78818181818182,65,0,0,Other,7,0,0.30666666666666664,Medium Risk
16759,2011-12-02 12:42:00,2011-11-09 09:06:00,3,789.79,609,40,18.804523809523808,8,23,0,Other,11,1,0.14333333333333334,Low Risk
16760,2010-10-05 15:55:00,2010-10-05 15:55:00,1,228.0,168,17,13.411764705882353,430,0,1,Other,4,0,0.75,High Risk
16761,2011-09-04 11:15:00,2011-09-04 11:15:00,1,316.62,341,13,24.355384615384615,97,0,1,Other,7,0,0.6566666666666666,High Risk
16762,2011-11-20 11:43:00,2011-07-18 12:52:00,3,1207.24,480,51,19.162539682539684,20,124,0,Other,10,1,0.5533333333333333,Medium Risk
16763,2011-05-25 11:52:00,2009-12-01 15:26:00,2,964.6999999999999,492,44,21.924999999999997,199,539,1,Other,7,0,0.6933333333333334,High Risk
16764,2011-12-06 11:41:00,2011-07-19 17:17:00,13,2790.9500000000003,1253,209,3.987071428571429,4,139,0,Champions,14,1,0.056666666666666664,Low Risk
16765,2011-02-18 15:41:00,2010-11-22 13:42:00,2,454.75,311,52,8.745192307692308,294,88,1,Other,6,0,0.88,High Risk
16766,2011-03-11 15:22:00,2011-03-11 13:34:00,2,1145.6,536,17,33.69411764705882,273,0,1,Other,7,0,0.92,High Risk
16767,2011-11-09 09:42:00,2010-04-28 16:49:00,15,8056.76,7102,209,25.09894080996885,31,559,0,Champions,14,1,0.07333333333333333,Low Risk
16768,2011-10-23 10:38:00,2009-12-07 11:47:00,9,1698.57,774,108,10.550124223602484,48,684,0,Champions,13,1,0.02666666666666667,Low Risk
16769,2011-03-24 13:41:00,2009-12-14 11:10:00,4,1117.05,295,76,11.515979381443298,260,465,1,At Risk,9,0,0.8566666666666667,High Risk
16770,2011-10-13 12:21:00,2010-08-22 16:08:00,9,1778.93,1052,202,5.247581120943953,58,416,0,Champions,13,1,0.13333333333333333,Low Risk
16771,2011-11-06 13:28:00,2009-12-09 11:52:00,10,3949.6,2308,303,9.680392156862744,33,697,0,Champions,14,1,0.01,Low Risk
16772,2010-10-12 13:19:00,2009-12-18 10:50:00,3,3698.05,687,54,54.38308823529412,423,298,1,At Risk,9,0,0.9133333333333333,High Risk
16773,2011-10-13 14:37:00,2009-12-06 15:01:00,3,421.24,252,53,6.480615384615385,57,675,0,Other,9,0,0.0,Low Risk
16774,2011-10-03 12:41:00,2010-02-16 16:53:00,8,1567.48,774,89,11.965496183206106,68,593,0,Loyal Customers,12,1,0.11333333333333333,Low Risk
16775,2011-11-29 15:22:00,2010-09-23 17:34:00,16,2820.84,957,132,10.891274131274132,10,431,0,Champions,14,1,0.15666666666666668,Low Risk
16776,2011-10-10 13:04:00,2010-10-20 12:13:00,2,592.51,435,105,4.702460317460317,60,355,0,Other,7,0,0.31,Medium Risk
16777,2011-09-20 13:41:00,2010-03-17 12:42:00,5,1292.18,470,125,9.099859154929577,80,552,0,Loyal Customers,11,1,0.07333333333333333,Low Risk
16778,2011-09-26 13:48:00,2011-03-10 15:21:00,2,245.94,194,16,15.37125,74,199,0,Other,6,0,0.25333333333333335,Low Risk
16779,2011-12-07 14:54:00,2009-12-03 13:03:00,53,32809.03,19411,293,31.54714423076923,2,734,0,Champions,15,1,0.0033333333333333335,Low Risk
16780,2011-08-31 16:09:00,2010-10-28 19:41:00,3,596.4,352,73,6.2124999999999995,100,306,1,Other,8,0,0.5866666666666667,Medium Risk
16781,2010-12-02 14:26:00,2010-02-08 13:56:00,2,623.0,192,36,15.974358974358974,372,297,1,Other,7,0,0.8866666666666667,High Risk
16782,2011-11-29 13:20:00,2009-12-09 11:58:00,38,9636.12,4027,575,5.725561497326204,10,720,0,Champions,15,1,0.013333333333333334,Low Risk
16783,2010-09-29 11:53:00,2010-09-29 11:53:00,1,391.95,163,25,15.677999999999999,437,0,1,Other,5,0,0.8466666666666667,High Risk
16784,2011-11-20 12:20:00,2010-03-28 12:55:00,5,892.33,494,138,5.647658227848101,20,601,0,Loyal Customers,11,1,0.04,Low Risk
16785,2010-10-26 10:36:00,2010-10-26 10:36:00,1,533.78,313,35,15.250857142857143,410,0,1,Other,6,0,0.8566666666666667,High Risk
16786,2010-11-11 08:25:00,2010-11-11 08:25:00,1,51.84,72,1,51.84,394,0,1,Other,5,0,0.92,High Risk
16787,2010-11-07 11:01:00,2010-01-10 11:12:00,4,1017.53,472,102,9.085089285714286,398,300,1,At Risk,9,0,0.86,High Risk
16788,2011-08-08 14:53:00,2010-02-07 12:40:00,5,1928.93,965,348,4.035418410041841,123,547,1,Loyal Customers,11,1,0.74,High Risk
16789,2011-12-01 15:12:00,2011-12-01 15:12:00,1,80.80000000000001,32,5,16.160000000000004,8,0,0,New / Potential,8,0,0.30333333333333334,Medium Risk
16790,2011-12-06 11:53:00,2011-11-02 11:23:00,6,1545.6200000000001,898,88,16.61956989247312,4,34,0,Champions,13,1,0.13333333333333333,Low Risk
16791,2011-11-10 19:12:00,2009-12-03 18:08:00,15,3957.63,1854,393,5.811497797356829,29,707,0,Champions,14,1,0.0033333333333333335,Low Risk
16792,2011-03-02 14:41:00,2010-01-04 13:47:00,5,623.46,324,90,6.1123529411764705,282,422,1,At Risk,9,0,0.83,High Risk
16793,2011-10-13 15:08:00,2011-10-13 15:08:00,1,243.84,146,16,15.24,57,0,0,New / Potential,7,0,0.17333333333333334,Low Risk
16794,2011-12-08 17:54:00,2010-03-25 15:17:00,15,2052.7,1576,245,4.089043824701195,1,623,0,Champions,14,1,0.013333333333333334,Low Risk
16795,2010-12-09 14:08:00,2010-01-25 13:14:00,3,2062.41,1214,306,6.138125,365,318,1,At Risk,9,0,0.8,High Risk
16796,2011-09-11 14:01:00,2011-09-11 14:01:00,1,305.62,186,18,16.97888888888889,89,0,0,Other,7,0,0.29333333333333333,Low Risk
16797,2010-11-11 19:14:00,2009-12-02 13:33:00,5,1802.02,898,289,4.527688442211055,393,344,1,At Risk,10,0,0.8166666666666667,High Risk
16798,2010-06-03 19:01:00,2009-12-10 19:35:00,3,841.16,205,141,4.977278106508876,554,174,1,At Risk,7,0,0.8,High Risk
16799,2010-10-03 14:28:00,2010-09-12 12:46:00,2,452.78000000000003,162,81,4.921521739130435,432,21,1,Other,5,0,0.8933333333333333,High Risk
16800,2011-11-28 14:06:00,2011-11-28 14:06:00,1,1162.65,524,148,7.452884615384616,11,0,0,New / Potential,10,0,0.29,Low Risk
16801,2011-06-29 15:33:00,2011-03-11 13:56:00,4,1594.23,493,72,21.2564,163,110,1,Loyal Customers,11,0,0.8766666666666667,High Risk
16802,2010-01-29 13:44:00,2009-12-09 13:00:00,2,582.61,369,48,10.992641509433962,679,51,1,Other,5,0,0.8966666666666666,High Risk
16803,2011-10-05 14:28:00,2011-10-05 14:28:00,1,332.3,245,24,13.845833333333333,65,0,0,Other,7,0,0.7533333333333333,High Risk
16804,2011-11-16 16:43:00,2011-03-14 15:48:00,3,536.99,246,59,8.949833333333334,23,247,0,Other,9,0,0.23666666666666666,Low Risk
16805,2011-06-19 11:23:00,2009-12-08 14:29:00,5,1091.34,1120,213,4.38289156626506,174,557,1,Loyal Customers,10,0,0.8133333333333334,High Risk
16806,2011-08-28 15:27:00,2011-04-14 19:59:00,4,762.16,356,68,8.195268817204301,103,135,1,Loyal Customers,10,0,0.7733333333333333,High Risk
16807,2011-07-20 12:00:00,2010-03-26 14:38:00,6,2123.88,1433,107,14.956901408450705,143,480,1,Loyal Customers,11,1,0.77,High Risk
16808,2011-09-01 19:34:00,2011-03-10 19:05:00,2,288.42,196,21,12.540000000000001,99,175,1,Other,7,0,0.9,High Risk
16809,2011-11-16 15:45:00,2010-04-13 15:34:00,9,1727.43,1093,113,6.6696138996139,23,582,0,Champions,13,1,0.18333333333333332,Low Risk
16810,2011-05-31 15:32:00,2010-10-15 15:32:00,2,842.04,372,34,24.765882352941176,192,228,1,Other,7,0,0.7533333333333333,High Risk
16811,2011-12-05 11:39:00,2011-11-22 17:19:00,2,547.07,477,26,19.538214285714286,5,12,0,New / Potential,9,1,0.26,Low Risk
16812,2010-12-14 12:35:00,2010-11-22 14:36:00,4,2392.0,1116,98,20.8,361,21,1,At Risk,10,0,0.7833333333333333,High Risk
16813,2011-12-01 14:03:00,2011-05-19 13:28:00,10,1652.18,1501,248,3.878356807511737,8,196,0,Champions,14,1,0.09333333333333334,Low Risk
16814,2011-11-25 13:27:00,2010-04-11 12:45:00,36,11924.85,4844,247,15.547392438070405,14,593,0,Champions,15,1,0.07333333333333333,Low Risk
16815,2010-09-12 10:59:00,2010-06-21 12:05:00,2,406.02,237,66,5.561917808219178,454,82,1,Other,5,0,0.9533333333333334,High Risk
16816,2011-08-28 14:16:00,2010-12-16 17:01:00,4,417.06,274,28,14.895,103,254,1,Loyal Customers,9,0,0.69,High Risk
16817,2011-12-07 11:03:00,2010-10-04 09:06:00,13,2560.7000000000003,1401,107,18.160992907801422,3,429,0,Champions,14,1,0.12,Low Risk
16818,2011-11-29 10:41:00,2011-05-18 11:42:00,11,3349.57,2164,172,17.81686170212766,11,194,0,Champions,15,1,0.16,Low Risk
16819,2010-08-31 17:37:00,2010-08-31 17:31:00,2,182.59,253,17,10.740588235294117,465,0,1,Other,4,0,0.8666666666666667,High Risk
16820,2011-09-05 12:06:00,2011-09-05 12:06:00,1,497.61,307,26,19.138846153846153,96,0,1,Other,7,0,0.9233333333333333,High Risk
16821,2010-11-23 10:04:00,2010-11-23 10:04:00,1,113.35,13,7,16.192857142857143,382,0,1,Other,5,0,0.9,High Risk
16822,2010-01-22 14:22:00,2010-01-22 14:22:00,1,181.39,171,11,16.49,686,0,1,Other,4,0,0.58,Medium Risk
16823,2011-04-26 15:00:00,2009-12-02 09:57:00,7,2243.09,1166,149,12.965838150289018,227,510,1,At Risk,10,1,0.37333333333333335,Medium Risk
16824,2011-11-24 12:38:00,2010-11-11 12:21:00,3,686.24,390,34,17.595897435897434,16,378,0,Other,11,1,0.11,Low Risk
16825,2011-11-01 11:51:00,2010-06-23 13:14:00,5,1826.89,1297,48,28.54515625,39,495,0,Champions,12,1,0.41333333333333333,Medium Risk
16826,2011-10-19 14:05:00,2011-10-19 14:05:00,1,341.7,158,22,15.531818181818181,51,0,0,New / Potential,8,0,0.25333333333333335,Low Risk
16827,2010-11-11 14:04:00,2010-04-29 19:07:00,5,392.13,125,10,32.6775,393,195,1,At Risk,8,0,0.95,High Risk
16828,2011-09-07 15:10:00,2011-08-19 13:24:00,2,128.5,59,8,16.0625,93,19,1,Other,6,0,0.9166666666666666,High Risk
16829,2011-07-06 10:48:00,2010-11-16 18:11:00,2,513.32,215,25,19.011851851851855,157,231,1,Other,7,0,0.8666666666666667,High Risk
16830,2011-11-01 11:35:00,2009-12-13 12:11:00,4,1207.5,699,65,16.1,39,687,0,Loyal Customers,11,1,0.013333333333333334,Low Risk
16831,2010-05-24 09:08:00,2010-05-24 09:08:00,1,91.8,48,6,15.299999999999999,565,0,1,Other,4,0,0.88,High Risk
16832,2011-06-08 15:36:00,2010-09-07 12:35:00,5,417.61,179,19,19.886190476190478,184,274,1,Loyal Customers,9,0,0.6766666666666666,High Risk
16833,2011-12-08 14:39:00,2010-03-26 15:31:00,6,2409.04,878,87,26.18521739130435,1,621,0,Champions,13,1,0.03333333333333333,Low Risk
16834,2011-04-26 09:37:00,2010-02-03 14:24:00,2,898.96,760,43,18.728333333333335,228,446,1,At Risk,8,0,0.87,High Risk
16835,2011-08-03 13:50:00,2010-05-19 08:41:00,6,1456.66,496,58,17.764146341463416,128,441,1,Loyal Customers,11,1,0.9333333333333333,High Risk
16836,2011-10-31 10:05:00,2010-05-14 12:52:00,4,782.37,539,42,18.627857142857142,40,534,0,Loyal Customers,11,0,0.12333333333333334,Low Risk
16837,2011-11-08 14:27:00,2011-04-08 08:48:00,11,3170.98,1563,123,19.218060606060607,31,214,0,Champions,14,1,0.10666666666666667,Low Risk
16838,2011-05-26 13:13:00,2010-02-14 15:27:00,4,1159.6100000000001,509,53,19.65440677966102,197,465,1,At Risk,9,0,0.8866666666666667,High Risk
16839,2011-12-01 09:03:00,2010-02-11 15:02:00,44,21758.25,11295,132,62.16642857142857,9,657,0,Champions,15,1,0.006666666666666667,Low Risk
16840,2010-04-15 15:48:00,2010-02-03 12:42:00,2,139.85,117,9,15.538888888888888,603,71,1,At Risk,5,0,0.8866666666666667,High Risk
16841,2011-11-03 11:51:00,2010-01-12 11:32:00,12,4006.06,3478,187,18.292511415525112,37,660,0,Champions,14,1,0.0033333333333333335,Low Risk
16842,2011-08-31 10:42:00,2011-02-10 14:51:00,3,1264.19,693,45,20.066507936507936,101,201,1,High Value Customers,10,0,0.8333333333333334,High Risk
16843,2011-10-28 09:06:00,2009-12-10 11:40:00,35,19571.43,18502,317,32.83796979865772,43,686,0,Champions,14,1,0.0,Low Risk
16844,2010-05-26 10:29:00,2010-05-06 09:16:00,2,614.34,281,26,19.198125,563,20,1,At Risk,7,0,0.8766666666666667,High Risk
16845,2010-03-31 13:09:00,2010-03-31 13:09:00,1,253.88,167,20,12.693999999999999,618,0,1,Other,4,0,0.8866666666666667,High Risk
16846,2011-10-20 13:55:00,2010-03-10 12:03:00,3,842.41,517,47,17.923617021276595,50,589,0,Other,10,0,0.33666666666666667,Medium Risk
16847,2011-10-27 13:29:00,2010-03-31 13:32:00,2,614.89,255,37,16.618648648648648,43,574,0,Other,10,0,0.09666666666666666,Low Risk
16848,2011-10-18 08:42:00,2010-10-03 11:01:00,4,1411.62,780,75,16.607294117647058,53,379,0,Champions,12,1,0.08666666666666667,Low Risk
16849,2011-06-06 09:16:00,2011-06-06 09:16:00,1,124.57,33,8,15.57125,187,0,1,Other,6,0,0.9866666666666667,High Risk
16850,2011-01-10 11:09:00,2011-01-10 11:09:00,1,332.41,249,19,17.495263157894737,334,0,1,Other,6,0,0.7966666666666666,High Risk
16851,2011-12-05 13:32:00,2011-10-19 09:48:00,3,342.45,271,17,17.1225,4,47,0,Other,10,1,0.11666666666666667,Low Risk
16852,2011-11-29 13:22:00,2011-06-16 15:49:00,2,144.91,56,9,16.10111111111111,10,165,0,Other,9,0,0.3333333333333333,Medium Risk
16854,2010-10-18 16:31:00,2010-03-09 14:32:00,2,1408.96,997,72,18.786133333333336,417,223,1,At Risk,8,0,0.62,High Risk
16855,2011-11-16 12:03:00,2011-10-27 16:31:00,2,328.40000000000003,164,19,17.284210526315793,24,19,0,Other,9,0,0.74,High Risk
16856,2011-11-25 08:59:00,2010-09-23 13:11:00,3,358.49,171,16,18.867894736842107,15,427,0,Other,10,0,0.12666666666666668,Low Risk
16857,2010-09-23 10:49:00,2010-09-23 10:49:00,1,352.8,168,11,32.07272727272727,443,0,1,Other,5,0,0.9033333333333333,High Risk
16858,2010-12-06 09:52:00,2009-12-15 11:09:00,10,4292.59,1423,75,34.068174603174604,369,355,1,At Risk,12,1,0.7733333333333333,High Risk
16859,2011-07-18 12:19:00,2010-03-04 12:37:00,7,1932.41,1899,87,17.567363636363638,145,500,1,Loyal Customers,11,1,0.2733333333333333,Low Risk
16860,2010-09-13 10:05:00,2010-02-15 13:46:00,3,1610.62,625,35,37.45627906976744,453,209,1,At Risk,8,0,0.88,High Risk
16861,2011-10-11 09:05:00,2010-07-19 11:44:00,5,946.59,616,39,19.318163265306122,60,448,0,Loyal Customers,10,1,0.5966666666666667,Medium Risk
16862,2010-06-10 13:05:00,2010-01-07 12:57:00,4,662.33,513,34,18.923714285714286,547,154,1,At Risk,8,0,0.8833333333333333,High Risk
16863,2011-11-08 15:26:00,2010-10-26 10:03:00,3,834.27,640,43,17.750425531914892,31,378,0,Other,10,0,0.25,Low Risk
16864,2010-10-01 16:16:00,2010-04-20 11:56:00,2,409.25,283,17,24.073529411764707,434,164,1,At Risk,6,0,0.9366666666666666,High Risk
16865,2010-11-03 11:34:00,2010-11-03 11:34:00,1,130.95,157,15,8.184375,402,0,1,Other,5,0,0.94,High Risk
16866,2011-07-22 10:06:00,2011-07-01 12:34:00,3,207.74,60,10,18.885454545454547,141,20,1,Other,7,0,0.6466666666666666,High Risk
16867,2010-01-19 09:11:00,2010-01-19 09:11:00,1,76.74000000000001,58,6,12.790000000000001,690,0,1,Other,4,0,0.94,High Risk
16868,2010-11-10 13:17:00,2010-04-25 11:31:00,3,384.56,112,47,7.6912,394,199,1,At Risk,7,0,0.8866666666666667,High Risk
16869,2011-11-17 12:02:00,2011-06-17 13:01:00,4,817.12,583,113,6.434015748031496,23,152,0,Loyal Customers,11,1,0.23,Low Risk
16870,2010-08-27 13:53:00,2010-08-27 13:53:00,1,450.16,278,28,16.077142857142857,469,0,1,Other,5,0,0.81,High Risk
16871,2011-11-17 19:27:00,2011-03-14 10:31:00,6,2812.34,1253,131,20.528029197080293,22,248,0,Champions,12,1,0.11,Low Risk
16872,2011-09-23 16:05:00,2010-09-02 17:36:00,6,1213.13,1079,12,67.39611111111111,77,385,0,Loyal Customers,10,1,0.17666666666666667,Low Risk
16873,2011-12-05 12:05:00,2010-02-09 14:17:00,12,14617.39,8601,252,28.54958984375,5,663,0,Champions,15,1,0.0033333333333333335,Low Risk
16874,2010-11-25 13:08:00,2010-11-25 13:08:00,1,209.89000000000001,78,31,6.770645161290323,379,0,1,Other,5,0,0.99,High Risk
16875,2011-10-03 13:39:00,2010-01-05 09:16:00,11,4234.53,2099,161,18.410999999999998,67,636,0,Loyal Customers,13,1,0.006666666666666667,Low Risk
16876,2010-11-01 11:59:00,2010-11-01 11:59:00,1,136.01,181,32,4.2503125,404,0,1,Other,5,0,0.83,High Risk
16877,2011-11-27 13:47:00,2011-05-15 16:13:00,6,846.62,458,111,5.427051282051282,12,195,0,Loyal Customers,12,1,0.7466666666666667,High Risk
16878,2011-09-16 17:39:00,2011-09-16 17:39:00,1,13.3,12,3,4.433333333333334,84,0,0,Other,6,0,0.35,Medium Risk
16880,2011-11-09 11:33:00,2010-08-03 13:54:00,8,1813.21,904,130,9.908251366120219,31,462,0,Champions,13,1,0.19333333333333333,Low Risk
16881,2011-10-04 10:33:00,2011-10-04 10:33:00,1,432.0,600,1,432.0,67,0,0,Other,7,0,0.83,High Risk
16882,2011-10-04 10:42:00,2011-01-26 17:43:00,3,705.12,424,39,18.080000000000002,67,250,0,Other,9,0,0.33666666666666667,Medium Risk
16883,2011-06-05 12:51:00,2009-12-04 12:07:00,19,2246.06,1016,159,8.412209737827714,187,548,1,Loyal Customers,12,1,0.7633333333333333,High Risk
16884,2011-11-02 11:52:00,2010-05-18 12:00:00,4,1070.97,520,64,14.472567567567568,38,532,0,Loyal Customers,11,1,0.07333333333333333,Low Risk
16885,2011-11-24 13:40:00,2010-11-19 12:51:00,4,684.6,358,121,5.033823529411765,15,370,0,Loyal Customers,12,1,0.06666666666666667,Low Risk
16886,2010-09-09 15:08:00,2010-09-09 15:08:00,1,134.0,48,8,16.75,456,0,1,Other,4,0,0.9533333333333334,High Risk
16887,2011-11-04 14:07:00,2009-12-01 13:41:00,3,658.17,423,94,6.516534653465346,35,703,0,Other,10,0,0.013333333333333334,Low Risk
16888,2010-11-04 12:39:00,2010-01-07 13:07:00,3,434.2,145,44,8.35,401,300,1,At Risk,7,0,0.7233333333333334,High Risk
16889,2011-05-29 11:05:00,2010-05-23 10:46:00,6,2526.65,1611,163,11.643548387096775,195,371,1,At Risk,10,1,0.7866666666666666,High Risk
16890,2010-08-20 11:23:00,2010-05-06 16:27:00,3,285.41,243,17,15.021578947368422,477,105,1,At Risk,5,0,0.7933333333333333,High Risk
16891,2011-12-08 11:15:00,2009-12-04 12:37:00,11,1727.94,652,335,4.133827751196172,2,733,0,Champions,14,1,0.023333333333333334,Low Risk
16892,2011-12-08 13:18:00,2009-12-08 14:20:00,7,754.75,367,119,5.509124087591241,1,729,0,Loyal Customers,12,1,0.006666666666666667,Low Risk
16893,2010-12-08 12:06:00,2010-11-28 15:14:00,2,249.89000000000001,117,80,2.8722988505747127,367,9,1,At Risk,6,0,0.9233333333333333,High Risk
16894,2010-07-25 15:43:00,2010-06-22 14:21:00,3,1306.96,503,186,6.989090909090909,502,33,1,At Risk,8,0,0.7466666666666667,High Risk
16895,2011-10-06 12:15:00,2010-02-12 11:07:00,5,1102.9,421,135,6.766257668711657,65,601,0,Loyal Customers,10,1,0.08,Low Risk
16896,2010-06-02 15:40:00,2010-06-02 15:40:00,1,103.95,18,18,5.775,555,0,1,Other,4,0,0.89,High Risk
16897,2011-02-13 15:02:00,2011-01-30 11:52:00,2,289.78,73,37,7.831891891891891,299,14,1,At Risk,7,0,0.78,High Risk
16898,2011-11-13 15:44:00,2010-05-12 12:18:00,5,885.21,695,223,3.526733067729084,26,550,0,Loyal Customers,11,1,0.21,Low Risk
16899,2011-12-02 12:03:00,2010-11-07 15:00:00,8,1695.77,811,101,9.8021387283237,8,389,0,Champions,14,1,0.16666666666666666,Low Risk
16900,2011-11-23 10:32:00,2011-10-07 13:17:00,3,887.11,833,78,11.229240506329115,17,46,0,Other,11,1,0.15333333333333332,Low Risk
16901,2009-12-10 16:30:00,2009-12-10 16:30:00,1,204.26,42,23,8.880869565217392,729,0,1,Other,4,0,0.9566666666666667,High Risk
16902,2011-08-15 14:17:00,2011-08-15 14:17:00,1,1706.88,629,43,38.79272727272728,116,0,1,High Value Customers,9,0,0.8866666666666667,High Risk
16903,2011-11-10 15:32:00,2010-10-20 14:42:00,3,1041.75,717,148,5.7239010989010985,29,386,0,Other,10,1,0.08,Low Risk
16904,2011-12-05 13:10:00,2010-10-24 16:03:00,21,4675.36,2607,484,5.212218506131549,4,406,0,Champions,15,1,0.07,Low Risk
16905,2011-12-04 14:01:00,2009-12-10 20:04:00,17,4706.77,1913,171,14.70865625,5,723,0,Champions,15,1,0.0033333333333333335,Low Risk
16906,2011-09-19 11:49:00,2010-05-13 13:23:00,7,1410.92,590,180,6.624037558685447,82,493,0,Loyal Customers,11,1,0.20333333333333334,Low Risk
16907,2011-11-10 18:04:00,2010-07-01 17:30:00,9,1470.89,451,109,7.037751196172249,29,497,0,Champions,13,1,0.21333333333333335,Low Risk
16908,2009-12-17 13:35:00,2009-12-17 13:35:00,1,252.59,61,20,12.6295,722,0,1,Other,4,0,0.9966666666666667,High Risk
16909,2011-09-28 16:45:00,2011-09-28 16:45:00,1,379.14,436,18,21.063333333333333,72,0,0,Other,7,0,0.33,Medium Risk
16910,2011-12-05 12:51:00,2011-09-09 14:14:00,8,1508.96,884,318,2.7687339449541284,4,86,0,Champions,14,1,0.11,Low Risk
16911,2010-03-14 12:18:00,2010-02-16 16:12:00,2,255.25,161,30,7.292857142857143,636,25,1,At Risk,5,0,0.9133333333333333,High Risk
16912,2011-11-11 12:18:00,2009-12-09 12:32:00,15,4460.51,1689,130,25.933197674418604,29,701,0,Champions,14,1,0.0033333333333333335,Low Risk
16913,2011-02-22 12:56:00,2010-02-26 12:06:00,3,423.91,229,18,23.550555555555558,290,361,1,At Risk,7,0,0.5033333333333333,Medium Risk
16914,2011-11-03 15:27:00,2011-11-03 15:27:00,1,183.76,112,25,6.125333333333333,36,0,0,New / Potential,7,0,0.33666666666666667,Medium Risk
16915,2011-11-30 16:39:00,2010-05-19 13:32:00,11,1543.18,190,54,20.853783783783786,9,560,0,Champions,14,1,0.43333333333333335,Medium Risk
16916,2011-11-16 12:08:00,2010-10-20 12:56:00,4,902.02,649,180,4.40009756097561,24,391,0,Loyal Customers,11,1,0.17,Low Risk
16917,2011-03-08 11:55:00,2010-03-17 15:24:00,2,1851.88,792,45,37.037600000000005,277,355,1,At Risk,9,0,0.8233333333333334,High Risk
16918,2011-10-21 12:50:00,2009-12-03 12:27:00,16,3206.54,2066,280,7.062863436123348,50,687,0,Champions,14,1,0.0033333333333333335,Low Risk
16919,2011-07-06 13:35:00,2010-08-19 15:28:00,24,4909.66,2333,230,7.996188925081433,156,320,1,Loyal Customers,13,1,0.7766666666666666,High Risk
16920,2010-10-24 14:07:00,2010-10-24 14:07:00,1,355.45,81,23,15.454347826086956,411,0,1,Other,5,0,0.94,High Risk
16921,2011-10-09 16:22:00,2010-04-18 15:34:00,3,409.21,275,78,4.650113636363636,61,539,0,Other,8,0,0.12666666666666668,Low Risk
16922,2010-05-16 11:24:00,2010-05-16 11:24:00,1,611.08,281,122,5.008852459016394,573,0,1,Other,6,0,0.8833333333333333,High Risk
16923,2011-11-27 13:00:00,2010-01-31 11:14:00,32,13157.130000000001,6190,431,12.148781163434904,12,665,0,Champions,15,1,0.0033333333333333335,Low Risk
16924,2011-11-18 12:53:00,2011-09-16 12:54:00,3,829.89,467,69,10.245555555555555,21,62,0,Other,10,1,0.17,Low Risk
16925,2010-06-17 15:03:00,2010-06-17 15:03:00,1,125.65,123,18,6.980555555555556,540,0,1,Other,4,0,0.97,High Risk
16926,2010-12-03 13:42:00,2010-07-01 12:57:00,5,1169.6100000000001,197,63,12.183437500000002,371,155,1,At Risk,9,0,0.78,High Risk
16927,2011-08-16 11:10:00,2010-12-13 11:57:00,3,543.05,993,5,90.50833333333333,116,245,1,Other,8,0,0.8366666666666667,High Risk
16928,2011-09-20 15:10:00,2010-02-03 12:30:00,29,3897.5299999999997,2587,135,12.21796238244514,80,594,0,Loyal Customers,13,1,0.06666666666666667,Low Risk
16929,2011-12-06 08:37:00,2011-07-07 12:39:00,7,1295.39,929,51,16.823246753246753,4,151,0,Champions,13,1,0.20333333333333334,Low Risk
16930,2011-11-13 16:13:00,2011-10-02 14:25:00,3,378.89,339,47,7.148867924528302,26,42,0,Other,9,0,0.17,Low Risk
16931,2011-12-04 13:15:00,2010-11-07 13:24:00,23,5032.22,3357,466,5.30824894514768,5,391,0,Champions,15,1,0.07,Low Risk
16932,2011-10-17 14:12:00,2010-05-17 14:15:00,3,412.55,217,116,3.1018796992481206,53,517,0,Other,9,0,0.06,Low Risk
16933,2011-12-08 12:54:00,2009-12-09 15:03:00,9,3099.3,1533,213,10.990425531914894,1,728,0,Champions,15,1,0.006666666666666667,Low Risk
16934,2011-10-16 12:40:00,2010-03-28 12:43:00,6,2083.14,936,128,14.774042553191489,55,566,0,Champions,12,1,0.11,Low Risk
16935,2010-11-23 09:16:00,2010-10-14 13:09:00,3,530.86,273,55,7.693623188405797,382,39,1,At Risk,7,0,0.43333333333333335,Medium Risk
16936,2011-11-14 11:04:00,2010-11-19 11:54:00,2,548.29,339,122,3.944532374100719,26,359,0,Other,9,0,0.07,Low Risk
16937,2010-07-28 17:56:00,2010-07-28 17:56:00,1,196.25,123,49,4.005102040816326,499,0,1,Other,4,0,0.9366666666666666,High Risk
16938,2011-12-01 10:20:00,2010-02-17 14:47:00,9,6995.360000000001,5041,547,8.489514563106797,9,651,0,Champions,15,1,0.01,Low Risk
16939,2010-08-08 12:24:00,2010-02-28 13:33:00,3,433.84999999999997,229,38,10.58170731707317,489,160,1,At Risk,6,0,0.6066666666666667,High Risk
16940,2011-10-18 13:15:00,2009-12-08 13:08:00,8,6427.66,4503,360,10.218855325914149,52,679,0,Champions,14,1,0.02,Low Risk
16941,2010-04-07 11:13:00,2010-04-07 11:13:00,1,33.0,12,2,16.5,612,0,1,Other,4,0,0.8333333333333334,High Risk
16942,2011-11-27 12:40:00,2011-04-26 11:59:00,9,1904.99,805,159,6.877220216606498,13,215,0,Champions,14,1,0.4633333333333333,Medium Risk
16943,2011-05-12 11:57:00,2010-03-25 13:34:00,5,1299.49,147,24,37.12828571428572,212,412,1,At Risk,10,0,0.79,High Risk
16944,2010-04-09 11:03:00,2010-04-09 11:03:00,1,101.36,27,7,14.48,610,0,1,Other,4,0,0.9833333333333333,High Risk
16945,2011-11-18 11:39:00,2009-12-09 11:33:00,33,8548.16,5889,231,18.03409282700422,22,709,0,Champions,14,1,0.0,Low Risk
16946,2010-11-21 14:06:00,2010-03-02 10:49:00,5,1222.04,509,69,16.293866666666666,383,264,1,At Risk,10,0,0.8933333333333333,High Risk
16947,2011-04-18 09:38:00,2010-03-03 10:54:00,5,955.21,655,50,18.022830188679247,236,410,1,At Risk,9,0,0.7966666666666666,High Risk
16948,2011-07-24 12:46:00,2010-02-21 13:48:00,7,868.77,2091,20,20.203953488372093,139,517,1,Loyal Customers,10,0,0.8066666666666666,High Risk
16949,2011-12-06 11:07:00,2011-01-27 12:11:00,6,1286.27,791,57,21.437833333333334,4,312,0,Champions,13,1,0.51,Medium Risk
16950,2011-10-14 09:06:00,2010-01-24 11:26:00,10,3541.77,2432,111,24.595625,57,627,0,Champions,14,1,0.013333333333333334,Low Risk
16951,2011-07-28 12:05:00,2011-02-08 14:58:00,3,1277.75,1318,73,14.857558139534884,135,169,1,High Value Customers,10,0,0.8066666666666666,High Risk
16952,2011-08-22 13:03:00,2009-12-11 13:52:00,5,795.83,343,76,9.147471264367816,109,618,1,Loyal Customers,10,0,0.66,High Risk
16953,2011-11-09 15:54:00,2011-11-09 15:54:00,1,20.8,10,1,20.8,30,0,0,New / Potential,7,0,0.15666666666666668,Low Risk
16954,2011-12-09 09:46:00,2010-01-18 14:49:00,20,6081.88,4086,83,29.52368932038835,1,689,0,Champions,15,1,0.0,Low Risk
16955,2011-06-08 10:36:00,2010-01-31 11:38:00,6,1120.31,723,33,22.4062,185,492,1,Loyal Customers,10,0,0.7533333333333333,High Risk
16956,2011-11-22 08:56:00,2011-11-22 08:56:00,1,308.74,114,16,19.29625,18,0,0,New / Potential,9,0,0.3566666666666667,Medium Risk
16957,2011-04-14 13:56:00,2011-03-03 09:25:00,2,416.64,172,15,26.04,239,42,1,At Risk,7,0,0.7766666666666666,High Risk
16958,2010-09-30 14:25:00,2010-09-30 14:25:00,1,778.49,514,69,11.121285714285714,435,0,1,Other,6,0,0.8766666666666667,High Risk
16959,2011-09-13 15:03:00,2011-09-13 15:03:00,1,117.35000000000001,49,7,16.764285714285716,87,0,0,Other,6,0,0.3466666666666667,Medium Risk
16960,2011-11-01 11:35:00,2010-03-02 13:36:00,8,1990.88,1492,334,4.434031180400891,39,608,0,Champions,13,1,0.02666666666666667,Low Risk
16961,2011-08-15 13:46:00,2010-06-25 14:36:00,3,794.56,482,52,15.28,116,415,1,Other,9,0,0.30333333333333334,Medium Risk
16962,2010-10-26 11:36:00,2010-10-26 11:36:00,1,251.04,158,15,16.736,410,0,1,Other,5,0,0.88,High Risk
16963,2011-06-05 13:48:00,2011-06-05 13:48:00,1,110.55000000000001,35,7,15.792857142857144,187,0,1,Other,6,0,0.7866666666666666,High Risk
16964,2009-12-06 12:53:00,2009-12-06 12:51:00,2,207.85,49,6,34.641666666666666,733,0,1,At Risk,5,0,0.8533333333333334,High Risk
16965,2011-04-27 12:08:00,2011-04-27 12:08:00,1,201.19,291,26,7.738076923076923,227,0,1,Other,5,0,0.8433333333333334,High Risk
16966,2011-12-01 13:40:00,2011-04-13 14:17:00,7,2154.97,1981,8,76.96321428571427,8,231,0,Champions,13,1,0.16,Low Risk
16967,2011-06-03 14:24:00,2011-06-03 14:24:00,1,319.02,333,21,15.19142857142857,189,0,1,Other,7,0,0.8666666666666667,High Risk
16968,2011-12-05 15:02:00,2011-08-24 10:51:00,2,439.43,326,31,14.175161290322581,4,103,0,Other,10,1,0.2733333333333333,Low Risk
16969,2011-10-31 13:12:00,2011-06-01 12:10:00,3,650.41,816,42,15.48595238095238,39,152,0,Other,10,0,0.5533333333333333,Medium Risk
16970,2010-03-23 13:50:00,2010-03-23 13:50:00,1,71.4,12,2,35.7,626,0,1,Other,4,0,0.9566666666666667,High Risk
16971,2011-11-01 15:06:00,2011-11-01 15:06:00,1,357.21,72,40,8.712439024390243,38,0,0,New / Potential,8,0,0.81,High Risk
16972,2010-11-22 10:59:00,2010-09-09 11:20:00,2,749.0,183,54,9.134146341463415,383,73,1,At Risk,8,0,0.8766666666666667,High Risk
16973,2010-11-18 13:56:00,2010-11-18 13:56:00,1,127.0,60,6,21.166666666666668,386,0,1,Other,5,0,0.8733333333333333,High Risk
16974,2010-07-05 10:18:00,2010-05-24 10:43:00,2,365.5,70,5,45.6875,523,41,1,At Risk,6,0,0.9533333333333334,High Risk
16975,2010-10-12 17:53:00,2010-07-22 11:38:00,3,926.12,586,44,20.580444444444446,423,82,1,At Risk,7,0,0.7833333333333333,High Risk
16976,2011-03-17 16:33:00,2011-03-17 16:33:00,1,251.51999999999998,88,2,125.75999999999999,267,0,1,Other,5,0,0.91,High Risk
16977,2010-11-09 13:17:00,2010-03-18 11:06:00,4,496.0,142,25,17.714285714285715,395,236,1,At Risk,8,0,0.7166666666666667,High Risk
16978,2011-09-23 12:50:00,2010-02-11 16:27:00,3,768.88,285,65,11.475820895522387,78,588,0,Other,9,0,0.14,Low Risk
16979,2011-12-06 12:21:00,2010-09-15 14:30:00,9,2859.74,1451,82,22.168527131782945,4,446,0,Champions,14,1,0.4,Medium Risk
16980,2011-03-29 16:36:00,2010-10-07 14:05:00,3,1422.83,990,91,13.422924528301886,255,173,1,At Risk,9,0,0.37333333333333335,Medium Risk
16982,2011-10-10 12:28:00,2011-10-10 12:28:00,1,384.06,182,22,17.457272727272727,61,0,0,Other,7,0,0.25666666666666665,Low Risk
16983,2011-11-27 12:10:00,2010-09-19 12:38:00,11,3490.53,2315,151,15.110519480519482,13,433,0,Champions,15,1,0.10666666666666667,Low Risk
16984,2011-09-12 13:43:00,2010-03-07 15:34:00,9,10350.53,5127,669,9.655345149253732,88,553,0,Loyal Customers,13,1,0.17666666666666667,Low Risk
16985,2011-11-22 13:33:00,2009-12-10 13:34:00,23,10923.16,3103,130,44.95127572016461,17,711,0,Champions,15,1,0.0033333333333333335,Low Risk
16986,2011-11-10 11:55:00,2010-02-04 14:46:00,11,4888.75,2539,65,28.096264367816094,30,643,0,Champions,14,1,0.016666666666666666,Low Risk
16987,2011-12-06 17:26:00,2009-12-02 14:34:00,11,2521.4,671,155,9.660536398467434,3,734,0,Champions,14,1,0.013333333333333334,Low Risk
16988,2011-12-04 16:02:00,2010-11-25 09:22:00,2,382.67,158,20,19.1335,5,374,0,Other,10,0,0.12666666666666668,Low Risk
16989,2011-12-02 16:39:00,2011-07-12 09:11:00,6,1133.25,1233,7,94.4375,7,143,0,Loyal Customers,12,1,0.16333333333333333,Low Risk
16990,2011-05-05 08:30:00,2010-10-13 11:42:00,2,344.0,200,1,172.0,219,203,1,At Risk,7,0,0.8133333333333334,High Risk
16991,2010-10-14 14:08:00,2010-10-14 14:08:00,1,1041.21,793,74,14.070405405405406,421,0,1,Other,6,0,0.7966666666666666,High Risk
16992,2011-11-29 11:50:00,2010-02-11 12:36:00,13,5476.5,2061,212,19.21578947368421,11,655,0,Champions,15,1,0.0033333333333333335,Low Risk
16993,2010-09-02 12:16:00,2010-05-12 13:55:00,2,1950.95,285,19,69.67678571428571,464,112,1,At Risk,8,0,0.9133333333333333,High Risk
16996,2011-11-09 16:43:00,2010-10-18 12:24:00,9,2123.61,919,32,28.3148,30,387,0,Champions,13,1,0.4033333333333333,Medium Risk
16997,2011-02-24 17:28:00,2011-01-18 11:51:00,3,702.0,360,7,58.5,288,37,1,At Risk,8,0,0.48,Medium Risk
16998,2011-07-13 09:44:00,2010-09-21 14:39:00,5,402.0,104,2,67.0,150,294,1,Loyal Customers,9,0,0.88,High Risk
16999,2011-11-16 13:53:00,2011-09-26 15:43:00,2,484.82,294,21,21.07913043478261,23,50,0,Other,9,0,0.6733333333333333,High Risk
17000,2010-11-08 13:35:00,2010-10-27 14:16:00,2,406.3,305,26,13.543333333333333,396,11,1,At Risk,7,0,0.6566666666666666,High Risk
17001,2011-12-09 09:38:00,2010-03-25 12:41:00,19,6640.8,3782,108,24.148363636363637,1,623,0,Champions,15,1,0.02,Low Risk
17002,2011-09-15 12:40:00,2010-03-08 15:46:00,7,2571.55,1265,64,30.613690476190477,86,555,0,Loyal Customers,11,1,0.15666666666666668,Low Risk
17003,2010-11-02 13:15:00,2010-05-10 11:20:00,4,828.21,494,90,7.461351351351352,402,176,1,At Risk,9,0,0.8633333333333333,High Risk
17004,2011-10-24 14:25:00,2010-10-11 15:43:00,4,2324.36,1233,48,33.68637681159421,46,377,0,Champions,12,1,0.18333333333333332,Low Risk
17005,2010-08-26 10:57:00,2010-04-30 10:55:00,2,622.36,691,14,34.57555555555555,471,118,1,At Risk,7,0,0.8433333333333334,High Risk
17006,2011-12-05 12:09:00,2010-03-05 13:33:00,8,1635.27,572,103,12.676511627906976,5,639,0,Champions,14,1,0.056666666666666664,Low Risk
17007,2011-10-20 10:47:00,2010-09-28 13:51:00,7,1120.1000000000001,717,63,16.717910447761195,51,386,0,Loyal Customers,11,1,0.2,Low Risk
17008,2010-10-06 15:19:00,2010-10-06 15:19:00,1,81.36,24,1,81.36,429,0,1,Other,4,0,0.9666666666666667,High Risk
17009,2010-06-06 16:01:00,2010-06-06 16:01:00,1,242.06,336,10,22.005454545454544,551,0,1,Other,4,0,0.9033333333333333,High Risk
17010,2011-11-21 14:49:00,2011-11-21 14:49:00,1,195.36,118,11,17.76,18,0,0,New / Potential,8,0,0.25,Low Risk
17011,2011-11-09 13:30:00,2010-02-26 09:47:00,3,671.7,792,27,23.989285714285717,30,621,0,Other,10,0,0.06,Low Risk
17012,2009-12-14 17:34:00,2009-12-14 17:34:00,1,360.61,251,34,10.016944444444444,725,0,1,Other,5,0,0.4266666666666667,Medium Risk
17014,2011-12-01 14:09:00,2011-10-04 11:36:00,3,583.4300000000001,243,63,8.103194444444446,8,58,0,Other,10,1,0.27,Low Risk
17015,2011-11-11 10:45:00,2011-06-07 13:19:00,3,1838.61,1978,182,8.59163551401869,29,156,0,High Value Customers,11,1,0.15333333333333332,Low Risk
17016,2010-05-12 12:32:00,2010-05-12 12:32:00,1,552.4,309,41,13.473170731707317,577,0,1,Other,5,0,0.9466666666666667,High Risk
17017,2011-12-07 09:32:00,2009-12-03 13:22:00,29,12576.99,9397,120,33.272460317460315,3,733,0,Champions,15,1,0.0,Low Risk
17018,2011-10-30 11:42:00,2009-12-05 10:27:00,6,2287.7,456,26,61.82972972972973,41,694,0,Champions,12,1,0.02666666666666667,Low Risk
17019,2011-11-28 13:06:00,2009-12-02 11:52:00,11,3602.29,2396,344,5.602317262830482,11,726,0,Champions,15,1,0.0033333333333333335,Low Risk
17020,2010-06-15 13:06:00,2010-03-03 12:27:00,2,935.62,860,64,13.559710144927536,542,104,1,At Risk,7,0,0.8833333333333333,High Risk
17021,2010-09-23 20:01:00,2010-04-29 20:05:00,6,1182.22,992,35,24.629583333333333,442,146,1,At Risk,8,0,0.3933333333333333,Medium Risk
17022,2011-11-08 17:09:00,2010-10-03 10:27:00,2,260.0,180,16,16.25,31,401,0,Other,8,0,0.24333333333333335,Low Risk
17023,2010-10-18 15:37:00,2010-01-11 15:09:00,3,800.1800000000001,530,48,16.330204081632655,417,280,1,At Risk,7,0,0.89,High Risk
17024,2011-10-25 13:47:00,2011-07-05 09:31:00,3,95.85,69,2,31.95,45,112,0,Other,8,0,0.20666666666666667,Low Risk
17025,2011-10-10 09:06:00,2010-03-08 13:37:00,5,1349.67,885,31,36.47756756756757,61,580,0,Loyal Customers,11,1,0.13666666666666666,Low Risk
17026,2011-06-07 14:28:00,2010-10-18 15:22:00,3,175.83,107,4,35.166000000000004,185,231,1,Other,7,0,0.8466666666666667,High Risk
17027,2011-09-22 12:24:00,2009-12-10 12:10:00,9,1310.63,645,126,7.3630898876404505,79,651,0,Loyal Customers,12,1,0.043333333333333335,Low Risk
17028,2010-05-07 15:33:00,2009-12-18 14:28:00,3,1593.83,856,85,16.777157894736842,581,140,1,At Risk,8,0,0.8733333333333333,High Risk
17029,2011-08-21 11:06:00,2010-02-14 10:19:00,7,2137.3,1265,19,73.7,111,553,1,Loyal Customers,11,1,0.8066666666666666,High Risk
17030,2011-10-07 08:49:00,2011-10-07 08:49:00,1,146.87,146,11,13.351818181818182,64,0,0,Other,6,0,0.16666666666666666,Low Risk
17031,2011-11-28 10:23:00,2010-05-07 14:52:00,6,2773.85,1595,34,55.477,12,569,0,Champions,13,1,0.09,Low Risk
17032,2010-06-10 12:16:00,2009-12-10 15:36:00,8,2984.32,1667,183,12.592067510548524,548,181,1,At Risk,11,1,0.7433333333333333,High Risk
17033,2011-09-14 14:34:00,2010-11-07 12:55:00,4,1332.79,871,33,33.31975,86,311,0,Loyal Customers,11,0,0.18,Low Risk
17034,2011-11-23 15:14:00,2010-07-14 12:55:00,5,1276.42,694,49,22.007241379310347,16,497,0,Champions,13,1,0.13333333333333333,Low Risk
17035,2011-04-08 11:23:00,2009-12-03 10:37:00,4,613.59,327,29,18.593636363636364,246,491,1,At Risk,9,0,0.8233333333333334,High Risk
17036,2010-11-21 14:26:00,2010-11-21 14:26:00,1,176.9,76,12,14.741666666666667,383,0,1,Other,5,0,0.9466666666666667,High Risk
17037,2011-09-13 12:49:00,2011-09-13 12:49:00,1,1267.32,656,75,16.8976,88,0,0,High Value Customers,9,0,0.29,Low Risk
17038,2011-11-09 13:50:00,2010-10-20 16:04:00,2,743.17,535,61,11.796349206349205,30,384,0,Other,10,0,0.43333333333333335,Medium Risk
17039,2010-04-14 12:56:00,2010-04-14 12:56:00,1,1954.99,689,44,44.43159090909091,604,0,1,Other,7,0,0.9466666666666667,High Risk
17040,2011-07-25 10:19:00,2010-06-07 15:08:00,2,463.25,189,15,28.953125,138,412,1,Other,8,0,0.4666666666666667,Medium Risk
17041,2011-11-13 11:21:00,2010-04-18 14:25:00,6,1655.2,1303,93,13.136507936507936,27,573,0,Champions,12,1,0.24,Low Risk
17042,2011-12-07 12:26:00,2011-04-06 14:53:00,5,1036.58,990,74,10.686391752577318,3,244,0,Loyal Customers,12,1,0.25666666666666665,Low Risk
17043,2011-11-07 15:33:00,2009-12-09 15:20:00,8,2593.65,1616,175,13.033417085427136,32,698,0,Champions,13,1,0.0,Low Risk
17044,2011-11-14 14:28:00,2009-12-07 12:25:00,12,11962.300000000001,5722,92,80.28389261744967,25,707,0,Champions,14,1,0.01,Low Risk
17045,2011-08-18 17:09:00,2010-10-06 14:52:00,5,827.6800000000001,294,44,15.616603773584908,113,316,1,Loyal Customers,10,0,0.8766666666666667,High Risk
17046,2011-07-05 14:24:00,2010-03-29 13:46:00,5,1906.07,1636,76,22.42435294117647,157,463,1,Loyal Customers,11,1,0.8066666666666666,High Risk
17047,2011-09-15 13:27:00,2009-12-08 08:48:00,6,2289.23,1184,114,16.121338028169014,85,646,0,Loyal Customers,11,1,0.006666666666666667,Low Risk
17048,2011-08-14 11:49:00,2010-01-18 13:55:00,7,2071.68,1068,88,20.51168316831683,118,572,1,Loyal Customers,11,1,0.71,High Risk
17049,2011-12-07 10:48:00,2010-03-04 10:23:00,19,9942.53,4273,316,17.8181541218638,3,643,0,Champions,15,1,0.0033333333333333335,Low Risk
17050,2011-09-04 13:48:00,2010-01-26 14:54:00,11,4648.59,2432,193,13.31974212034384,96,585,1,Loyal Customers,13,1,0.7366666666666667,High Risk
17051,2011-05-29 14:13:00,2010-03-21 14:55:00,4,706.49,507,107,4.558,194,433,1,At Risk,9,0,0.79,High Risk
17052,2011-11-11 14:50:00,2011-11-11 14:50:00,1,399.09,251,72,4.808313253012048,28,0,0,New / Potential,8,0,0.31666666666666665,Medium Risk
17053,2011-08-01 10:23:00,2011-08-01 10:23:00,1,498.48,122,13,38.34461538461539,131,0,1,Other,7,0,0.8933333333333333,High Risk
17054,2011-11-11 12:56:00,2011-04-08 13:14:00,5,1356.33,804,64,16.34132530120482,28,216,0,Champions,12,1,0.23666666666666666,Low Risk
17055,2010-09-20 12:21:00,2010-09-20 12:21:00,1,232.85000000000002,83,24,8.955769230769231,446,0,1,Other,4,0,0.9966666666666667,High Risk
17056,2009-12-01 12:55:00,2009-12-01 12:55:00,1,128.60000000000002,26,8,16.075000000000003,738,0,1,Other,4,0,0.96,High Risk
17057,2010-04-22 19:21:00,2010-04-22 19:21:00,1,294.74,129,48,5.8948,596,0,1,Other,5,0,0.8666666666666667,High Risk
17058,2011-09-19 10:13:00,2011-04-14 09:18:00,3,1179.89,592,51,19.030483870967743,82,158,0,Other,9,0,0.22666666666666666,Low Risk
17059,2011-11-10 12:27:00,2010-01-26 14:43:00,9,4864.57,3107,349,6.7469764216366155,30,652,0,Champions,14,1,0.006666666666666667,Low Risk
17060,2011-03-18 13:27:00,2011-03-18 13:27:00,1,234.24,216,5,46.848,266,0,1,Other,5,0,0.9424218365232828,High Risk
17061,2011-09-27 11:24:00,2011-04-21 13:29:00,11,5232.2300000000005,1526,57,52.850808080808086,74,158,0,Loyal Customers,13,1,0.49333333333333335,Medium Risk
17062,2011-01-30 11:01:00,2010-09-26 11:57:00,6,889.75,644,82,7.353305785123967,314,125,1,At Risk,9,0,0.4633333333333333,Medium Risk
17063,2011-11-18 16:19:00,2009-12-01 12:36:00,13,3638.53,1899,150,17.748926829268292,21,717,0,Champions,14,1,0.0,Low Risk
17064,2011-10-12 10:18:00,2011-01-16 16:10:00,3,855.45,316,53,14.02377049180328,59,268,0,Other,10,0,0.29,Low Risk
17065,2010-03-12 11:41:00,2010-03-12 11:40:00,2,194.7,82,6,16.224999999999998,638,0,1,At Risk,5,0,0.9266666666666666,High Risk
17066,2009-12-13 13:24:00,2009-12-13 13:24:00,1,228.34,93,17,12.685555555555556,726,0,1,Other,4,0,0.9966666666666667,High Risk
17067,2009-12-15 08:39:00,2009-12-08 12:03:00,3,454.54,322,8,34.964615384615385,725,6,1,At Risk,6,0,0.86,High Risk
17068,2011-11-27 13:14:00,2010-03-28 14:26:00,47,8987.68,4351,250,9.023775100401608,12,608,0,Champions,15,1,0.14333333333333334,Low Risk
17069,2011-11-11 17:13:00,2009-12-03 12:27:00,14,5517.2300000000005,3230,202,19.4268661971831,28,708,0,Champions,14,1,0.0,Low Risk
17070,2011-08-17 17:01:00,2010-10-25 15:57:00,2,437.42,232,102,4.2467961165048544,114,296,1,Other,8,0,0.9,High Risk
17071,2011-11-11 16:31:00,2010-01-24 13:05:00,13,3793.71,1934,141,17.9796682464455,28,656,0,Champions,14,1,0.0033333333333333335,Low Risk
17072,2010-03-24 16:33:00,2010-03-24 16:33:00,1,273.35,212,20,13.016666666666667,625,0,1,Other,4,0,0.9533333333333334,High Risk
17073,2011-11-22 11:47:00,2011-08-22 14:37:00,4,1446.09,759,142,8.310862068965516,18,91,0,Champions,13,1,0.44666666666666666,Medium Risk
17074,2010-05-26 12:04:00,2010-05-26 12:04:00,1,203.05,19,4,50.7625,563,0,1,Other,4,0,0.9533333333333334,High Risk
17075,2011-11-22 11:58:00,2009-12-14 11:24:00,10,2236.63,785,153,11.239346733668341,18,708,0,Champions,14,1,0.006666666666666667,Low Risk
17076,2011-11-03 17:53:00,2009-12-04 12:12:00,6,1242.75,514,31,24.855,36,699,0,Champions,12,1,0.01,Low Risk
17077,2010-05-10 16:36:00,2010-05-10 16:36:00,1,306.0,36,1,306.0,578,0,1,Other,5,0,0.9366666666666666,High Risk
17078,2011-11-03 19:17:00,2011-11-03 18:49:00,2,378.2,788,28,13.507142857142856,36,0,0,Other,9,0,0.20666666666666667,Low Risk
17079,2011-09-22 15:34:00,2011-09-22 15:34:00,1,118.80000000000001,24,2,59.400000000000006,78,0,0,Other,6,0,0.23,Low Risk
17080,2011-11-17 12:59:00,2010-07-01 16:03:00,7,957.53,569,26,29.016060606060606,22,503,0,Loyal Customers,11,1,0.13666666666666666,Low Risk
17081,2011-11-14 12:56:00,2010-02-22 13:19:00,6,949.39,381,166,4.5864251207729465,25,629,0,Loyal Customers,11,1,0.02,Low Risk
17082,2011-11-06 15:17:00,2009-12-15 11:25:00,6,4732.03,2526,117,27.835470588235292,33,691,0,Champions,13,1,0.013333333333333334,Low Risk
17083,2011-08-22 15:43:00,2010-02-09 11:46:00,9,4049.79,1955,30,35.2155652173913,109,559,1,Loyal Customers,13,1,0.7133333333333334,High Risk
17084,2011-11-04 14:54:00,2010-11-08 14:20:00,3,5001.21,3178,263,17.797900355871885,35,361,0,High Value Customers,12,1,0.21666666666666667,Low Risk
17085,2011-08-08 14:15:00,2009-12-06 12:16:00,28,7847.67,3583,411,7.951033434650456,123,610,1,Loyal Customers,13,1,0.6466666666666666,High Risk
17086,2011-12-02 13:54:00,2011-10-07 11:22:00,6,2050.08,1859,76,21.355,7,56,0,Champions,13,1,0.25,Low Risk
17087,2009-12-02 10:41:00,2009-12-02 10:41:00,1,221.53,113,12,18.460833333333333,738,0,1,Other,4,0,0.9233333333333333,High Risk
17088,2011-11-11 14:23:00,2011-03-31 09:48:00,4,1991.01,868,96,17.313130434782607,28,225,0,Champions,12,1,0.8,High Risk
17089,2010-11-18 15:33:00,2010-11-18 15:33:00,1,128.45,35,4,32.1125,386,0,1,Other,5,0,0.9366666666666666,High Risk
17090,2011-12-05 13:44:00,2010-07-19 16:02:00,13,3080.1800000000003,1344,54,34.224222222222224,4,503,0,Champions,15,1,0.09666666666666666,Low Risk
17091,2011-12-07 10:43:00,2009-12-16 15:45:00,19,7495.75,3732,242,16.474175824175823,3,720,0,Champions,15,1,0.0033333333333333335,Low Risk
17092,2011-10-20 19:51:00,2010-02-02 16:42:00,11,5511.41,3768,273,14.059719387755102,50,625,0,Champions,14,1,0.04666666666666667,Low Risk
17093,2010-04-26 10:22:00,2010-04-26 10:22:00,1,235.88,114,13,18.144615384615385,593,0,1,Other,4,0,0.96,High Risk
17094,2011-01-21 13:09:00,2010-10-12 10:48:00,2,402.20000000000005,212,18,22.34444444444445,322,101,1,At Risk,7,0,0.88,High Risk
17095,2011-11-17 12:21:00,2009-12-15 12:32:00,7,2572.25,1695,110,18.775547445255473,23,701,0,Champions,12,1,0.016666666666666666,Low Risk
17096,2011-11-24 15:01:00,2010-06-02 14:48:00,11,3697.9300000000003,1559,162,18.03868292682927,15,540,0,Champions,15,1,0.17333333333333334,Low Risk
17097,2011-12-07 17:05:00,2010-10-05 14:09:00,9,1143.36,582,182,4.282247191011235,2,428,0,Loyal Customers,13,1,0.19,Low Risk
17098,2010-11-23 12:13:00,2010-06-17 10:30:00,3,591.07,125,10,32.83722222222222,382,159,1,At Risk,7,0,0.96,High Risk
17099,2010-06-24 16:25:00,2010-06-24 16:25:00,1,582.17,317,40,14.55425,533,0,1,Other,5,0,0.9133333333333333,High Risk
17100,2011-11-21 16:36:00,2011-11-21 16:36:00,2,971.74,800,65,14.949846153846154,18,0,0,Other,11,0,0.26,Low Risk
17101,2011-11-29 13:57:00,2010-06-07 15:12:00,7,2507.05,1175,54,34.34315068493151,10,539,0,Champions,13,1,0.12333333333333334,Low Risk
17102,2011-03-23 10:08:00,2011-03-23 10:08:00,1,25.5,2,1,25.5,262,0,1,Other,5,0,0.9066666666666666,High Risk
17103,2009-12-17 14:08:00,2009-12-17 14:08:00,1,424.3,471,32,13.259375,722,0,1,Other,5,0,0.8233333333333334,High Risk
17104,2010-10-12 12:21:00,2010-10-12 12:21:00,1,474.03000000000003,149,19,24.948947368421056,424,0,1,Other,5,0,0.33,Medium Risk
17105,2011-07-03 15:53:00,2011-02-06 14:46:00,2,665.78,693,80,7.397555555555555,159,147,1,Other,9,0,0.7166666666666667,High Risk
17106,2010-11-15 14:11:00,2010-11-15 14:11:00,1,481.58000000000004,153,51,9.442745098039216,389,0,1,Other,6,0,0.9133333333333333,High Risk
17107,2011-11-06 14:14:00,2010-01-31 15:47:00,10,16052.72,7530,377,23.95928358208955,33,643,0,Champions,14,1,0.03333333333333333,Low Risk
17108,2010-02-14 12:22:00,2010-02-14 12:22:00,1,174.95,31,9,19.438888888888886,664,0,1,Other,4,0,0.94,High Risk
17109,2011-11-10 16:59:00,2010-07-30 12:42:00,8,1291.71,788,124,9.292877697841726,29,468,0,Champions,13,1,0.16666666666666666,Low Risk
17110,2011-06-27 12:58:00,2010-04-08 13:32:00,3,499.9,136,38,10.20204081632653,165,444,1,Other,8,0,0.7766666666666666,High Risk
17111,2011-10-23 15:59:00,2010-10-10 15:21:00,2,459.58,581,44,9.574583333333333,47,378,0,Other,9,0,0.16666666666666666,Low Risk
17112,2010-07-25 11:14:00,2010-07-25 11:14:00,1,197.57,130,44,4.203617021276596,503,0,1,Other,4,0,0.9133333333333333,High Risk
17113,2010-05-14 13:59:00,2010-01-11 10:14:00,6,2305.59,913,122,14.592341772151899,574,123,1,At Risk,9,0,0.6933333333333334,High Risk
17114,2011-12-04 12:17:00,2011-01-09 11:39:00,8,801.12,215,85,6.5131707317073175,6,329,0,Loyal Customers,13,1,0.25666666666666665,Low Risk
17115,2011-12-01 14:30:00,2009-12-05 12:13:00,7,2761.4900000000002,885,102,23.01241666666667,8,726,0,Champions,13,1,0.006666666666666667,Low Risk
17116,2010-03-01 16:29:00,2010-03-01 16:29:00,1,389.78,392,47,8.293191489361702,648,0,1,Other,5,0,0.6633333333333333,High Risk
17117,2011-02-24 13:54:00,2011-02-24 13:54:00,1,116.2,68,9,12.911111111111111,288,0,1,Other,5,0,0.9266666666666666,High Risk
17118,2011-01-26 12:19:00,2011-01-26 12:19:00,1,157.02,154,10,15.702000000000002,318,0,1,Other,5,0,0.48333333333333334,Medium Risk
17119,2011-12-06 14:40:00,2011-10-11 11:03:00,2,606.91,334,35,17.340285714285713,3,56,0,Other,10,1,0.26,Low Risk
17120,2011-04-20 15:21:00,2011-04-20 15:21:00,1,307.46,120,18,17.08111111111111,233,0,1,Other,6,0,0.9766666666666667,High Risk
17121,2010-11-02 11:47:00,2010-11-02 11:47:00,1,314.74,106,12,26.228333333333335,403,0,1,Other,6,0,0.96,High Risk
17122,2011-08-12 14:33:00,2010-07-28 09:34:00,4,570.5,368,23,19.016666666666666,119,380,1,Loyal Customers,9,0,0.37333333333333335,Medium Risk
17123,2011-07-01 10:47:00,2010-05-16 11:52:00,3,977.1700000000001,676,37,22.724883720930233,162,410,1,Other,9,0,0.7766666666666666,High Risk
17124,2011-06-07 14:02:00,2011-06-07 14:02:00,1,294.24,129,31,9.491612903225807,185,0,1,Other,7,0,0.9533333333333334,High Risk
17125,2011-10-20 14:41:00,2011-10-20 14:41:00,1,230.5,281,34,6.585714285714285,50,0,0,New / Potential,7,0,0.22333333333333333,Low Risk
17126,2011-07-10 13:52:00,2010-08-31 13:41:00,9,2016.43,1426,295,4.531303370786517,152,313,1,Loyal Customers,12,1,0.71,High Risk
17127,2010-10-07 09:54:00,2009-12-04 15:18:00,5,1155.0300000000002,340,27,31.217027027027033,429,306,1,At Risk,8,0,0.84,High Risk
17128,2011-01-09 12:02:00,2011-01-09 12:02:00,1,157.09,76,14,11.220714285714285,335,0,1,Other,5,0,0.9966666666666667,High Risk
17129,2010-07-07 13:46:00,2010-07-07 13:46:00,1,31.85,5,2,15.925,520,0,1,Other,4,0,0.91,High Risk
17131,2011-12-04 12:52:00,2011-09-25 12:42:00,5,2463.17,983,78,18.38186567164179,5,70,0,Champions,13,1,0.29333333333333333,Low Risk
17132,2010-09-13 16:31:00,2010-08-08 13:49:00,2,1220.91,963,62,17.19591549295775,452,36,1,At Risk,8,0,0.7433333333333333,High Risk
17133,2011-11-24 12:27:00,2010-03-21 12:31:00,12,14622.33,10107,22,261.11303571428573,16,612,0,Champions,15,1,0.12333333333333334,Low Risk
17134,2011-08-25 09:53:00,2010-09-23 18:32:00,3,625.3,144,31,17.369444444444444,107,335,1,Other,9,0,0.82,High Risk
17135,2011-11-23 16:48:00,2010-05-09 16:03:00,10,1722.18,1686,98,12.043216783216783,16,563,0,Champions,14,1,0.06666666666666667,Low Risk
17136,2010-02-15 13:13:00,2010-02-15 13:13:00,1,231.68,256,14,16.548571428571428,662,0,1,Other,4,0,0.9566666666666667,High Risk
17137,2010-10-19 14:51:00,2010-01-31 12:27:00,6,1099.81,680,125,6.585688622754491,416,261,1,At Risk,8,0,0.4266666666666667,Medium Risk
17138,2011-03-09 11:54:00,2010-02-04 14:19:00,7,4417.27,2024,234,17.2549609375,276,397,1,At Risk,11,1,0.2733333333333333,Low Risk
17139,2011-11-24 10:12:00,2010-01-11 11:31:00,25,19566.76,9853,447,24.21628712871287,16,681,0,Champions,15,1,0.0033333333333333335,Low Risk
17140,2011-04-06 13:33:00,2011-04-06 13:33:00,1,454.12,296,16,25.22888888888889,247,0,1,Other,6,0,0.9133333333333333,High Risk
17141,2010-10-17 14:54:00,2010-01-24 14:19:00,4,727.58,423,138,4.491234567901235,418,266,1,At Risk,8,0,0.88,High Risk
17142,2011-04-14 18:22:00,2010-01-24 15:23:00,4,1275.25,322,78,14.32865168539326,239,445,1,At Risk,10,0,0.6566666666666666,High Risk
17143,2010-10-18 15:27:00,2010-07-12 13:26:00,2,880.97,314,82,7.865803571428572,417,98,1,At Risk,7,0,0.81,High Risk
17144,2011-12-08 17:57:00,2011-09-16 12:50:00,2,984.57,483,42,20.511875,1,83,0,Other,11,1,0.23333333333333334,Low Risk
17145,2010-07-15 09:02:00,2010-02-19 12:07:00,4,3120.91,2591,168,17.33838888888889,513,145,1,At Risk,10,0,0.25666666666666665,Low Risk
17146,2011-08-26 12:44:00,2010-02-02 09:39:00,13,5852.64,2188,164,19.443986710963458,106,570,1,Loyal Customers,13,1,0.7566666666666667,High Risk
17147,2011-11-17 12:32:00,2010-01-11 09:38:00,9,3199.95,1308,99,23.529044117647057,23,675,0,Champions,14,1,0.0033333333333333335,Low Risk
17148,2011-10-19 09:59:00,2011-10-19 09:59:00,1,124.88,82,9,13.875555555555556,52,0,0,New / Potential,7,0,0.38,Medium Risk
17149,2010-09-14 14:56:00,2010-09-14 14:56:00,1,143.10000000000002,18,6,23.850000000000005,451,0,1,Other,4,0,0.9966666666666667,High Risk
17150,2010-11-28 11:27:00,2009-12-06 10:51:00,6,1357.95,397,64,14.760326086956523,377,357,1,At Risk,10,0,0.8733333333333333,High Risk
17151,2009-12-04 14:56:00,2009-12-04 14:56:00,1,231.90000000000003,42,4,57.97500000000001,735,0,1,Other,4,0,0.9066666666666666,High Risk
17152,2011-05-29 12:19:00,2010-10-10 12:40:00,4,2016.5,577,9,126.03125,195,230,1,At Risk,10,0,0.9233333333333333,High Risk
17153,2011-11-15 13:42:00,2011-11-15 13:42:00,1,213.78,104,14,15.27,24,0,0,New / Potential,7,0,0.35333333333333333,Medium Risk
17154,2011-09-25 13:42:00,2011-09-25 13:42:00,1,329.34,490,23,14.319130434782608,75,0,0,Other,7,0,0.2,Low Risk
17155,2011-11-22 12:38:00,2009-12-03 11:34:00,7,892.46,987,43,12.225479452054795,18,719,0,Loyal Customers,12,1,0.06,Low Risk
17156,2010-08-05 11:30:00,2010-08-05 11:30:00,1,591.87,391,39,15.176153846153847,492,0,1,Other,5,0,0.83,High Risk
17157,2011-12-02 09:10:00,2009-12-04 13:00:00,19,5151.900000000001,2092,78,36.53829787234043,8,727,0,Champions,15,1,0.01,Low Risk
17158,2011-11-07 15:15:00,2010-03-07 15:50:00,5,1980.0,1147,74,17.52212389380531,32,609,0,Champions,12,1,0.07333333333333333,Low Risk
17159,2011-11-18 10:52:00,2010-03-04 14:53:00,5,2099.59,1348,115,16.15069230769231,22,623,0,Champions,12,1,0.06,Low Risk
17160,2011-11-08 14:05:00,2009-12-04 10:57:00,17,10209.16,8390,215,15.68227342549923,31,704,0,Champions,14,1,0.0033333333333333335,Low Risk
17161,2010-09-21 16:44:00,2010-09-21 16:44:00,1,856.01,537,52,16.46173076923077,444,0,1,Other,6,0,0.8833333333333333,High Risk
17162,2011-11-11 11:34:00,2011-02-07 12:27:00,10,1715.46,1001,81,16.494807692307692,29,276,0,Champions,13,1,0.24333333333333335,Low Risk
17163,2011-11-18 08:57:00,2010-02-02 10:39:00,4,699.78,531,27,23.326,22,653,0,Loyal Customers,11,1,0.023333333333333334,Low Risk
17164,2011-11-07 09:14:00,2011-03-11 14:26:00,7,2467.35,1501,92,17.134375,33,240,0,Champions,12,1,0.16,Low Risk
17165,2011-02-28 16:39:00,2009-12-11 09:18:00,6,1794.32,788,77,17.9432,284,444,1,At Risk,10,0,0.9066666666666666,High Risk
17166,2011-11-01 09:46:00,2011-05-20 08:18:00,2,206.34,78,11,17.195,39,165,0,Other,8,0,0.2966666666666667,Low Risk
17167,2010-11-25 10:05:00,2010-09-20 14:02:00,3,867.11,429,64,10.97607594936709,380,65,1,At Risk,8,0,0.7633333333333333,High Risk
17168,2010-07-29 12:33:00,2010-07-29 12:33:00,1,400.2,220,21,19.057142857142857,499,0,1,Other,5,0,0.91,High Risk
17169,2011-10-13 10:25:00,2010-05-10 13:00:00,3,1156.73,671,64,15.423066666666667,58,520,0,Other,10,0,0.26666666666666666,Low Risk
17170,2010-11-30 15:55:00,2010-11-15 16:23:00,2,178.68,152,8,17.868000000000002,374,14,1,At Risk,6,0,0.86,High Risk
17171,2011-02-23 16:37:00,2010-02-16 12:02:00,2,384.59000000000003,225,25,15.383600000000001,289,372,1,At Risk,7,0,0.75,High Risk
17172,2011-09-22 09:36:00,2009-12-13 11:46:00,3,956.5699999999999,1215,39,24.527435897435897,79,647,0,Other,9,0,0.03666666666666667,Low Risk
17173,2011-12-04 14:40:00,2011-07-31 15:26:00,8,3766.6,1122,36,43.79767441860465,5,125,0,Champions,15,1,0.58,Medium Risk
17174,2011-05-06 11:47:00,2011-05-06 11:47:00,1,59.9,41,4,14.975,218,0,1,Other,5,0,0.99,High Risk
17175,2011-10-26 15:31:00,2011-02-16 14:56:00,4,1443.69,866,42,22.915714285714287,44,252,0,Champions,12,1,0.2633333333333333,Low Risk
17176,2011-05-22 12:41:00,2010-01-31 15:49:00,3,902.3199999999999,576,37,21.483809523809523,202,475,1,At Risk,8,0,0.8866666666666667,High Risk
17177,2010-07-22 14:53:00,2010-07-22 14:53:00,1,119.5,40,29,4.120689655172414,505,0,1,Other,4,0,0.9766666666666667,High Risk
17178,2009-12-08 16:20:00,2009-12-08 16:20:00,1,432.96000000000004,100,31,13.966451612903226,731,0,1,Other,5,0,0.7733333333333333,High Risk
17179,2011-06-14 16:48:00,2010-05-26 11:22:00,6,1507.26,625,75,9.539620253164557,178,384,1,Loyal Customers,11,0,0.86,High Risk
17180,2011-10-14 15:46:00,2010-01-21 17:43:00,11,2236.77,1809,189,5.591925,56,630,0,Champions,13,1,0.03666666666666667,Low Risk
17181,2011-10-13 14:48:00,2010-04-23 11:21:00,3,309.85,268,28,11.06607142857143,57,538,0,Other,9,0,0.14666666666666667,Low Risk
17182,2010-10-13 10:09:00,2009-12-21 15:22:00,2,321.3,54,4,53.550000000000004,423,295,1,At Risk,6,0,0.9133333333333333,High Risk
17183,2011-12-02 10:07:00,2011-08-26 15:25:00,6,3347.31,1296,42,45.85356164383562,8,97,0,Champions,14,1,0.22666666666666666,Low Risk
17184,2010-05-19 14:24:00,2009-12-09 14:17:00,2,198.41000000000003,73,14,14.172142857142859,569,161,1,At Risk,5,0,0.9166666666666666,High Risk
17185,2010-04-27 12:15:00,2010-04-20 13:49:00,3,229.46,119,38,5.215,592,6,1,At Risk,5,0,0.9233333333333333,High Risk
17186,2011-10-24 10:20:00,2011-10-10 12:52:00,2,144.0,200,1,72.0,47,13,0,Other,8,0,0.6415094722606738,High Risk
17187,2011-04-27 12:39:00,2010-07-01 14:38:00,2,467.71,426,21,20.335217391304347,227,299,1,At Risk,7,0,0.9033333333333333,High Risk
17188,2011-11-28 13:53:00,2009-12-08 19:16:00,13,4592.93,2569,136,26.70308139534884,11,719,0,Champions,15,1,0.0,Low Risk
17189,2011-08-25 19:39:00,2009-12-02 11:45:00,5,953.63,601,101,7.946916666666667,106,631,1,Loyal Customers,10,0,0.67,High Risk
17190,2011-10-12 11:33:00,2010-03-05 13:21:00,7,1726.57,2218,160,9.08721052631579,59,585,0,Champions,12,1,0.13666666666666666,Low Risk
17191,2011-11-11 16:58:00,2009-12-01 16:34:00,15,4310.34,2208,269,8.672716297786721,28,710,0,Champions,14,1,0.0,Low Risk
17192,2010-06-21 16:07:00,2010-06-21 16:07:00,1,75.28,45,20,3.7640000000000002,536,0,1,Other,4,0,0.95,High Risk
17193,2011-11-04 12:47:00,2009-12-02 10:02:00,9,2310.04,1668,28,52.50090909090909,36,702,0,Champions,13,1,0.013333333333333334,Low Risk
17194,2011-03-11 12:05:00,2010-06-27 13:16:00,3,812.5,420,57,13.319672131147541,274,256,1,At Risk,8,0,0.88,High Risk
17195,2010-02-22 13:05:00,2010-02-22 13:05:00,1,562.98,486,31,18.160645161290322,655,0,1,Other,5,0,0.8833333333333333,High Risk
17196,2010-10-08 11:31:00,2010-10-08 11:31:00,1,327.75,154,84,3.524193548387097,428,0,1,Other,5,0,0.92,High Risk
17197,2011-11-10 10:32:00,2011-11-10 10:32:00,1,1013.01,191,29,34.93137931034483,30,0,0,New / Potential,9,0,0.26666666666666666,Low Risk
17198,2011-11-16 10:39:00,2010-12-03 14:54:00,3,692.22,357,89,7.210625,24,347,0,Other,10,0,0.09333333333333334,Low Risk
17199,2010-05-06 13:53:00,2010-05-06 13:53:00,1,135.04000000000002,232,8,16.880000000000003,582,0,1,Other,4,0,0.7566666666666667,High Risk
17200,2010-11-17 13:04:00,2010-02-25 13:23:00,4,356.71,367,25,14.2684,387,264,1,At Risk,8,0,0.8266666666666667,High Risk
17201,2011-10-17 11:55:00,2010-02-10 12:26:00,4,1143.1,1004,154,6.684795321637426,54,613,0,Loyal Customers,11,1,0.06666666666666667,Low Risk
17202,2010-10-15 11:25:00,2010-10-15 11:25:00,1,160.65,55,8,20.08125,421,0,1,Other,4,0,0.8433333333333334,High Risk
17203,2011-11-04 12:27:00,2010-11-16 12:52:00,10,5564.09,4597,195,21.318352490421457,36,352,0,Champions,14,1,0.12333333333333334,Low Risk
17204,2011-06-17 14:46:00,2010-06-10 11:37:00,9,5504.6900000000005,2651,110,31.09994350282486,175,372,1,Loyal Customers,13,1,0.7166666666666667,High Risk
17205,2011-10-17 12:46:00,2010-05-24 15:36:00,3,999.35,2214,27,28.552857142857142,54,510,0,Other,10,0,0.21,Low Risk
17206,2011-10-17 13:25:00,2011-10-17 13:25:00,1,204.24,76,7,29.177142857142858,53,0,0,New / Potential,7,0,0.3566666666666667,Medium Risk
17207,2010-02-25 19:08:00,2010-02-25 19:08:00,1,292.62,233,55,4.877,652,0,1,Other,5,0,0.93,High Risk
17208,2010-11-09 12:50:00,2010-11-09 12:50:00,1,111.15,101,21,4.8326086956521745,396,0,1,Other,5,0,0.87,High Risk
17209,2010-02-28 16:01:00,2009-12-03 11:10:00,3,595.7,723,36,15.676315789473685,649,87,1,At Risk,6,0,0.57,Medium Risk
17210,2010-11-12 12:15:00,2010-11-12 12:15:00,1,251.72,242,47,4.749433962264151,393,0,1,Other,5,0,0.7633333333333333,High Risk
17211,2011-11-13 12:03:00,2009-12-13 13:17:00,13,3773.35,2141,217,10.969040697674417,27,699,0,Champions,14,1,0.0033333333333333335,Low Risk
17212,2011-03-31 19:42:00,2010-08-10 09:22:00,3,794.41,727,29,27.393448275862067,253,233,1,At Risk,8,0,0.8133333333333334,High Risk
17213,2011-10-30 14:53:00,2009-12-15 10:28:00,13,4869.400000000001,2087,130,18.306015037593987,40,684,0,Champions,14,1,0.0,Low Risk
17214,2011-10-10 13:17:00,2010-12-15 15:14:00,6,1059.1200000000001,272,79,10.486336633663367,60,298,0,Loyal Customers,10,1,0.27666666666666667,Low Risk
17215,2010-09-01 13:39:00,2010-09-01 13:39:00,1,186.15,104,11,16.922727272727272,464,0,1,Other,4,0,0.9666666666666667,High Risk
17216,2010-06-03 13:03:00,2010-06-03 13:03:00,1,63.6,21,13,4.892307692307693,554,0,1,Other,4,0,0.9833333333333333,High Risk
17217,2011-04-19 17:19:00,2010-03-30 13:35:00,2,210.1,93,27,7.781481481481482,234,385,1,At Risk,6,0,0.9466666666666667,High Risk
17218,2011-12-05 13:52:00,2010-01-25 16:12:00,18,3891.39,2066,248,8.261974522292993,4,678,0,Champions,15,1,0.0,Low Risk
17219,2011-11-08 11:25:00,2010-10-19 11:29:00,2,259.13,188,43,5.1826,32,384,0,Other,8,0,0.25333333333333335,Low Risk
17220,2011-11-15 13:47:00,2010-01-20 11:57:00,21,4457.31,2663,408,6.632901785714286,24,664,0,Champions,14,1,0.0033333333333333335,Low Risk
17221,2011-12-02 13:35:00,2010-04-11 15:34:00,5,976.62,713,115,7.875967741935484,7,599,0,Loyal Customers,12,1,0.13,Low Risk
17222,2011-10-05 13:58:00,2010-01-10 15:24:00,6,1579.51,857,94,14.102767857142856,65,632,0,Loyal Customers,11,1,0.02666666666666667,Low Risk
17223,2011-02-02 15:57:00,2010-11-29 17:19:00,3,558.04,155,62,8.087536231884057,310,64,1,At Risk,7,0,0.81,High Risk
17224,2010-07-26 13:30:00,2010-07-26 13:30:00,1,100.86000000000001,65,8,12.607500000000002,501,0,1,Other,4,0,0.98,High Risk
17225,2010-05-07 11:38:00,2010-05-07 11:38:00,1,131.15,36,5,26.23,582,0,1,Other,4,0,0.9766666666666667,High Risk
17226,2011-02-04 11:52:00,2010-02-12 14:31:00,3,895.47,853,51,15.177457627118644,309,356,1,At Risk,8,0,0.5366666666666666,Medium Risk
17227,2011-11-21 10:51:00,2010-01-15 15:05:00,12,1878.93,1681,58,16.48184210526316,19,674,0,Champions,14,1,0.01,Low Risk
17228,2011-11-24 10:24:00,2010-03-12 11:54:00,13,2820.03,2354,199,8.623944954128442,16,621,0,Champions,14,1,0.09,Low Risk
17229,2011-09-04 13:56:00,2011-07-20 12:38:00,2,318.76,185,39,6.782127659574468,96,46,1,Other,8,0,0.9266666666666666,High Risk
17230,2011-03-20 16:12:00,2009-12-08 13:41:00,18,9388.49,3753,141,43.264930875576034,264,467,1,At Risk,12,1,0.7333333333333333,High Risk
17231,2011-11-27 15:18:00,2009-12-07 16:38:00,25,7064.8,3681,509,5.882431307243963,12,719,0,Champions,15,1,0.0,Low Risk
17232,2011-12-07 12:21:00,2011-11-25 12:24:00,2,417.77,202,30,11.936285714285713,3,11,0,Other,10,1,0.31333333333333335,Medium Risk
17233,2011-11-04 14:06:00,2009-12-15 12:03:00,3,560.86,298,56,9.67,35,689,0,Other,9,0,0.08333333333333333,Low Risk
17234,2011-06-10 11:20:00,2011-06-10 11:20:00,1,149.89,55,14,10.706428571428571,183,0,1,Other,6,0,0.9933333333333333,High Risk
17235,2011-11-14 15:51:00,2010-06-04 17:01:00,8,1562.98,845,52,17.561573033707866,25,527,0,Champions,13,1,0.17,Low Risk
17236,2011-11-27 12:00:00,2010-03-07 13:00:00,12,1929.26,804,123,12.210506329113924,13,629,0,Champions,14,1,0.03666666666666667,Low Risk
17237,2011-11-28 15:02:00,2010-11-23 11:45:00,4,994.13,414,76,12.58392405063291,11,370,0,Loyal Customers,12,1,0.19666666666666666,Low Risk
17238,2011-12-07 11:35:00,2009-12-01 10:59:00,32,7331.67,3555,486,6.436935908691835,3,736,0,Champions,15,1,0.01,Low Risk
17239,2011-01-31 09:41:00,2010-07-01 10:53:00,4,1189.45,515,18,37.1703125,313,213,1,At Risk,9,0,0.9533333333333334,High Risk
17240,2010-04-22 15:44:00,2010-04-22 15:44:00,1,130.60000000000002,108,7,18.657142857142862,596,0,1,Other,4,0,0.89,High Risk
17241,2010-11-19 13:01:00,2010-02-15 14:47:00,12,2736.64,859,116,16.097882352941177,385,276,1,At Risk,11,1,0.75,High Risk
17242,2011-08-23 14:55:00,2010-01-24 10:27:00,5,2889.2799999999997,1459,44,34.396190476190476,108,576,1,Loyal Customers,11,1,0.71,High Risk
17243,2011-12-08 13:26:00,2009-12-01 15:36:00,69,20203.58,7932,359,18.8290587138863,1,736,0,Champions,15,1,0.0,Low Risk
17244,2011-10-17 15:19:00,2009-12-06 11:27:00,5,1826.04,1419,109,15.217,53,680,0,Champions,12,1,0.03,Low Risk
17245,2011-05-19 10:43:00,2010-01-19 15:39:00,2,371.63,307,24,14.8652,205,484,1,At Risk,7,0,0.7966666666666666,High Risk
17246,2010-06-11 12:36:00,2009-12-01 17:45:00,2,38.92,36,6,6.486666666666667,547,191,1,At Risk,5,0,0.9333333333333333,High Risk
17247,2011-11-24 15:21:00,2011-11-24 15:21:00,1,280.09000000000003,105,53,5.186851851851852,15,0,0,New / Potential,8,0,0.3466666666666667,Medium Risk
17248,2011-08-11 13:34:00,2010-08-15 11:55:00,2,500.54,276,85,4.812884615384616,120,361,1,Other,8,0,0.6933333333333334,High Risk
17249,2010-10-07 11:33:00,2010-10-07 11:33:00,1,68.03,79,27,2.51962962962963,429,0,1,Other,4,0,0.71,High Risk
17250,2011-12-06 12:15:00,2011-03-23 16:45:00,2,381.97,167,55,6.820892857142858,4,257,0,Other,10,0,0.31,Medium Risk
17251,2010-12-12 11:06:00,2009-12-15 10:36:00,3,798.98,377,65,10.243333333333334,363,362,1,At Risk,8,0,0.4533333333333333,Medium Risk
17252,2011-08-15 09:45:00,2011-06-06 16:41:00,2,348.90999999999997,192,86,4.057093023255813,117,69,1,Other,8,0,0.9133333333333333,High Risk
17253,2011-11-21 12:59:00,2011-11-21 12:59:00,1,178.26,43,18,9.903333333333332,18,0,0,New / Potential,8,0,0.34,Medium Risk
17254,2011-12-05 12:46:00,2010-11-03 14:00:00,3,469.48,397,129,3.1937414965986397,5,396,0,Other,10,1,0.08,Low Risk
17255,2011-10-30 12:18:00,2010-09-19 15:53:00,4,781.7,583,163,4.295054945054945,41,405,0,Loyal Customers,11,0,0.11666666666666667,Low Risk
17256,2011-08-24 13:30:00,2010-04-18 13:40:00,5,498.93,299,20,16.094516129032257,107,492,1,Loyal Customers,9,0,0.8666666666666667,High Risk
17257,2010-09-29 12:51:00,2010-09-29 12:49:00,2,189.78,187,14,13.555714285714286,436,0,1,At Risk,5,0,0.8666666666666667,High Risk
17258,2010-11-08 12:37:00,2010-02-12 15:51:00,2,417.3,188,46,7.587272727272728,397,268,1,At Risk,7,0,0.9,High Risk
17259,2011-07-14 15:01:00,2010-02-22 13:38:00,6,1452.39,844,179,6.314739130434783,148,507,1,Loyal Customers,11,1,0.33666666666666667,Medium Risk
17260,2010-10-24 13:21:00,2010-10-24 13:21:00,1,120.95,23,6,20.158333333333335,411,0,1,Other,4,0,0.9333333333333333,High Risk
17261,2010-07-18 11:49:00,2010-07-18 11:49:00,1,221.59,95,43,5.153255813953488,510,0,1,Other,4,0,0.9266666666666666,High Risk
17262,2011-10-18 12:56:00,2009-12-15 11:26:00,11,2488.76,635,12,130.98736842105265,52,672,0,Champions,13,1,0.03333333333333333,Low Risk
17263,2011-05-15 14:32:00,2011-05-15 14:32:00,1,63.440000000000005,36,23,2.7582608695652175,208,0,1,Other,5,0,0.9333333333333333,High Risk
17264,2010-10-11 12:52:00,2010-10-11 12:52:00,1,268.28,217,70,3.625405405405405,424,0,1,Other,4,0,0.9333333333333333,High Risk
17265,2011-07-24 10:49:00,2011-06-12 12:00:00,2,550.01,389,106,4.50827868852459,139,41,1,Other,8,0,0.8066666666666666,High Risk
17266,2011-12-07 14:12:00,2010-03-09 10:42:00,5,501.72,243,95,4.216134453781513,2,638,0,Loyal Customers,11,1,0.05,Low Risk
17267,2011-08-04 17:22:00,2011-08-04 17:19:00,2,317.2,158,37,8.572972972972973,127,0,1,Other,8,0,0.89,High Risk
17268,2011-08-24 10:06:00,2009-12-08 11:46:00,11,1733.8899999999999,1395,26,57.79633333333333,108,623,1,Loyal Customers,12,1,0.22666666666666666,Low Risk
17269,2010-11-19 11:12:00,2010-11-19 11:12:00,1,491.81,314,110,3.93448,386,0,1,Other,6,0,0.72,High Risk
17270,2010-08-27 14:09:00,2009-12-07 17:18:00,2,601.45,420,45,12.530208333333334,469,262,1,At Risk,6,0,0.82,High Risk
17271,2009-12-03 13:49:00,2009-12-03 13:49:00,1,204.3,113,46,4.2562500000000005,736,0,1,Other,4,0,0.9633333333333334,High Risk
17272,2011-10-28 16:37:00,2011-03-22 12:05:00,4,2148.63,1778,70,18.847631578947368,42,220,0,Champions,12,1,0.47333333333333333,Medium Risk
17273,2010-10-11 15:57:00,2010-10-11 15:57:00,1,141.12,133,12,11.76,424,0,1,Other,4,0,0.7966666666666666,High Risk
17274,2011-11-04 13:16:00,2010-11-09 12:06:00,2,573.22,271,76,7.444415584415585,35,360,0,Other,9,0,0.18,Low Risk
17275,2010-11-21 13:26:00,2010-11-21 13:26:00,1,114.1,71,23,4.960869565217391,383,0,1,Other,5,0,0.95,High Risk
17276,2010-11-02 16:20:00,2010-11-02 16:20:00,1,502.49,187,50,9.480943396226415,402,0,1,Other,6,0,0.8833333333333333,High Risk
17277,2011-04-26 12:47:00,2011-01-21 12:37:00,2,1065.3500000000001,430,67,15.43985507246377,228,95,1,At Risk,8,0,0.83,High Risk
17278,2011-04-12 13:10:00,2010-05-23 13:49:00,2,271.24,195,17,15.955294117647059,241,323,1,At Risk,6,0,0.8133333333333334,High Risk
17279,2011-10-13 11:58:00,2011-10-13 11:58:00,1,187.82999999999998,48,8,20.869999999999997,58,0,0,New / Potential,7,0,0.29333333333333333,Low Risk
17280,2010-09-27 16:46:00,2010-09-27 16:46:00,1,118.86,74,6,19.81,438,0,1,Other,4,0,0.87,High Risk
17281,2010-11-30 18:05:00,2010-02-04 13:00:00,6,797.85,295,2,132.975,374,299,1,At Risk,9,0,0.9,High Risk
17282,2011-08-01 14:29:00,2010-06-09 12:07:00,5,2308.54,2332,168,11.316372549019608,130,418,1,Loyal Customers,11,1,0.8166666666666667,High Risk
17283,2010-11-26 11:53:00,2010-11-26 11:53:00,1,188.46,179,15,12.564,379,0,1,Other,5,0,0.45,Medium Risk
17284,2011-10-10 14:38:00,2010-09-20 16:18:00,8,2788.06,2069,285,7.474691689008043,60,384,0,Loyal Customers,12,1,0.08,Low Risk
17285,2010-03-21 13:38:00,2010-02-14 14:10:00,2,407.94,134,41,9.271363636363636,628,34,1,At Risk,6,0,0.7033333333333334,High Risk
17286,2011-11-18 12:47:00,2010-11-04 13:43:00,3,389.18,368,89,4.324222222222223,22,378,0,Other,9,0,0.06666666666666667,Low Risk
17287,2011-11-13 13:27:00,2009-12-03 12:45:00,21,3826.86,1955,279,8.265356371490281,26,710,0,Champions,14,1,0.0,Low Risk
17288,2011-11-30 16:09:00,2010-11-10 14:44:00,11,2468.43,1699,233,8.5709375,9,385,0,Champions,14,1,0.07,Low Risk
17289,2011-11-08 12:01:00,2010-03-08 12:52:00,9,2041.8,1237,202,7.67593984962406,32,609,0,Champions,13,1,0.016666666666666666,Low Risk
17290,2011-12-06 12:38:00,2009-12-13 13:28:00,8,1487.96,1139,184,7.591632653061224,4,722,0,Champions,14,1,0.016666666666666666,Low Risk
17291,2011-02-04 13:04:00,2011-02-04 13:04:00,1,550.8000000000001,72,1,550.8000000000001,308,0,1,Other,6,0,0.9333333333333333,High Risk
17292,2010-08-24 17:14:00,2010-05-09 14:52:00,2,271.75,131,14,18.116666666666667,472,107,1,At Risk,5,0,0.8066666666666666,High Risk
17293,2011-12-01 14:37:00,2009-12-03 15:09:00,17,3750.63,2228,148,15.562780082987553,8,727,0,Champions,15,1,0.0,Low Risk
17294,2010-02-08 16:12:00,2010-02-08 14:21:00,2,467.79,297,17,27.517058823529414,669,0,1,At Risk,6,0,0.87,High Risk
17295,2011-11-11 10:49:00,2011-10-06 12:22:00,3,547.0,293,53,8.044117647058824,29,35,0,Other,9,0,0.19,Low Risk
17296,2009-12-09 14:01:00,2009-12-09 14:01:00,1,338.13,216,32,10.246363636363636,730,0,1,Other,5,0,0.76,High Risk
17297,2011-11-22 14:43:00,2011-11-22 14:43:00,1,128.18,65,49,2.615918367346939,17,0,0,New / Potential,8,0,0.19,Low Risk
17298,2011-08-30 16:43:00,2010-03-08 08:56:00,5,954.26,852,61,13.829855072463769,101,540,1,Loyal Customers,10,0,0.7033333333333334,High Risk
17299,2011-11-28 12:01:00,2010-08-15 16:00:00,6,993.23,919,96,8.789646017699114,12,469,0,Loyal Customers,12,1,0.74,High Risk
17300,2010-11-14 10:56:00,2010-08-15 11:02:00,2,393.64,467,37,8.946363636363635,391,90,1,At Risk,7,0,0.6833333333333333,High Risk
17301,2011-11-18 13:43:00,2010-03-25 13:16:00,2,294.39,216,107,2.605221238938053,21,603,0,Other,9,0,0.11333333333333333,Low Risk
17302,2011-11-25 09:36:00,2011-02-07 10:14:00,5,1135.63,575,68,14.375063291139242,15,290,0,Loyal Customers,12,1,0.2966666666666667,Low Risk
17303,2010-12-13 13:32:00,2010-12-13 13:32:00,1,250.04,144,53,4.717735849056604,361,0,1,Other,5,0,0.9133333333333333,High Risk
17304,2010-06-23 16:23:00,2010-06-23 16:23:00,1,111.5,73,5,22.3,534,0,1,Other,4,0,0.7933333333333333,High Risk
17305,2010-03-01 12:47:00,2010-03-01 12:47:00,1,2135.46,1006,9,237.27333333333334,649,0,1,Other,7,0,0.8833333333333333,High Risk
17306,2011-11-29 12:14:00,2010-11-01 11:38:00,21,9782.35,13747,17,135.86597222222224,11,393,0,Champions,15,1,0.06333333333333334,Low Risk
17307,2010-11-09 13:40:00,2010-01-19 16:38:00,11,3999.8900000000003,3667,22,83.33104166666668,395,293,1,At Risk,12,1,0.82,High Risk
17308,2010-11-11 13:19:00,2010-09-13 09:35:00,2,4511.76,5148,5,644.5371428571428,393,59,1,At Risk,10,0,0.9,High Risk
17309,2011-09-05 15:20:00,2010-02-04 15:49:00,3,320.39,181,33,8.899722222222222,95,577,1,Other,8,0,0.7766666666666666,High Risk
17310,2010-11-17 16:00:00,2010-06-23 11:38:00,2,1025.1,402,1,512.55,387,147,1,At Risk,8,0,0.72,High Risk
17311,2011-09-22 14:11:00,2010-02-03 12:38:00,6,3566.56,2755,124,28.083149606299212,78,596,0,Loyal Customers,12,1,0.056666666666666664,Low Risk
17312,2011-07-24 11:52:00,2011-07-03 13:12:00,3,644.3,372,11,46.021428571428565,139,20,1,Other,9,0,0.7566666666666667,High Risk
17313,2011-11-08 15:45:00,2011-11-08 15:45:00,1,2328.84,1402,24,97.03500000000001,31,0,0,High Value Customers,10,0,0.6733333333333333,High Risk
17314,2011-11-15 09:41:00,2009-12-03 11:25:00,17,4904.43,3663,200,19.1579296875,25,711,0,Champions,14,1,0.0,Low Risk
17315,2011-12-08 12:15:00,2010-09-27 12:45:00,43,9599.58,5088,385,12.850843373493976,2,436,0,Champions,15,1,0.05,Low Risk
17316,2010-10-15 14:35:00,2010-10-15 14:35:00,1,124.45,44,35,3.5557142857142856,420,0,1,Other,4,0,0.99,High Risk
17317,2011-10-24 17:19:00,2011-09-11 12:45:00,3,2600.34,1146,8,288.9266666666667,46,43,0,High Value Customers,11,1,0.23,Low Risk
17318,2009-12-14 13:11:00,2009-12-14 13:11:00,1,157.32999999999998,59,17,9.25470588235294,725,0,1,Other,4,0,0.9933333333333333,High Risk
17319,2010-02-08 15:47:00,2010-02-08 15:47:00,1,29.099999999999998,14,3,9.7,669,0,1,Other,4,0,0.9633333333333334,High Risk
17320,2011-08-31 13:31:00,2010-01-21 16:29:00,6,2444.85,1182,86,16.08453947368421,100,586,1,Loyal Customers,11,1,0.32,Medium Risk
17321,2011-12-01 13:41:00,2010-05-11 12:10:00,6,1665.21,790,241,6.144686346863469,8,569,0,Champions,13,1,0.08333333333333333,Low Risk
17322,2010-11-28 14:41:00,2009-12-03 11:46:00,5,922.59,631,115,5.2123728813559325,376,360,1,At Risk,9,0,0.8,High Risk
17323,2011-11-24 17:29:00,2010-01-10 11:58:00,12,1551.04,1426,168,4.685921450151057,15,683,0,Champions,14,1,0.03666666666666667,Low Risk
17324,2011-11-22 10:34:00,2009-12-18 15:29:00,12,2171.07,1485,111,14.972896551724139,18,703,0,Champions,14,1,0.0033333333333333335,Low Risk
17325,2011-03-04 13:09:00,2010-03-08 11:31:00,3,609.5699999999999,465,39,15.629999999999999,280,361,1,At Risk,8,0,0.7133333333333334,High Risk
17326,2010-10-27 15:38:00,2010-06-28 14:05:00,2,312.35,136,82,3.631976744186047,408,121,1,At Risk,7,0,0.9,High Risk
17327,2010-10-26 09:54:00,2010-05-26 11:20:00,2,152.35,59,3,38.0875,410,152,1,At Risk,6,0,0.6933333333333334,High Risk
17328,2010-02-04 17:11:00,2010-02-04 17:11:00,1,104.7,86,6,17.45,673,0,1,Other,4,0,0.7833333333333333,High Risk
17329,2011-11-25 14:24:00,2009-12-03 16:09:00,5,998.53,430,80,9.60125,14,721,0,Loyal Customers,12,1,0.02666666666666667,Low Risk
17330,2011-11-17 08:56:00,2010-03-02 09:20:00,4,423.8,122,7,52.975,23,624,0,Loyal Customers,10,0,0.15666666666666668,Low Risk
17331,2011-08-08 11:55:00,2011-08-08 11:55:00,1,175.2,16,1,175.2,124,0,1,Other,6,0,0.9966666666666667,High Risk
17332,2010-06-29 16:10:00,2010-02-21 14:41:00,5,838.27,794,82,8.823894736842105,528,128,1,At Risk,8,0,0.56,Medium Risk
17333,2011-09-15 10:11:00,2011-09-15 10:11:00,1,494.25,375,28,17.651785714285715,86,0,0,Other,7,0,0.16333333333333333,Low Risk
17334,2011-02-10 14:59:00,2010-10-29 12:16:00,3,635.1500000000001,566,20,20.488709677419358,302,104,1,At Risk,8,0,0.8833333333333333,High Risk
17335,2010-11-21 10:17:00,2010-01-24 11:15:00,2,497.04,210,34,13.806666666666667,384,300,1,At Risk,7,0,0.92,High Risk
17336,2010-08-24 15:37:00,2010-08-24 15:37:00,1,81.12,48,1,81.12,472,0,1,Other,4,0,0.9666666666666667,High Risk
17337,2011-07-11 14:55:00,2011-02-02 17:06:00,4,1981.06,1247,421,3.802418426103647,151,158,1,Loyal Customers,11,0,0.47333333333333333,Medium Risk
17338,2011-11-22 14:23:00,2010-03-10 16:09:00,17,11889.33,5780,590,9.110597701149425,17,621,0,Champions,15,1,0.11333333333333333,Low Risk
17339,2011-09-06 13:29:00,2010-07-18 13:08:00,3,302.36,172,10,30.236,94,415,1,Other,8,0,0.7833333333333333,High Risk
17340,2011-11-10 10:45:00,2010-02-14 14:54:00,18,19617.95,9497,322,28.935029498525076,30,633,0,Champions,14,1,0.03666666666666667,Low Risk
17341,2011-07-06 12:33:00,2010-06-17 18:17:00,5,1272.21,831,200,5.809178082191781,157,383,1,Loyal Customers,11,0,0.7633333333333333,High Risk
17342,2010-11-25 11:07:00,2010-02-08 09:16:00,4,1227.54,521,31,35.07257142857143,380,290,1,At Risk,10,0,0.8866666666666667,High Risk
17343,2010-12-19 15:07:00,2009-12-03 18:30:00,6,1259.94,454,61,15.74925,355,380,1,At Risk,10,0,0.5466666666666666,Medium Risk
17344,2011-10-24 12:56:00,2009-12-11 12:31:00,2,457.36,200,64,6.826268656716418,46,682,0,Other,9,0,0.043333333333333335,Low Risk
17345,2011-11-24 15:03:00,2009-12-01 16:17:00,10,1586.63,2008,174,7.59153110047847,15,722,0,Champions,14,1,0.06666666666666667,Low Risk
17346,2011-12-06 12:18:00,2010-04-18 12:18:00,26,4998.61,3439,517,5.415612134344529,4,597,0,Champions,15,1,0.06333333333333334,Low Risk
17347,2011-09-14 13:12:00,2011-09-14 13:12:00,1,228.96,216,1,228.96,86,0,0,Other,6,0,0.5546667415760906,Medium Risk
17348,2011-11-25 11:25:00,2010-03-10 12:13:00,9,2442.29,2766,326,5.513069977426636,15,624,0,Champions,14,1,0.023333333333333334,Low Risk
17349,2011-06-13 14:29:00,2010-03-18 14:26:00,5,772.41,772,74,9.087176470588235,179,452,1,Loyal Customers,10,0,0.8966666666666666,High Risk
17350,2011-12-01 15:47:00,2010-02-01 15:38:00,7,1893.701,1178,124,13.242664335664335,8,668,0,Champions,13,1,0.0033333333333333335,Low Risk
17351,2011-11-03 18:45:00,2009-12-10 18:43:00,12,1988.23,383,45,28.814927536231885,36,693,0,Champions,13,1,0.04,Low Risk
17352,2010-01-12 16:13:00,2010-01-12 16:13:00,1,36.25,15,5,7.25,696,0,1,Other,4,0,0.9,High Risk
17353,2011-08-02 17:19:00,2010-03-25 12:52:00,4,3242.0,2168,7,231.57142857142858,129,495,1,Loyal Customers,12,1,0.9133333333333333,High Risk
17354,2011-10-20 10:34:00,2010-10-07 13:22:00,4,3133.96,2531,85,31.02930693069307,51,377,0,Champions,13,1,0.16666666666666666,Low Risk
17355,2010-11-18 13:18:00,2010-11-18 13:18:00,1,273.31,249,28,8.282121212121211,386,0,1,Other,5,0,0.8,High Risk
17356,2011-02-01 11:07:00,2010-01-20 12:14:00,5,946.47,925,73,11.00546511627907,312,376,1,At Risk,9,0,0.7966666666666666,High Risk
17357,2011-11-15 16:30:00,2011-11-15 16:29:00,2,384.39,152,41,8.736136363636364,24,0,0,Other,9,0,0.24,Low Risk
17358,2011-02-09 16:57:00,2010-02-24 16:42:00,5,861.01,430,126,5.8973287671232875,303,350,1,At Risk,9,0,0.8066666666666666,High Risk
17359,2011-11-28 14:37:00,2010-03-01 14:48:00,2,284.46,237,36,7.48578947368421,11,636,0,Other,9,0,0.07666666666666666,Low Risk
17360,2011-11-22 13:11:00,2010-10-01 12:07:00,6,1200.51,624,189,5.242401746724891,17,417,0,Loyal Customers,12,1,0.21666666666666667,Low Risk
17361,2011-10-21 15:43:00,2010-02-01 14:30:00,5,871.7900000000001,380,51,15.294561403508773,49,627,0,Loyal Customers,11,1,0.07,Low Risk
17362,2011-04-14 14:43:00,2010-01-06 10:53:00,7,1024.04,549,99,7.1113888888888885,239,463,1,At Risk,9,0,0.8133333333333334,High Risk
17363,2010-11-09 17:11:00,2010-11-02 17:25:00,3,920.46,499,34,26.298857142857145,395,6,1,At Risk,8,0,0.8566666666666667,High Risk
17364,2011-12-09 09:00:00,2009-12-07 15:28:00,28,11972.92,7464,513,13.244380530973451,1,731,0,Champions,15,1,0.0033333333333333335,Low Risk
17365,2011-11-27 12:13:00,2010-02-01 11:56:00,15,8184.49,8015,395,10.307921914357681,13,664,0,Champions,15,1,0.0033333333333333335,Low Risk
17366,2010-10-03 16:04:00,2010-09-09 19:46:00,2,1077.24,504,120,8.22320610687023,432,23,1,At Risk,7,0,0.7966666666666666,High Risk
17367,2011-04-15 14:21:00,2011-04-15 14:21:00,1,167.55,149,33,5.077272727272728,238,0,1,Other,5,0,0.9133333333333333,High Risk
17368,2011-11-16 15:26:00,2009-12-15 17:45:00,14,2758.29,2319,195,12.204823008849557,23,700,0,Champions,13,1,0.006666666666666667,Low Risk
17369,2010-09-10 09:49:00,2010-09-10 09:49:00,1,979.2,1152,1,979.2,456,0,1,Other,6,0,0.9533333333333334,High Risk
17370,2011-09-28 10:14:00,2011-06-23 11:50:00,4,446.18,540,31,13.520606060606061,73,96,0,Loyal Customers,9,0,0.66,High Risk
17371,2011-11-22 13:30:00,2009-12-08 12:25:00,6,655.37,281,135,4.551180555555556,17,714,0,Loyal Customers,12,1,0.056666666666666664,Low Risk
17372,2011-10-30 11:37:00,2009-12-03 18:41:00,28,4347.31,1863,412,6.708811728395062,41,695,0,Champions,14,1,0.01,Low Risk
17373,2011-10-30 15:28:00,2010-02-28 14:17:00,7,1167.5,738,65,12.82967032967033,40,609,0,Loyal Customers,11,1,0.03,Low Risk
17374,2011-05-05 09:05:00,2010-11-09 17:14:00,3,727.11,155,34,17.312142857142856,219,176,1,At Risk,8,0,0.78,High Risk
17375,2011-05-24 15:45:00,2010-10-04 09:14:00,4,660.55,480,77,7.6808139534883715,199,232,1,At Risk,9,0,0.89,High Risk
17376,2011-09-30 12:36:00,2010-07-05 11:11:00,4,453.64,244,41,8.248,71,452,0,Loyal Customers,9,0,0.18,Low Risk
17377,2011-11-16 11:17:00,2009-12-02 12:39:00,78,17644.27,7335,505,10.306232476635515,24,713,0,Champions,14,1,0.023333333333333334,Low Risk
17378,2010-11-30 18:46:00,2010-11-30 18:46:00,1,10.95,1,1,10.95,374,0,1,Other,5,0,0.9966666666666667,High Risk
17379,2011-11-28 13:56:00,2011-11-28 13:56:00,1,389.71999999999997,623,71,4.996410256410256,11,0,0,New / Potential,9,0,0.25666666666666665,Low Risk
17380,2010-10-01 16:42:00,2010-06-23 11:24:00,3,645.0,252,5,64.5,434,100,1,At Risk,7,0,0.7666666666666667,High Risk
17381,2011-12-01 11:59:00,2010-06-09 12:55:00,38,36398.65,42879,50,223.30460122699387,9,539,0,Champions,15,1,0.14666666666666667,Low Risk
17382,2011-10-05 13:05:00,2010-05-19 11:33:00,8,902.28,457,16,50.126666666666665,65,504,0,Loyal Customers,11,1,0.62,High Risk
17383,2011-12-05 17:36:00,2010-09-12 14:54:00,2,304.09000000000003,160,51,5.9625490196078434,4,449,0,Other,10,0,0.14666666666666667,Low Risk
17384,2011-11-20 15:48:00,2010-08-29 16:01:00,3,507.55,121,15,25.3775,19,447,0,Other,10,0,0.57,Medium Risk
17385,2011-11-25 11:02:00,2011-11-25 11:02:00,1,256.11,197,42,5.691333333333334,15,0,0,New / Potential,8,0,0.27666666666666667,Low Risk
17386,2011-12-02 11:28:00,2010-11-19 13:40:00,7,2812.77,1955,32,74.02026315789473,8,377,0,Champions,13,1,0.12,Low Risk
17387,2011-11-20 11:00:00,2011-11-06 11:25:00,2,746.81,522,71,9.826447368421052,20,13,0,Other,10,0,0.20666666666666667,Low Risk
17388,2011-09-23 10:31:00,2009-12-10 11:45:00,11,2675.37,2555,41,48.64309090909091,78,651,0,Loyal Customers,12,1,0.023333333333333334,Low Risk
17389,2011-12-09 09:38:00,2009-12-04 12:06:00,61,57215.33,17880,63,133.3690675990676,1,734,0,Champions,15,1,0.0,Low Risk
17390,2010-10-15 11:29:00,2010-10-15 11:29:00,1,149.3,49,12,12.441666666666668,421,0,1,Other,4,0,0.9766666666666667,High Risk
17391,2011-06-29 09:58:00,2011-06-28 12:21:00,2,508.8,480,2,169.6,164,0,1,Other,8,0,0.8766666666666667,High Risk
17392,2011-02-06 12:48:00,2010-09-15 16:17:00,3,585.92,450,66,8.370285714285714,307,143,1,At Risk,7,0,0.7733333333333333,High Risk
17393,2010-10-25 11:10:00,2010-08-08 15:53:00,2,381.15000000000003,238,45,7.940625000000001,411,77,1,At Risk,6,0,0.85,High Risk
17394,2011-05-04 13:22:00,2011-05-04 13:22:00,1,203.86999999999998,241,4,50.967499999999994,219,0,1,Other,5,0,0.8093910238823574,High Risk
17395,2010-07-19 15:34:00,2010-07-19 15:34:00,1,97.5,66,3,32.5,508,0,1,Other,4,0,0.7566666666666667,High Risk
17396,2011-10-31 14:12:00,2010-09-24 13:04:00,14,8409.6,2313,29,178.9276595744681,39,402,0,Champions,14,1,0.15,Low Risk
17397,2011-11-17 14:08:00,2010-10-19 13:20:00,3,1198.28,691,132,8.942388059701493,22,394,0,Other,10,1,0.1,Low Risk
17398,2011-08-17 09:48:00,2011-03-29 13:04:00,3,653.38,310,30,17.19421052631579,115,140,1,Other,9,0,0.8333333333333334,High Risk
17400,2011-08-05 15:38:00,2009-12-17 15:41:00,8,4623.28,2185,345,9.85773987206823,126,595,1,Loyal Customers,13,1,0.7,High Risk
17401,2010-06-16 16:54:00,2010-06-16 16:54:00,1,114.85,34,11,9.570833333333333,541,0,1,Other,4,0,0.9733333333333334,High Risk
17402,2011-12-05 10:15:00,2009-12-16 17:40:00,23,4635.5599999999995,1450,105,26.042471910112358,5,718,0,Champions,15,1,0.0,Low Risk
17403,2011-11-03 15:18:00,2010-09-15 12:29:00,2,382.87,188,45,8.508222222222223,36,414,0,Other,9,0,0.15333333333333332,Low Risk
17404,2011-12-05 16:26:00,2010-01-07 11:31:00,23,47781.12,50679,126,163.63397260273973,4,697,0,Champions,15,1,0.02,Low Risk
17405,2011-12-08 17:12:00,2011-07-12 14:17:00,3,1031.41,726,77,12.578170731707319,1,149,0,Other,11,1,0.22,Low Risk
17406,2011-01-10 15:07:00,2009-12-06 13:45:00,13,4186.95,1847,155,17.5922268907563,333,400,1,At Risk,12,1,0.7366666666666667,High Risk
17407,2010-10-24 11:57:00,2010-10-24 11:57:00,1,552.9,426,23,24.039130434782606,412,0,1,Other,5,0,0.8333333333333334,High Risk
17408,2011-06-29 12:53:00,2010-07-13 14:02:00,3,316.09000000000003,163,7,39.511250000000004,163,350,1,Other,8,0,0.8666666666666667,High Risk
17409,2011-06-08 10:36:00,2009-12-11 12:17:00,10,7793.51,4089,50,74.93759615384616,185,543,1,Loyal Customers,13,1,0.7533333333333333,High Risk
17410,2011-11-23 15:46:00,2011-05-08 15:21:00,5,1214.72,616,57,18.98,16,199,0,Loyal Customers,12,1,0.21,Low Risk
17411,2011-11-27 14:25:00,2009-12-03 12:02:00,5,1425.38,608,69,19.005066666666668,12,724,0,Champions,13,1,0.006666666666666667,Low Risk
17412,2011-12-07 11:36:00,2009-12-02 13:51:00,16,4220.22,2554,161,18.509736842105266,3,734,0,Champions,15,1,0.0,Low Risk
17413,2010-10-31 12:33:00,2010-05-19 11:11:00,2,560.14,302,10,56.013999999999996,405,165,1,At Risk,7,0,0.96,High Risk
17414,2011-10-27 12:13:00,2009-12-03 16:49:00,6,2249.52,6256,6,107.12,44,692,0,Champions,12,1,0.16333333333333333,Low Risk
17415,2011-09-21 12:50:00,2011-09-21 12:50:00,1,507.84,114,14,36.27428571428571,80,0,0,Other,7,0,0.75,High Risk
17416,2011-11-10 12:47:00,2009-12-14 16:29:00,22,17298.45,8769,324,28.97562814070352,30,695,0,Champions,14,1,0.0,Low Risk
17417,2010-06-09 10:00:00,2010-06-09 10:00:00,1,164.18,76,16,10.26125,549,0,1,Other,4,0,0.9833333333333333,High Risk
17418,2011-10-28 13:00:00,2010-11-17 13:42:00,3,670.0600000000001,521,40,15.953809523809525,42,344,0,Other,10,0,0.16,Low Risk
17419,2011-11-28 13:47:00,2010-01-25 13:19:00,18,6126.25,2884,203,20.48913043478261,11,672,0,Champions,15,1,0.0,Low Risk
17420,2011-10-20 14:52:00,2010-11-03 13:09:00,6,953.58,446,43,19.0716,50,351,0,Loyal Customers,11,1,0.21333333333333335,Low Risk
17421,2010-11-18 16:57:00,2009-12-04 15:43:00,3,1059.41,807,46,18.265689655172416,386,349,1,At Risk,8,0,0.8233333333333334,High Risk
17422,2011-11-23 13:27:00,2010-06-23 10:19:00,11,3594.76,3538,149,17.535414634146342,16,518,0,Champions,15,1,0.056666666666666664,Low Risk
17423,2011-10-24 13:36:00,2010-11-11 12:26:00,3,1118.95,790,39,26.022093023255817,46,347,0,Other,10,0,0.14,Low Risk
17425,2011-11-20 15:30:00,2011-10-10 11:37:00,2,759.1700000000001,407,42,17.65511627906977,19,41,0,Other,11,0,0.14666666666666667,Low Risk
17426,2011-12-01 18:07:00,2010-02-17 13:39:00,13,8077.77,5187,248,18.917494145199065,8,652,0,Champions,15,1,0.0,Low Risk
17427,2011-09-29 11:29:00,2011-09-29 11:29:00,1,100.8,34,2,50.4,72,0,0,Other,6,0,0.26666666666666666,Low Risk
17428,2011-12-09 09:45:00,2009-12-01 17:28:00,45,31466.760000000002,17356,422,43.703833333333336,1,737,0,Champions,15,1,0.0,Low Risk
17429,2011-08-03 13:22:00,2010-10-06 12:30:00,5,1357.46,1286,80,14.289052631578947,128,301,1,Loyal Customers,11,0,0.8,High Risk
17430,2011-11-07 09:24:00,2010-08-17 11:52:00,4,622.57,455,30,16.826216216216217,33,446,0,Loyal Customers,11,0,0.59,Medium Risk
17431,2011-01-30 14:36:00,2011-01-30 14:36:00,1,403.3,292,41,9.37906976744186,313,0,1,Other,6,0,0.9533333333333334,High Risk
17432,2011-11-21 17:33:00,2009-12-03 19:13:00,9,1728.99,1008,213,6.310182481751825,18,717,0,Champions,14,1,0.0,Low Risk
17433,2011-09-12 14:24:00,2010-11-19 13:37:00,2,569.96,305,81,6.128602150537635,88,297,0,Other,8,0,0.24,Low Risk
17434,2011-12-07 13:16:00,2011-09-15 13:54:00,7,2373.82,1693,100,17.715074626865672,2,82,0,Champions,13,1,0.35333333333333333,Medium Risk
17435,2010-10-24 13:55:00,2010-10-24 13:55:00,1,331.35,195,15,22.09,411,0,1,Other,5,0,0.89,High Risk
17436,2011-12-08 12:30:00,2009-12-07 12:31:00,5,534.0600000000001,178,8,31.41529411764706,2,730,0,Loyal Customers,11,1,0.0033333333333333335,Low Risk
17437,2010-06-28 11:11:00,2010-06-28 11:11:00,1,369.68,283,52,7.109230769230769,530,0,1,Other,5,0,0.89,High Risk
17438,2011-03-31 10:26:00,2010-03-08 16:53:00,5,1422.77,553,49,20.03901408450704,254,387,1,At Risk,10,0,0.8966666666666666,High Risk
17439,2010-02-22 12:48:00,2010-02-22 12:48:00,1,325.74,370,8,40.7175,656,0,1,Other,5,0,0.8566666666666667,High Risk
17440,2011-07-06 11:54:00,2010-06-08 14:40:00,4,323.58,282,4,53.93,157,392,1,Loyal Customers,9,0,0.9066666666666666,High Risk
17441,2009-12-07 13:32:00,2009-12-07 13:32:00,1,293.35,245,21,13.96904761904762,732,0,1,Other,5,0,0.8533333333333334,High Risk
17442,2011-11-03 09:17:00,2010-02-15 15:54:00,15,4620.3,3134,188,16.326148409893992,37,625,0,Champions,14,1,0.07,Low Risk
17443,2011-05-04 10:47:00,2011-05-04 10:47:00,1,534.24,504,1,534.24,220,0,1,Other,6,0,0.9577527139433244,High Risk
17444,2011-07-15 12:05:00,2011-06-20 09:04:00,3,2940.04,2119,132,21.778074074074073,148,25,1,High Value Customers,11,0,0.81,High Risk
17446,2011-06-16 10:42:00,2011-02-02 14:40:00,2,120.89999999999999,198,6,13.433333333333332,177,133,1,Other,7,0,0.86,High Risk
17447,2011-10-30 14:18:00,2011-09-29 10:10:00,2,541.53,443,33,15.042499999999999,40,31,0,Other,9,0,0.12333333333333334,Low Risk
17448,2010-07-30 14:07:00,2010-03-04 17:29:00,46,14523.67,11534,569,13.025713004484304,497,147,1,At Risk,11,1,0.19666666666666666,Low Risk
17449,2011-12-07 16:56:00,2009-12-09 14:16:00,13,4868.15,2483,292,8.335873287671232,2,728,0,Champions,15,1,0.0,Low Risk
17450,2011-12-01 13:29:00,2010-09-27 16:59:00,51,244784.25,83914,144,582.8196428571429,8,429,0,Champions,15,1,0.14333333333333334,Low Risk
17451,2011-12-08 15:02:00,2011-08-26 11:54:00,7,1721.4,1203,83,17.214000000000002,1,104,0,Champions,13,1,0.16666666666666666,Low Risk
17453,2011-11-22 09:42:00,2011-10-06 17:02:00,2,486.72,219,19,25.61684210526316,18,46,0,Other,10,0,0.27666666666666667,Low Risk
17454,2011-05-31 13:58:00,2010-01-15 15:40:00,10,1547.94,727,98,12.285238095238096,192,500,1,At Risk,11,1,0.79,High Risk
17455,2011-05-20 12:31:00,2011-05-20 12:31:00,1,131.7,66,8,16.4625,204,0,1,Other,5,0,0.97,High Risk
17456,2010-12-09 15:23:00,2010-09-09 15:28:00,2,975.5600000000001,508,59,16.259333333333334,365,90,1,At Risk,8,0,0.78,High Risk
17457,2011-08-05 12:48:00,2009-12-07 14:52:00,14,5984.81,2695,30,93.51265625,127,605,1,Loyal Customers,13,1,0.14666666666666667,Low Risk
17458,2011-11-24 13:01:00,2010-11-23 11:43:00,2,529.58,282,81,6.1579069767441865,15,366,0,Other,10,0,0.1,Low Risk
17459,2011-10-27 13:25:00,2011-10-10 17:00:00,2,657.3,537,88,5.921621621621621,43,16,0,Other,10,0,0.08333333333333333,Low Risk
17460,2011-09-06 15:04:00,2010-01-22 13:25:00,16,2157.9700000000003,954,93,15.75160583941606,94,592,1,Loyal Customers,12,1,0.7666666666666667,High Risk
17461,2011-11-17 10:21:00,2011-11-10 12:01:00,3,735.82,770,104,6.941698113207548,23,6,0,Other,10,0,0.14,Low Risk
17462,2011-10-10 13:56:00,2011-02-28 17:01:00,2,675.69,227,25,25.025555555555556,60,223,0,Other,9,0,0.22333333333333333,Low Risk
17463,2011-11-23 13:40:00,2010-04-29 17:57:00,7,2535.26,1480,234,8.022974683544305,16,572,0,Champions,13,1,0.14333333333333334,Low Risk
17464,2011-07-04 13:19:00,2010-03-30 13:15:00,3,907.1400000000001,608,35,23.26,158,461,1,Other,9,0,0.7866666666666666,High Risk
17465,2010-10-10 11:56:00,2009-12-03 13:25:00,7,2542.79,1477,103,17.906971830985917,426,310,1,At Risk,9,1,0.8266666666666667,High Risk
17466,2011-11-29 13:15:00,2011-09-22 09:16:00,2,763.28,306,41,18.61658536585366,10,68,0,Other,11,1,0.27666666666666667,Low Risk
17467,2010-11-09 12:58:00,2010-11-09 12:58:00,1,102.6,20,4,25.65,395,0,1,Other,5,0,0.8066666666666666,High Risk
17468,2011-11-29 15:33:00,2010-11-29 17:25:00,3,194.8,184,8,24.35,10,364,0,Other,9,0,0.18666666666666668,Low Risk
17469,2011-11-23 13:15:00,2009-12-16 15:06:00,17,5051.25,2304,165,18.918539325842698,16,706,0,Champions,15,1,0.006666666666666667,Low Risk
17470,2011-10-26 12:42:00,2010-07-19 16:16:00,11,2626.47,2731,111,16.944967741935482,45,463,0,Champions,13,1,0.14666666666666667,Low Risk
17471,2010-08-22 11:53:00,2010-08-22 11:53:00,1,321.65000000000003,153,19,16.928947368421053,475,0,1,Other,5,0,0.9533333333333334,High Risk
17472,2011-06-01 14:57:00,2010-03-21 13:27:00,4,922.35,551,183,4.13609865470852,191,437,1,At Risk,9,0,0.8,High Risk
17473,2010-10-27 11:45:00,2010-09-09 19:03:00,2,607.0,270,33,17.852941176470587,409,47,1,At Risk,7,0,0.6533333333333333,High Risk
17474,2010-04-19 10:43:00,2010-04-19 10:43:00,1,1047.0,200,6,174.5,600,0,1,Other,6,0,0.81,High Risk
17475,2011-09-21 14:55:00,2011-09-21 14:55:00,1,194.37,178,14,13.883571428571429,79,0,0,Other,6,0,0.18333333333333332,Low Risk
17476,2010-11-09 10:21:00,2009-12-02 12:09:00,2,489.86,224,29,15.801935483870968,396,341,1,At Risk,7,0,0.82,High Risk
17477,2010-04-06 10:06:00,2010-03-02 11:53:00,2,1144.3,225,44,26.00681818181818,613,34,1,At Risk,7,0,0.7533333333333333,High Risk
17478,2010-10-27 15:01:00,2010-03-16 14:19:00,2,1272.8000000000002,516,40,31.820000000000004,408,225,1,At Risk,9,0,0.8,High Risk
17479,2010-03-17 09:26:00,2010-03-17 09:26:00,1,389.26000000000005,266,18,21.625555555555557,633,0,1,Other,5,0,0.9233333333333333,High Risk
17480,2011-09-23 11:39:00,2010-09-21 12:31:00,2,882.23,581,50,16.645849056603772,78,366,0,Other,9,0,0.14333333333333334,Low Risk
17481,2011-12-06 12:28:00,2011-09-07 09:57:00,4,1255.59,1061,69,15.312073170731706,4,90,0,Champions,13,1,0.17,Low Risk
17482,2010-08-09 15:33:00,2010-05-10 14:10:00,2,775.64,240,50,14.634716981132076,487,91,1,At Risk,7,0,0.9066666666666666,High Risk
17483,2011-10-05 13:10:00,2010-10-21 12:43:00,4,591.73,265,23,21.133214285714285,65,349,0,Loyal Customers,9,0,0.22666666666666666,Low Risk
17484,2010-05-12 15:41:00,2010-03-25 16:17:00,2,209.57,339,14,14.969285714285714,576,47,1,At Risk,5,0,0.7766666666666666,High Risk
17486,2011-03-23 14:00:00,2011-03-23 14:00:00,1,396.87,191,24,16.53625,261,0,1,Other,6,0,0.8266666666666667,High Risk
17487,2009-12-11 15:06:00,2009-12-11 15:06:00,1,160.55,37,8,20.06875,728,0,1,Other,4,0,0.9866666666666667,High Risk
17488,2010-03-08 14:07:00,2010-03-08 14:07:00,1,336.5,136,18,18.694444444444443,641,0,1,Other,5,0,0.9433333333333334,High Risk
17489,2011-10-12 08:56:00,2011-05-11 11:34:00,2,376.64,428,28,12.987586206896552,59,153,0,Other,9,0,0.2833333333333333,Low Risk
17490,2011-12-09 09:08:00,2010-05-19 12:40:00,9,2750.5,1531,93,23.711206896551722,1,568,0,Champions,14,1,0.2966666666666667,Low Risk
17491,2011-12-08 16:18:00,2010-04-28 11:57:00,17,5653.67,3362,105,31.941638418079098,1,589,0,Champions,15,1,0.07,Low Risk
17492,2011-04-05 15:21:00,2010-07-09 13:27:00,3,1122.42,450,32,28.78,248,270,1,At Risk,8,0,0.9066666666666666,High Risk
17493,2010-11-19 16:57:00,2010-11-19 16:57:00,1,100.91,62,8,12.61375,385,0,1,Other,5,0,0.9766666666666667,High Risk
17494,2010-07-26 10:06:00,2010-07-26 10:06:00,1,54.7,26,3,18.233333333333334,502,0,1,Other,4,0,0.9666666666666667,High Risk
17495,2011-12-02 12:08:00,2010-11-14 11:50:00,3,806.72,367,38,16.80666666666667,8,383,0,Other,11,1,0.09,Low Risk
17496,2010-12-16 08:39:00,2010-01-14 13:36:00,4,1412.89,675,54,19.623472222222222,359,335,1,At Risk,10,0,0.67,High Risk
17497,2010-11-14 14:17:00,2010-04-08 08:01:00,2,287.25,59,7,41.035714285714285,390,220,1,At Risk,7,0,0.8666666666666667,High Risk
17498,2011-09-25 12:25:00,2011-09-25 12:25:00,1,272.21999999999997,394,17,16.012941176470587,76,0,0,Other,6,0,0.3,Low Risk
17499,2011-02-23 09:14:00,2010-05-27 09:59:00,2,1341.3899999999999,1086,66,18.892816901408448,290,271,1,At Risk,9,0,0.83,High Risk
17500,2011-11-22 14:25:00,2011-11-10 09:08:00,3,1138.0,17,3,227.6,17,12,0,Other,11,1,0.28,Low Risk
17501,2011-05-03 09:47:00,2011-05-03 09:46:00,2,288.6,160,18,16.033333333333335,221,0,1,At Risk,7,0,0.9333333333333333,High Risk
17502,2011-11-30 13:13:00,2011-11-10 16:39:00,4,689.1,376,25,24.610714285714288,9,19,0,Loyal Customers,12,1,0.20333333333333334,Low Risk
17503,2011-12-07 09:18:00,2011-11-01 11:12:00,2,558.96,486,36,14.709473684210527,3,35,0,Other,10,1,0.15333333333333332,Low Risk
17504,2011-05-17 12:59:00,2010-02-08 09:22:00,18,9490.17,5420,244,27.7490350877193,206,463,1,At Risk,12,1,0.31,Medium Risk
17505,2011-07-01 12:50:00,2010-04-13 16:33:00,5,2435.48,1242,83,23.877254901960786,162,443,1,Loyal Customers,11,1,0.8466666666666667,High Risk
17506,2011-09-25 11:39:00,2011-09-25 11:39:00,1,302.2,139,14,21.585714285714285,76,0,0,Other,7,0,0.9066666666666666,High Risk
17507,2011-03-23 11:48:00,2011-02-03 18:08:00,2,605.58,359,79,6.881590909090909,262,47,1,At Risk,7,0,0.8033333333333333,High Risk
17508,2011-03-04 08:10:00,2009-12-07 11:46:00,8,4579.23,2891,199,19.823506493506493,281,451,1,At Risk,12,1,0.25666666666666665,Low Risk
17509,2011-10-13 10:26:00,2011-10-07 13:14:00,8,6083.64,3512,75,16.713296703296706,58,5,0,Champions,14,1,0.18,Low Risk
17510,2011-11-15 10:00:00,2010-10-15 10:20:00,2,514.56,422,28,14.701714285714283,25,395,0,Other,9,0,0.2966666666666667,Low Risk
17511,2011-12-07 10:12:00,2009-12-02 10:52:00,60,172132.87,117174,657,92.14821734475375,3,734,0,Champions,15,1,0.0,Low Risk
17512,2011-11-11 12:11:00,2009-12-10 19:35:00,18,5467.820000000001,5434,102,27.75543147208122,29,700,0,Champions,14,1,0.0,Low Risk
17513,2011-09-28 16:42:00,2010-08-17 15:08:00,3,1158.8,440,18,64.37777777777778,72,407,0,Other,9,0,0.26,Low Risk
17514,2011-08-03 15:45:00,2010-02-08 14:00:00,2,522.0,284,72,6.289156626506024,128,541,1,Other,8,0,0.69,High Risk
17515,2011-11-08 14:04:00,2010-06-07 13:29:00,9,1602.51,527,91,8.952569832402235,31,519,0,Champions,13,1,0.67,High Risk
17516,2011-11-24 16:51:00,2010-11-26 12:50:00,6,947.5,522,150,4.960732984293194,15,363,0,Loyal Customers,12,1,0.19666666666666666,Low Risk
17517,2011-02-04 11:48:00,2011-02-04 11:48:00,1,153.94,102,11,13.994545454545454,309,0,1,Other,5,0,0.9166666666666666,High Risk
17518,2010-10-10 12:40:00,2010-03-28 13:31:00,2,329.42,267,71,4.278181818181818,426,195,1,At Risk,6,0,0.97,High Risk
17519,2011-11-22 16:43:00,2009-12-01 09:57:00,15,4774.17,3230,142,23.40279411764706,17,721,0,Champions,15,1,0.0,Low Risk
17520,2011-10-17 12:04:00,2011-10-17 12:04:00,1,546.81,365,30,18.226999999999997,54,0,0,New / Potential,8,0,0.2,Low Risk
17521,2011-11-10 11:22:00,2010-10-01 11:49:00,5,1278.06,806,65,16.385384615384616,30,404,0,Champions,12,1,0.14,Low Risk
17522,2011-12-08 12:31:00,2011-05-05 16:31:00,5,1070.71,1034,59,14.667260273972603,2,216,0,Loyal Customers,12,1,0.18333333333333332,Low Risk
17523,2011-11-28 13:20:00,2011-11-20 13:40:00,4,652.74,872,25,19.78,11,7,0,Loyal Customers,12,1,0.20333333333333334,Low Risk
17524,2010-12-13 14:32:00,2010-09-27 16:20:00,3,539.14,362,37,12.53813953488372,361,76,1,At Risk,7,0,0.49666666666666665,Medium Risk
17525,2010-12-15 12:05:00,2010-10-07 09:12:00,3,1161.9,338,19,44.68846153846154,360,69,1,At Risk,8,0,0.8333333333333334,High Risk
17526,2011-12-05 11:05:00,2009-12-17 16:18:00,12,3939.24,1442,67,42.81782608695652,5,717,0,Champions,15,1,0.0033333333333333335,Low Risk
17527,2011-10-17 12:32:00,2011-05-05 13:43:00,4,939.37,488,45,19.98659574468085,54,164,0,Loyal Customers,11,0,0.7066666666666667,High Risk
17528,2011-12-08 13:27:00,2011-09-29 13:04:00,8,3628.5,2138,183,14.34189723320158,1,70,0,Champions,15,1,0.07,Low Risk
17529,2010-04-08 17:51:00,2010-01-11 12:29:00,2,1240.25,790,78,15.125,610,87,1,At Risk,8,0,0.38666666666666666,Medium Risk
17530,2011-12-08 18:42:00,2009-12-06 16:17:00,12,2791.69,1741,359,5.852599580712789,1,732,0,Champions,14,1,0.0,Low Risk
17531,2011-06-02 19:17:00,2010-03-31 12:57:00,3,1266.82,472,54,21.841724137931035,190,428,1,At Risk,9,0,0.9133333333333333,High Risk
17532,2010-11-19 08:13:00,2010-11-19 08:13:00,1,65.34,30,4,16.335,386,0,1,Other,5,0,0.97,High Risk
17533,2010-10-01 09:14:00,2010-10-01 09:14:00,1,34.8,24,1,34.8,435,0,1,Other,4,0,0.91,High Risk
17534,2011-10-17 12:47:00,2010-02-25 16:55:00,5,1668.83,860,76,18.13945652173913,54,598,0,Champions,12,1,0.02666666666666667,Low Risk
17535,2011-03-04 15:20:00,2011-03-04 15:20:00,1,164.4,136,13,12.646153846153847,280,0,1,Other,5,0,0.2833333333333333,Low Risk
17536,2011-06-15 13:23:00,2010-01-26 12:00:00,3,364.83,201,16,22.801875,177,505,1,Other,8,0,0.7566666666666667,High Risk
17537,2011-11-10 10:56:00,2011-02-09 13:37:00,2,887.6700000000001,699,74,11.995540540540542,30,273,0,Other,10,0,0.29,Low Risk
17538,2011-11-14 12:12:00,2011-11-14 12:12:00,1,98.42,134,9,10.935555555555556,26,0,0,New / Potential,7,0,0.6933333333333334,High Risk
17539,2010-04-01 12:07:00,2009-12-13 12:36:00,4,1176.84,708,132,8.1725,618,108,1,At Risk,8,0,0.7766666666666666,High Risk
17540,2011-11-15 11:56:00,2010-04-19 09:47:00,6,1590.6000000000001,588,41,24.853125000000002,25,575,0,Champions,12,1,0.13,Low Risk
17541,2010-07-18 11:36:00,2010-07-18 11:36:00,1,119.86,44,31,3.8664516129032256,510,0,1,Other,4,0,0.9966666666666667,High Risk
17542,2011-03-15 11:45:00,2010-03-08 12:08:00,3,340.85,323,57,5.32578125,270,371,1,At Risk,7,0,0.38,Medium Risk
17543,2010-06-08 12:41:00,2010-06-08 12:41:00,1,120.05,62,13,9.234615384615385,550,0,1,Other,4,0,0.9933333333333333,High Risk
17544,2010-11-14 15:08:00,2010-11-14 14:47:00,3,944.82,410,80,10.736590909090909,390,0,1,At Risk,8,0,0.82,High Risk
17545,2011-10-27 14:04:00,2010-05-11 10:04:00,6,1409.8600000000001,682,204,5.422538461538462,43,534,0,Champions,12,1,0.16666666666666666,Low Risk
17547,2010-11-29 09:41:00,2010-02-12 14:34:00,2,727.85,223,22,23.479032258064517,376,289,1,At Risk,8,0,0.84,High Risk
17548,2011-04-20 12:01:00,2010-11-08 16:19:00,4,731.26,494,22,21.50764705882353,234,162,1,At Risk,9,0,0.8,High Risk
17549,2011-11-16 09:59:00,2011-10-19 10:05:00,2,148.86,210,5,24.810000000000002,24,27,0,Other,8,0,0.17666666666666667,Low Risk
17550,2011-05-26 14:09:00,2010-02-07 15:07:00,9,2506.64,968,250,7.808847352024921,197,472,1,At Risk,11,1,0.2966666666666667,Low Risk
17551,2010-12-15 14:12:00,2010-12-15 14:12:00,1,290.34,142,39,7.444615384615384,359,0,1,Other,6,0,0.9333333333333333,High Risk
17552,2011-10-10 17:00:00,2010-03-22 09:19:00,12,2786.77,1951,78,19.487902097902097,60,567,0,Loyal Customers,12,1,0.09666666666666666,Low Risk
17553,2011-08-02 10:00:00,2010-04-08 09:44:00,4,3757.6,2288,2,626.2666666666667,130,481,1,Loyal Customers,12,1,0.9366666666666666,High Risk
17554,2011-12-08 14:15:00,2011-07-14 20:01:00,5,1952.45,1763,58,22.18693181818182,1,146,0,Champions,13,1,0.12666666666666668,Low Risk
17555,2011-11-20 12:22:00,2010-05-02 16:02:00,5,1045.74,739,220,3.9611363636363635,20,566,0,Loyal Customers,11,1,0.07,Low Risk
17556,2011-05-18 10:48:00,2010-11-25 17:00:00,2,300.67,184,13,21.476428571428574,206,173,1,At Risk,7,0,0.9,High Risk
17557,2011-11-25 12:57:00,2009-12-07 10:15:00,4,575.46,310,28,16.441714285714287,14,718,0,Loyal Customers,11,1,0.10333333333333333,Low Risk
17558,2010-11-11 14:36:00,2010-11-11 14:36:00,1,259.17,54,28,9.25607142857143,393,0,1,Other,5,0,0.98,High Risk
17559,2010-07-15 12:02:00,2010-07-15 12:02:00,1,167.62,270,12,13.968333333333334,513,0,1,Other,4,0,0.81,High Risk
17560,2011-09-06 09:18:00,2010-02-17 12:11:00,8,1895.8,1588,37,34.46909090909091,95,565,1,Loyal Customers,12,1,0.7866666666666666,High Risk
17561,2011-11-20 12:53:00,2009-12-06 13:29:00,4,703.02,381,163,3.6807329842931935,19,713,0,Loyal Customers,12,1,0.016666666666666666,Low Risk
17562,2011-11-25 14:21:00,2011-06-19 13:06:00,7,1122.38,817,48,17.81555555555556,14,159,0,Loyal Customers,12,1,0.19333333333333333,Low Risk
17563,2010-05-10 14:54:00,2010-04-07 10:02:00,2,392.38,256,27,13.530344827586207,578,33,1,At Risk,6,0,0.9033333333333333,High Risk
17564,2011-11-15 13:27:00,2011-09-20 14:00:00,3,454.01,146,38,9.265510204081632,24,55,0,Other,9,0,0.30666666666666664,Medium Risk
17565,2010-05-02 11:54:00,2010-05-02 11:54:00,1,131.83,67,30,4.394333333333334,587,0,1,Other,4,0,0.8333333333333334,High Risk
17566,2011-12-01 19:54:00,2011-11-14 13:42:00,2,869.77,497,113,6.125140845070423,8,17,0,Other,11,1,0.15,Low Risk
17567,2011-12-02 15:48:00,2010-09-24 10:48:00,9,4838.08,2908,128,24.68408163265306,7,434,0,Champions,15,1,0.06,Low Risk
17568,2010-03-16 16:45:00,2010-03-16 16:45:00,1,374.45,275,61,6.039516129032258,633,0,1,Other,5,0,0.8933333333333333,High Risk
17569,2011-01-11 14:15:00,2011-01-11 14:15:00,1,344.14,159,29,11.866896551724137,332,0,1,Other,6,0,0.9233333333333333,High Risk
17570,2010-11-23 11:56:00,2010-11-23 11:56:00,1,100.0,1,1,100.0,382,0,1,Other,5,0,0.9966666666666667,High Risk
17571,2011-10-20 15:57:00,2010-06-15 12:50:00,5,1630.91,991,290,5.018184615384616,50,492,0,Champions,12,1,0.16,Low Risk
17572,2011-09-29 17:53:00,2009-12-15 10:00:00,10,652.21,327,14,20.3815625,71,653,0,Loyal Customers,11,1,0.043333333333333335,Low Risk
17573,2011-11-10 13:01:00,2011-09-07 10:36:00,3,380.6,308,24,15.224,29,64,0,Other,9,0,0.23,Low Risk
17574,2011-04-11 09:47:00,2011-04-11 09:47:00,1,185.65,77,8,23.20625,243,0,1,Other,5,0,0.9633333333333334,High Risk
17575,2010-02-10 13:48:00,2010-02-10 13:48:00,1,171.7,72,5,34.339999999999996,667,0,1,Other,4,0,0.9533333333333334,High Risk
17576,2011-12-01 17:56:00,2009-12-03 16:54:00,41,8711.95,4583,417,9.799718785151857,8,728,0,Champions,15,1,0.0033333333333333335,Low Risk
17577,2010-03-04 13:01:00,2010-02-09 10:10:00,2,348.75,179,20,16.607142857142858,645,23,1,At Risk,6,0,0.68,High Risk
17578,2011-05-05 18:38:00,2010-06-28 11:55:00,7,1047.33,529,57,16.11276923076923,218,311,1,At Risk,9,0,0.8933333333333333,High Risk
17579,2011-12-05 12:28:00,2010-05-10 14:28:00,4,753.28,375,89,8.013617021276595,5,573,0,Loyal Customers,12,1,0.06666666666666667,Low Risk
17580,2011-04-01 12:41:00,2010-10-13 14:28:00,5,541.02,223,78,5.755531914893617,253,169,1,At Risk,8,0,0.8633333333333333,High Risk
17581,2011-12-09 12:21:00,2009-12-03 12:34:00,43,17951.17,9519,387,22.13461159062885,1,735,0,Champions,15,1,0.0,Low Risk
17582,2011-04-17 13:18:00,2010-03-26 12:23:00,5,1446.95,603,92,11.860245901639345,236,387,1,At Risk,10,0,0.89,High Risk
17583,2010-05-28 14:24:00,2010-05-28 14:24:00,1,135.95,55,7,19.42142857142857,560,0,1,Other,4,0,0.9833333333333333,High Risk
17584,2011-12-02 17:12:00,2010-01-25 08:17:00,6,5309.42,2464,85,42.817903225806454,7,676,0,Champions,14,1,0.05,Low Risk
17585,2011-08-22 13:30:00,2010-08-18 16:39:00,7,2064.71,2510,295,5.376848958333333,109,368,1,Loyal Customers,11,1,0.7966666666666666,High Risk
17586,2010-03-30 13:12:00,2010-03-30 13:12:00,1,167.4,68,8,20.925,619,0,1,Other,4,0,0.8333333333333334,High Risk
17587,2010-03-21 14:16:00,2010-03-21 14:16:00,1,176.71,67,42,4.207380952380952,628,0,1,Other,4,0,0.94,High Risk
17588,2011-08-31 13:37:00,2010-03-12 12:34:00,7,2939.55,1379,35,41.40211267605634,100,537,1,Loyal Customers,12,1,0.6933333333333334,High Risk
17589,2011-10-10 16:58:00,2010-03-07 13:48:00,18,13837.94,8704,601,10.628218125960062,60,582,0,Loyal Customers,13,1,0.2866666666666667,Low Risk
17590,2011-12-07 12:55:00,2011-10-30 14:05:00,3,1468.02,822,162,7.489897959183673,2,37,0,High Value Customers,12,1,0.30333333333333334,Medium Risk
17591,2011-09-27 13:42:00,2010-01-17 16:09:00,8,2339.32,1028,93,13.29159090909091,73,617,0,Loyal Customers,12,1,0.04,Low Risk
17592,2009-12-01 10:49:00,2009-12-01 10:49:00,1,148.3,38,13,11.407692307692308,739,0,1,Other,4,0,0.96,High Risk
17593,2011-12-06 10:30:00,2009-12-04 14:35:00,11,8092.32,5595,311,19.83411764705882,4,731,0,Champions,15,1,0.0,Low Risk
17594,2011-09-15 16:34:00,2010-04-14 08:53:00,4,2497.88,1368,70,24.018076923076926,85,519,0,Loyal Customers,11,1,0.12,Low Risk
17595,2011-11-27 16:08:00,2011-11-02 16:19:00,2,386.69,228,68,4.715731707317073,12,24,0,Other,10,0,0.28,Low Risk
17596,2011-11-16 14:11:00,2009-12-15 13:21:00,13,4491.46,7010,274,9.241687242798355,23,701,0,Champions,14,1,0.006666666666666667,Low Risk
17597,2011-05-10 11:54:00,2010-05-05 15:33:00,5,3484.09,2215,109,27.219453125,214,369,1,At Risk,11,1,0.8233333333333334,High Risk
17598,2010-11-23 17:43:00,2010-11-23 17:43:00,1,409.98,126,10,40.998000000000005,381,0,1,Other,6,0,0.87,High Risk
17599,2010-08-19 12:50:00,2010-08-19 12:50:00,1,52.05,11,3,17.349999999999998,478,0,1,Other,4,0,0.9633333333333334,High Risk
17600,2011-11-22 09:43:00,2011-11-22 09:43:00,1,161.67000000000002,144,13,12.436153846153847,18,0,0,New / Potential,8,0,0.15666666666666668,Low Risk
17601,2011-04-14 18:02:00,2010-11-24 14:29:00,2,413.08,295,69,5.737222222222222,239,141,1,At Risk,7,0,0.8966666666666666,High Risk
17602,2011-12-07 13:53:00,2010-03-30 17:25:00,14,7354.43,5880,450,8.09068206820682,2,616,0,Champions,15,1,0.18333333333333332,Low Risk
17603,2011-09-22 14:18:00,2009-12-10 09:44:00,4,1788.38,638,104,16.871509433962267,78,651,0,Loyal Customers,11,1,0.02666666666666667,Low Risk
17604,2011-05-06 13:43:00,2010-01-27 12:19:00,6,942.38,614,142,4.530673076923077,217,464,1,At Risk,9,0,0.8066666666666666,High Risk
17605,2010-04-28 14:45:00,2010-04-28 14:45:00,1,160.75,71,13,12.365384615384615,590,0,1,Other,4,0,0.9766666666666667,High Risk
17606,2009-12-02 13:32:00,2009-12-02 13:32:00,1,87.30000000000001,42,6,14.550000000000002,737,0,1,Other,4,0,0.9866666666666667,High Risk
17607,2010-11-28 13:11:00,2010-11-28 13:11:00,1,333.81,269,22,15.173181818181819,376,0,1,Other,6,0,0.9633333333333334,High Risk
17608,2011-11-06 13:06:00,2010-04-11 13:37:00,4,488.06,528,134,3.069559748427673,33,573,0,Loyal Customers,10,0,0.11333333333333333,Low Risk
17609,2011-10-30 12:28:00,2010-04-09 16:54:00,11,1887.8999999999999,1321,317,4.903636363636363,41,568,0,Champions,13,1,0.30333333333333334,Medium Risk
17610,2010-06-17 16:34:00,2009-12-06 16:07:00,5,1511.94,893,114,9.817792207792207,540,193,1,At Risk,9,0,0.7833333333333333,High Risk
17611,2011-12-02 13:29:00,2009-12-01 13:29:00,28,8337.53,5341,722,7.497778776978418,7,731,0,Champions,15,1,0.0,Low Risk
17612,2011-10-17 14:59:00,2009-12-17 11:59:00,18,5394.86,3521,213,15.867235294117647,53,669,0,Champions,14,1,0.0,Low Risk
17613,2011-11-17 10:51:00,2011-02-07 11:20:00,14,4544.55,2490,211,14.851470588235294,23,282,0,Champions,14,1,0.20333333333333334,Low Risk
17614,2011-10-13 16:01:00,2011-10-13 16:01:00,1,386.32,235,97,3.9420408163265304,57,0,0,New / Potential,8,0,0.7166666666666667,High Risk
17615,2011-08-01 14:06:00,2010-08-11 12:54:00,6,721.8000000000001,378,47,12.889285714285716,130,355,1,Loyal Customers,10,0,0.86,High Risk
17616,2011-06-19 10:11:00,2010-09-14 10:43:00,4,734.4,288,1,183.6,174,277,1,Loyal Customers,10,0,0.8533333333333334,High Risk
17617,2010-05-30 12:48:00,2010-05-30 12:48:00,1,385.19,249,18,21.399444444444445,559,0,1,Other,5,0,0.95,High Risk
17618,2011-12-04 11:50:00,2010-01-24 11:03:00,11,4001.64,1798,202,11.2090756302521,6,679,0,Champions,15,1,0.0,Low Risk
17619,2011-01-31 14:18:00,2011-01-31 14:18:00,1,214.37,124,71,2.896891891891892,312,0,1,Other,5,0,0.8933333333333333,High Risk
17620,2011-10-11 12:08:00,2011-10-11 12:08:00,1,81.44,60,4,20.36,60,0,0,Other,6,0,0.18666666666666668,Low Risk
17621,2011-11-18 17:11:00,2010-10-04 09:37:00,6,3175.12,1110,61,48.10787878787879,21,410,0,Champions,13,1,0.14,Low Risk
17622,2010-04-21 12:36:00,2010-04-20 13:38:00,2,1130.21,379,19,29.742368421052632,598,0,1,At Risk,7,0,0.7333333333333333,High Risk
17623,2011-11-07 11:32:00,2009-12-14 14:36:00,7,2365.77,799,130,12.194690721649485,33,692,0,Champions,12,1,0.0,Low Risk
17624,2011-11-25 10:52:00,2009-12-20 12:35:00,4,1568.63,958,91,16.171443298969074,15,704,0,Champions,13,1,0.03333333333333333,Low Risk
17625,2011-11-21 13:36:00,2009-12-15 11:49:00,8,5978.9,3505,429,8.753879941434846,18,706,0,Champions,15,1,0.013333333333333334,Low Risk
17626,2010-04-16 12:15:00,2010-04-16 12:15:00,1,254.0,202,18,14.11111111111111,603,0,1,Other,4,0,0.8133333333333334,High Risk
17627,2010-08-18 11:27:00,2010-08-18 11:27:00,1,296.36,676,10,29.636000000000003,479,0,1,Other,5,0,0.8333333333333334,High Risk
17628,2011-09-19 15:21:00,2011-09-19 15:21:00,1,75.75,79,5,15.15,81,0,0,Other,6,0,0.8166666666666667,High Risk
17629,2011-12-04 10:56:00,2010-10-14 13:35:00,10,2455.52,1903,129,15.740512820512821,6,415,0,Champions,14,1,0.05333333333333334,Low Risk
17630,2011-06-23 11:58:00,2011-04-21 14:03:00,2,503.6,158,24,19.36923076923077,170,62,1,Other,8,0,0.8866666666666667,High Risk
17631,2011-12-08 09:47:00,2009-12-09 14:15:00,7,998.49,591,66,14.470869565217392,2,728,0,Loyal Customers,12,1,0.013333333333333334,Low Risk
17633,2011-11-08 13:25:00,2010-11-15 14:55:00,7,2057.39,899,84,20.37019801980198,31,357,0,Champions,12,1,0.21666666666666667,Low Risk
17634,2011-11-03 13:09:00,2011-01-06 12:45:00,9,2358.59,838,209,7.96820945945946,36,301,0,Champions,13,1,0.19,Low Risk
17635,2010-10-11 15:12:00,2010-04-28 10:51:00,3,1265.58,770,60,17.10243243243243,424,166,1,At Risk,8,0,0.5466666666666666,Medium Risk
17636,2011-11-20 14:40:00,2011-11-20 14:40:00,1,285.56,182,20,14.278,19,0,0,New / Potential,8,0,0.29,Low Risk
17637,2011-11-08 12:51:00,2011-08-16 13:25:00,2,547.0600000000001,280,35,15.630285714285716,31,83,0,Other,9,0,0.29333333333333333,Low Risk
17638,2010-03-02 14:32:00,2009-12-18 09:58:00,2,842.4000000000001,432,2,280.8,647,74,1,At Risk,7,0,0.8833333333333333,High Risk
17639,2011-03-08 15:22:00,2010-08-13 11:59:00,6,615.17,576,59,7.7869620253164555,276,207,1,At Risk,9,0,0.6666666666666666,High Risk
17640,2011-09-14 09:13:00,2010-03-23 09:15:00,6,3168.94,1692,48,48.014242424242425,87,539,0,Loyal Customers,12,1,0.13,Low Risk
17642,2011-08-12 09:11:00,2009-12-05 16:01:00,5,1824.49,1475,88,16.893425925925925,120,614,1,Loyal Customers,11,1,0.6233333333333333,High Risk
17643,2010-12-01 14:38:00,2010-07-22 13:07:00,2,439.7,226,30,14.183870967741935,373,132,1,At Risk,7,0,0.9033333333333333,High Risk
17644,2011-12-08 13:43:00,2010-02-16 08:44:00,20,6028.6,3469,160,18.436085626911318,1,660,0,Champions,15,1,0.0033333333333333335,Low Risk
17646,2011-05-04 13:17:00,2009-12-16 09:37:00,12,3898.79,1308,124,19.891785714285714,219,504,1,At Risk,12,1,0.29,Low Risk
17647,2011-10-05 15:38:00,2010-02-08 14:39:00,3,331.65999999999997,82,12,27.638333333333332,65,604,0,Other,8,0,0.07,Low Risk
17648,2011-10-10 09:41:00,2010-11-19 16:41:00,5,2216.37,954,114,17.73096,61,324,0,Loyal Customers,11,1,0.2966666666666667,Low Risk
17649,2011-07-24 15:53:00,2010-08-24 13:01:00,3,1578.89,723,88,16.111122448979593,138,334,1,High Value Customers,10,0,0.94,High Risk
17650,2011-11-18 14:52:00,2011-11-18 14:52:00,1,166.07999999999998,150,8,20.759999999999998,21,0,0,New / Potential,7,0,0.31,Medium Risk
17651,2011-11-28 10:29:00,2010-07-01 12:17:00,16,5703.52,4086,198,17.179277108433737,12,514,0,Champions,15,1,0.18666666666666668,Low Risk
17652,2011-11-14 12:55:00,2011-03-03 14:05:00,12,4867.72,2509,118,18.794285714285714,25,255,0,Champions,14,1,0.13333333333333333,Low Risk
17653,2011-11-03 12:46:00,2011-08-11 15:24:00,4,1207.56,1409,44,27.44454545454545,37,83,0,Loyal Customers,11,1,0.23666666666666666,Low Risk
17654,2011-03-07 13:17:00,2011-03-07 13:17:00,1,117.55,41,22,5.343181818181818,277,0,1,Other,5,0,0.9433333333333334,High Risk
17655,2011-11-29 11:34:00,2010-10-19 10:20:00,9,2976.38,1268,75,26.814234234234235,11,406,0,Champions,15,1,0.16333333333333333,Low Risk
17656,2011-09-27 13:04:00,2011-08-03 10:45:00,5,1674.69,1399,67,20.423048780487804,73,55,0,Loyal Customers,11,1,0.08333333333333333,Low Risk
17657,2010-10-05 14:52:00,2010-10-05 14:52:00,1,126.0,60,7,18.0,430,0,1,Other,4,0,0.8466666666666667,High Risk
17658,2011-11-14 12:07:00,2011-05-12 15:23:00,2,595.42,616,17,31.337894736842102,26,185,0,Other,9,0,0.3,Low Risk
17659,2011-11-22 13:29:00,2010-11-18 14:20:00,14,3586.9900000000002,1752,150,18.682239583333335,17,368,0,Champions,15,1,0.14666666666666667,Low Risk
17660,2011-07-21 13:37:00,2009-12-02 16:02:00,2,342.22,259,75,4.173414634146342,141,595,1,Other,8,0,0.72,High Risk
17662,2010-02-16 09:38:00,2009-12-17 09:54:00,2,412.92,184,14,27.528000000000002,662,60,1,At Risk,6,0,0.9133333333333333,High Risk
17663,2011-11-14 08:56:00,2010-03-04 11:42:00,17,5175.83,2297,153,21.74718487394958,26,619,0,Champions,14,1,0.08,Low Risk
17664,2011-11-21 11:29:00,2010-03-29 17:17:00,4,1166.23,1058,68,14.577875,19,601,0,Loyal Customers,12,1,0.03666666666666667,Low Risk
17665,2010-08-03 13:12:00,2010-08-03 13:12:00,1,563.1,690,19,29.63684210526316,493,0,1,Other,5,0,0.95,High Risk
17666,2011-12-06 09:06:00,2010-06-30 12:03:00,5,2047.8,1552,30,46.54090909090909,4,523,0,Champions,13,1,0.18,Low Risk
17667,2011-10-04 14:32:00,2010-02-23 09:57:00,9,3950.7,2192,140,17.17695652173913,66,588,0,Loyal Customers,13,1,0.13,Low Risk
17668,2011-12-08 13:25:00,2011-11-01 14:45:00,2,347.75,93,14,23.183333333333334,1,36,0,Other,10,1,0.26666666666666666,Low Risk
17669,2011-10-28 08:53:00,2010-04-01 18:48:00,10,6142.35,3505,85,42.655208333333334,43,574,0,Champions,14,1,0.38666666666666666,Medium Risk
17670,2011-04-26 09:12:00,2011-04-26 09:12:00,1,205.7,110,11,18.7,228,0,1,Other,5,0,0.7133333333333334,High Risk
17671,2011-11-24 12:21:00,2010-11-29 11:53:00,5,2009.16,987,54,26.788800000000002,16,360,0,Champions,13,1,0.3,Low Risk
17672,2011-10-20 14:18:00,2010-01-26 17:20:00,7,5778.63,2758,179,28.051601941747574,50,631,0,Champions,13,1,0.03,Low Risk
17673,2011-12-08 12:50:00,2010-03-19 14:02:00,13,4173.88,3284,195,8.232504930966469,2,628,0,Champions,15,1,0.02666666666666667,Low Risk
17674,2011-09-26 13:35:00,2010-12-06 10:20:00,2,551.04,672,19,20.40888888888889,74,294,0,Other,8,0,0.23666666666666666,Low Risk
17675,2011-12-08 18:03:00,2009-12-10 16:10:00,70,37642.48,16180,345,33.72982078853047,1,728,0,Champions,15,1,0.0,Low Risk
17676,2011-12-05 15:16:00,2010-03-30 10:49:00,10,2448.64,1764,85,16.544864864864863,4,615,0,Champions,14,1,0.06333333333333334,Low Risk
17677,2011-12-08 09:56:00,2009-12-16 11:23:00,54,35058.46,20921,346,51.18023357664234,2,721,0,Champions,15,1,0.0,Low Risk
17678,2011-03-21 11:52:00,2010-04-15 13:54:00,2,599.76,368,27,21.419999999999998,264,339,1,At Risk,7,0,0.8233333333333334,High Risk
17679,2011-10-18 07:43:00,2009-12-03 17:32:00,7,3577.61,1755,70,44.16802469135803,53,683,0,Champions,13,1,0.016666666666666666,Low Risk
17680,2011-11-16 12:42:00,2010-07-16 16:07:00,3,497.45000000000005,155,20,24.872500000000002,24,487,0,Other,9,0,0.5666666666666667,Medium Risk
17681,2010-04-21 17:22:00,2010-01-15 11:53:00,5,731.2,450,12,52.228571428571435,597,96,1,At Risk,8,0,0.61,High Risk
17682,2011-11-29 15:59:00,2010-03-08 09:49:00,11,4065.28,2281,85,18.478545454545454,10,631,0,Champions,15,1,0.013333333333333334,Low Risk
17683,2010-11-19 10:11:00,2010-06-03 17:15:00,3,819.01,781,41,17.804565217391303,386,168,1,At Risk,8,0,0.8966666666666666,High Risk
17684,2011-10-27 11:10:00,2011-10-27 11:10:00,1,239.41,145,15,15.960666666666667,44,0,0,New / Potential,7,0,0.27,Low Risk
17685,2011-11-23 11:36:00,2010-02-11 13:44:00,12,5454.95,3474,124,27.550252525252525,17,649,0,Champions,15,1,0.0033333333333333335,Low Risk
17686,2011-12-02 15:39:00,2010-06-24 09:49:00,9,8296.81,3583,283,19.339883449883448,7,526,0,Champions,15,1,0.06333333333333334,Low Risk
17687,2010-10-15 12:30:00,2010-10-15 12:30:00,1,432.68,210,26,16.641538461538463,421,0,1,Other,5,0,0.9433333333333334,High Risk
17688,2010-11-11 10:41:00,2010-11-11 10:41:00,1,304.2,114,19,16.010526315789473,394,0,1,Other,6,0,0.9633333333333334,High Risk
17689,2010-11-16 13:22:00,2010-08-22 13:54:00,2,317.08,300,17,14.412727272727272,388,85,1,At Risk,7,0,0.69,High Risk
17690,2011-11-09 15:17:00,2010-02-03 14:26:00,20,6963.8,2939,237,19.34388888888889,30,644,0,Champions,14,1,0.0,Low Risk
17691,2010-12-16 17:20:00,2010-06-11 11:50:00,4,637.55,315,37,14.826744186046511,358,188,1,At Risk,9,0,0.8,High Risk
17692,2011-08-04 14:01:00,2010-06-17 11:14:00,12,2975.8,2338,90,18.36913580246914,127,413,1,Loyal Customers,13,1,0.17333333333333334,Low Risk
17693,2011-07-25 15:48:00,2011-07-25 15:48:00,1,200.47,231,16,12.529375,137,0,1,Other,6,0,0.8566666666666667,High Risk
17694,2011-07-21 12:00:00,2010-05-26 08:27:00,3,1695.97,1493,54,20.937901234567903,142,421,1,High Value Customers,10,0,0.7433333333333333,High Risk
17695,2011-07-31 10:40:00,2010-01-28 09:27:00,5,1746.04,1809,46,28.623606557377048,132,549,1,Loyal Customers,11,1,0.82,High Risk
17696,2011-11-01 13:43:00,2009-12-10 17:09:00,27,7679.59,5891,191,21.039972602739727,38,690,0,Champions,14,1,0.0,Low Risk
17697,2011-04-17 15:40:00,2011-04-17 15:40:00,1,338.95,93,19,17.839473684210525,236,0,1,Other,6,0,0.96,High Risk
17698,2011-03-24 11:34:00,2011-03-24 11:34:00,1,154.95,93,8,19.36875,261,0,1,Other,5,0,0.96,High Risk
17699,2010-08-20 09:39:00,2010-05-27 11:53:00,2,442.0,208,17,23.263157894736842,477,84,1,At Risk,6,0,0.9166666666666666,High Risk
17700,2011-11-23 11:51:00,2009-12-01 11:37:00,14,6679.97,3469,259,18.555472222222225,17,722,0,Champions,15,1,0.0,Low Risk
17701,2011-04-01 12:25:00,2011-04-01 12:25:00,1,417.95,109,24,17.414583333333333,253,0,1,Other,6,0,0.5066666666666667,Medium Risk
17702,2011-11-09 16:03:00,2010-11-04 12:09:00,6,3144.04,2153,120,20.549281045751634,30,370,0,Champions,13,1,0.35,Medium Risk
17703,2011-11-04 15:51:00,2010-10-17 16:16:00,4,1094.84,897,63,14.036410256410255,35,382,0,Loyal Customers,11,1,0.21333333333333335,Low Risk
17704,2011-06-24 09:40:00,2011-04-14 09:28:00,2,885.19,343,27,28.554516129032258,169,71,1,Other,9,0,0.81,High Risk
17705,2011-12-06 13:45:00,2010-05-12 09:47:00,11,2083.9,1301,74,17.365833333333335,3,573,0,Champions,14,1,0.11666666666666667,Low Risk
17706,2011-12-05 13:34:00,2010-01-19 12:13:00,31,20272.15,7824,408,27.506309362279513,4,685,0,Champions,15,1,0.0,Low Risk
17707,2011-06-07 15:03:00,2009-12-07 12:19:00,8,609.3,546,9,25.3875,185,547,1,Loyal Customers,11,0,0.7866666666666666,High Risk
17708,2011-06-05 10:12:00,2010-10-12 12:13:00,4,884.1800000000001,387,57,12.11205479452055,188,235,1,Loyal Customers,10,0,0.81,High Risk
17709,2011-06-23 11:55:00,2010-04-15 14:48:00,5,671.01,295,37,16.77525,170,433,1,Loyal Customers,10,0,0.7966666666666666,High Risk
17710,2010-10-12 07:49:00,2010-10-12 07:49:00,1,293.5,158,20,14.675,424,0,1,Other,5,0,0.86,High Risk
17711,2011-11-29 11:40:00,2011-02-23 11:32:00,2,385.1,246,22,16.743478260869566,11,279,0,Other,10,0,0.2733333333333333,Low Risk
17712,2011-10-26 12:28:00,2011-10-26 12:28:00,1,522.91,215,29,18.031379310344825,45,0,0,New / Potential,8,0,0.8533333333333334,High Risk
17713,2010-11-22 16:50:00,2010-06-09 09:33:00,4,1198.09,989,55,15.764342105263157,382,166,1,At Risk,9,0,0.9166666666666666,High Risk
17714,2011-01-23 10:32:00,2010-07-14 10:41:00,5,1410.18,608,69,17.40962962962963,321,192,1,At Risk,10,0,0.84,High Risk
17715,2011-05-23 12:32:00,2010-04-26 12:17:00,2,489.59999999999997,576,1,244.79999999999998,201,392,1,At Risk,7,0,0.8166666666666667,High Risk
17716,2011-11-17 12:00:00,2009-12-02 17:18:00,24,15956.970000000001,8819,334,26.550698835274545,23,714,0,Champions,14,1,0.0033333333333333335,Low Risk
17717,2010-10-14 12:54:00,2010-10-14 12:54:00,1,376.92,344,26,14.496923076923078,421,0,1,Other,5,0,0.6933333333333334,High Risk
17718,2011-04-21 13:39:00,2010-03-05 08:01:00,2,439.18,274,22,19.094782608695652,232,412,1,At Risk,7,0,0.7233333333333334,High Risk
17719,2011-11-02 10:36:00,2011-03-29 11:29:00,15,5396.04,2466,111,19.693576642335767,38,217,0,Champions,14,1,0.09333333333333334,Low Risk
17720,2011-11-13 15:04:00,2010-05-10 09:58:00,10,2666.91,1589,81,20.203863636363636,26,552,0,Champions,13,1,0.06333333333333334,Low Risk
17721,2010-02-18 15:18:00,2010-02-18 15:18:00,1,307.21000000000004,107,11,27.928181818181823,659,0,1,Other,5,0,0.75,High Risk
17722,2011-09-04 15:22:00,2010-11-29 09:44:00,5,3520.2200000000003,2412,163,20.23114942528736,96,279,1,Loyal Customers,12,1,0.8033333333333333,High Risk
17723,2011-08-04 18:37:00,2010-11-29 10:35:00,7,3378.4000000000005,912,6,281.53333333333336,127,248,1,Loyal Customers,12,1,0.87,High Risk
17724,2011-09-29 15:26:00,2011-07-24 13:26:00,3,1033.0,300,38,25.825,71,67,0,Other,9,0,0.17333333333333334,Low Risk
17725,2011-11-23 16:34:00,2011-03-17 19:47:00,11,3439.08,2162,115,17.911875,16,250,0,Champions,15,1,0.13,Low Risk
17726,2010-11-09 13:37:00,2010-01-26 14:58:00,7,1092.06,444,52,17.0634375,395,286,1,At Risk,9,0,0.8866666666666667,High Risk
17727,2011-11-24 17:06:00,2011-11-24 17:06:00,1,1060.25,645,66,16.064393939393938,15,0,0,New / Potential,10,0,0.6566666666666666,High Risk
17728,2011-12-06 08:52:00,2010-09-12 14:58:00,5,4238.76,2146,196,17.371967213114754,4,449,0,Champions,14,1,0.15,Low Risk
17729,2010-04-22 15:03:00,2010-04-22 15:03:00,1,438.65000000000003,247,23,19.071739130434786,596,0,1,Other,5,0,0.9133333333333333,High Risk
17730,2011-12-06 15:43:00,2010-04-29 11:48:00,20,7773.8,5300,177,24.757324840764333,3,586,0,Champions,15,1,0.023333333333333334,Low Risk
17731,2011-09-21 15:02:00,2010-02-09 12:37:00,6,1708.99,707,82,17.262525252525254,79,589,0,Loyal Customers,11,1,0.22333333333333333,Low Risk
17732,2010-12-02 09:29:00,2010-08-09 08:41:00,8,2166.42,1058,90,17.757540983606557,373,115,1,At Risk,11,1,0.8233333333333334,High Risk
17733,2011-11-01 08:16:00,2011-03-23 09:54:00,2,692.19,463,33,19.776857142857143,39,222,0,Other,10,0,0.24,Low Risk
17734,2011-10-17 12:33:00,2010-03-07 13:55:00,6,1442.32,741,76,16.771162790697673,54,588,0,Champions,12,1,0.07333333333333333,Low Risk
17735,2011-12-07 16:47:00,2010-07-30 13:25:00,26,16790.33,10683,391,19.210903890160186,2,495,0,Champions,15,1,0.14333333333333334,Low Risk
17736,2011-11-30 15:36:00,2011-08-18 14:33:00,3,377.44,238,24,15.0976,9,104,0,Other,10,0,0.2866666666666667,Low Risk
17737,2011-11-30 15:16:00,2011-10-12 14:42:00,2,168.24,108,8,16.824,9,49,0,Other,9,0,0.30666666666666664,Medium Risk
17738,2011-11-20 15:05:00,2010-03-19 10:07:00,13,4183.56,2776,173,18.18939130434783,19,611,0,Champions,15,1,0.06333333333333334,Low Risk
17739,2011-11-28 09:12:00,2009-12-07 10:48:00,18,7730.59,2335,56,51.88315436241611,12,720,0,Champions,15,1,0.0,Low Risk
17740,2010-11-15 16:33:00,2010-01-11 13:11:00,6,426.90000000000003,222,5,47.43333333333334,389,308,1,At Risk,8,0,0.88,High Risk
17741,2010-10-29 11:59:00,2010-05-28 12:11:00,2,101.1,114,6,16.849999999999998,407,153,1,At Risk,6,0,0.6833333333333333,High Risk
17742,2011-08-18 15:28:00,2009-12-01 13:16:00,11,2098.48,653,52,24.688,113,625,1,Loyal Customers,12,1,0.23333333333333334,Low Risk
17743,2010-09-17 14:54:00,2010-09-17 14:54:00,1,229.2,96,3,76.39999999999999,448,0,1,Other,4,0,0.82,High Risk
17744,2011-12-06 12:11:00,2010-11-24 09:34:00,7,2649.14,3826,121,17.543973509933775,4,377,0,Champions,13,1,0.14333333333333334,Low Risk
17745,2010-08-19 12:30:00,2010-06-02 09:03:00,2,600.34,164,27,21.440714285714286,478,78,1,At Risk,6,0,0.8966666666666666,High Risk
17746,2011-04-13 14:31:00,2010-04-08 12:54:00,4,904.1800000000001,688,32,25.116111111111113,240,370,1,At Risk,9,0,0.5266666666666666,Medium Risk
17747,2011-08-19 08:13:00,2011-08-19 08:13:00,1,71.4,12,1,71.4,113,0,1,Other,6,0,1.0,High Risk
17748,2010-06-30 13:49:00,2010-06-30 13:49:00,1,358.15,111,17,21.06764705882353,527,0,1,Other,5,0,0.9766666666666667,High Risk
17749,2011-06-14 15:45:00,2010-06-11 14:56:00,3,1026.18,446,52,18.003157894736844,178,368,1,Other,9,0,0.8066666666666666,High Risk
17750,2011-12-04 14:09:00,2011-06-28 15:44:00,9,1710.45,3747,101,9.29592391304348,5,158,0,Champions,14,1,0.18,Low Risk
17751,2010-10-14 13:57:00,2010-10-14 13:57:00,1,157.85999999999999,147,31,4.9331249999999995,421,0,1,Other,4,0,0.8,High Risk
17752,2010-12-15 16:19:00,2010-12-15 16:19:00,1,80.64,192,1,80.64,359,0,1,Other,5,0,0.8810860472766577,High Risk
17753,2010-09-01 15:49:00,2010-01-06 14:20:00,4,382.06,124,63,5.5371014492753625,464,238,1,At Risk,7,0,0.9066666666666666,High Risk
17754,2011-12-09 11:20:00,2009-12-11 15:52:00,13,4451.22,4366,185,19.960627802690585,1,727,0,Champions,15,1,0.0,Low Risk
17756,2010-11-29 12:20:00,2010-11-10 12:54:00,3,728.75,399,54,8.675595238095237,376,18,1,At Risk,8,0,0.7766666666666666,High Risk
17757,2011-12-08 15:31:00,2010-01-13 15:56:00,56,9074.05,5011,362,7.218814638027048,1,693,0,Champions,15,1,0.0,Low Risk
17758,2011-11-20 14:45:00,2010-05-20 13:18:00,12,4964.03,3199,403,9.401571969696969,19,549,0,Champions,15,1,0.1,Low Risk
17759,2011-11-22 16:02:00,2010-05-05 11:40:00,5,1261.88,965,114,9.487819548872181,17,566,0,Champions,13,1,0.08666666666666667,Low Risk
17760,2011-11-18 10:56:00,2010-02-28 12:15:00,6,746.39,531,58,11.140149253731343,22,627,0,Loyal Customers,11,1,0.03,Low Risk
17761,2011-11-07 10:23:00,2011-11-07 10:23:00,1,712.78,398,19,37.514736842105265,33,0,0,New / Potential,9,0,0.21333333333333335,Low Risk
17762,2010-09-09 17:40:00,2010-09-09 17:40:00,1,129.75,129,16,7.632352941176471,456,0,1,Other,4,0,0.95,High Risk
17763,2011-03-21 14:25:00,2010-02-18 14:32:00,4,86.15,41,11,6.153571428571429,263,395,1,At Risk,7,0,0.8333333333333334,High Risk
17764,2011-10-20 11:03:00,2009-12-03 14:28:00,5,1513.57,674,126,10.158187919463087,51,685,0,Champions,12,1,0.02,Low Risk
17765,2011-07-04 12:41:00,2010-09-17 12:45:00,4,524.0,195,71,6.469135802469136,159,289,1,Loyal Customers,9,0,0.89,High Risk
17766,2010-11-23 14:29:00,2010-11-23 14:17:00,2,299.61,155,21,13.618636363636364,381,0,1,At Risk,7,0,0.9666666666666667,High Risk
17767,2011-11-24 14:42:00,2010-10-25 16:22:00,2,413.05,198,35,10.591025641025642,15,394,0,Other,10,0,0.20333333333333334,Low Risk
17768,2011-12-01 13:22:00,2009-12-02 12:26:00,7,3292.73,2339,134,18.091923076923077,8,729,0,Champions,14,1,0.0,Low Risk
17769,2011-11-27 11:18:00,2010-01-19 11:33:00,17,7053.38,3157,330,12.098421955403088,13,676,0,Champions,15,1,0.0033333333333333335,Low Risk
17770,2011-05-25 12:34:00,2011-03-02 13:35:00,5,1143.27,365,33,30.086052631578948,199,83,1,At Risk,9,0,0.8,High Risk
17771,2011-10-14 11:43:00,2010-04-29 13:21:00,4,387.41,373,63,5.6146376811594205,57,532,0,Loyal Customers,10,0,0.05333333333333334,Low Risk
17772,2011-11-29 11:05:00,2010-11-12 11:31:00,3,360.75,113,94,3.7578125,11,381,0,Other,10,0,0.22333333333333333,Low Risk
17773,2010-07-13 14:07:00,2010-01-18 14:32:00,2,575.37,254,48,10.461272727272727,514,175,1,At Risk,6,0,0.9066666666666666,High Risk
17774,2011-09-04 12:49:00,2010-02-08 16:06:00,9,3273.83,1585,286,8.246423173803526,97,572,1,Loyal Customers,13,1,0.7366666666666667,High Risk
17775,2011-03-30 10:50:00,2011-03-30 10:50:00,1,56.4,72,3,18.8,255,0,1,Other,5,0,0.9366666666666666,High Risk
17776,2010-11-18 12:14:00,2009-12-16 14:59:00,2,330.56,273,74,4.132,387,336,1,At Risk,7,0,0.9066666666666666,High Risk
17777,2011-11-15 12:02:00,2011-08-31 14:35:00,3,647.56,501,141,3.408210526315789,25,75,0,Other,10,0,0.16666666666666666,Low Risk
17778,2010-02-16 12:44:00,2010-02-16 12:44:00,1,197.70000000000002,214,10,19.770000000000003,662,0,1,Other,4,0,0.8466666666666667,High Risk
17779,2011-11-18 14:15:00,2011-07-19 12:19:00,3,650.32,396,73,8.028641975308643,21,122,0,Other,10,0,0.21666666666666667,Low Risk
17780,2010-02-10 13:43:00,2010-01-24 11:21:00,3,346.56,156,76,4.386835443037975,667,17,1,At Risk,6,0,0.92,High Risk
17781,2011-07-03 16:00:00,2011-03-31 19:54:00,2,188.02,34,12,15.668333333333335,159,93,1,Other,7,0,0.94,High Risk
17782,2010-11-22 11:15:00,2010-11-22 10:03:00,2,679.02,538,29,23.41448275862069,383,0,1,At Risk,8,0,0.78,High Risk
17783,2011-09-28 16:07:00,2010-07-15 12:50:00,3,376.96,438,91,4.142417582417583,72,440,0,Other,8,0,0.12,Low Risk
17784,2010-06-07 16:08:00,2010-06-07 16:08:00,1,112.86,72,19,4.90695652173913,550,0,1,Other,4,0,0.9133333333333333,High Risk
17785,2011-10-17 13:43:00,2010-05-23 13:01:00,3,403.38,227,48,7.909411764705882,53,512,0,Other,9,0,0.10333333333333333,Low Risk
17786,2011-09-15 12:51:00,2011-01-26 14:35:00,2,266.85,195,57,3.9242647058823534,85,231,0,Other,7,0,0.7533333333333333,High Risk
17787,2011-07-10 11:24:00,2010-12-03 13:43:00,4,1817.54,896,94,14.19953125,153,218,1,Loyal Customers,11,0,0.86,High Risk
17788,2011-09-27 10:09:00,2011-08-02 10:38:00,2,1117.9,211,3,223.58,74,55,0,Other,9,0,0.2733333333333333,Low Risk
17789,2011-03-03 13:14:00,2010-02-16 13:16:00,2,397.15,199,27,13.694827586206896,281,379,1,At Risk,7,0,0.8466666666666667,High Risk
17790,2011-11-13 11:30:00,2010-06-13 13:30:00,20,2779.41,1387,188,9.203344370860927,27,517,0,Champions,13,1,0.5266666666666666,Medium Risk
17791,2011-11-10 12:09:00,2011-11-10 12:09:00,1,106.1,46,10,10.61,30,0,0,New / Potential,7,0,0.3566666666666667,Medium Risk
17792,2010-08-29 14:30:00,2010-08-18 13:08:00,2,368.35,149,45,7.0836538461538465,467,11,1,At Risk,6,0,0.6666666666666666,High Risk
17793,2011-11-14 14:24:00,2011-11-14 14:24:00,1,300.34,226,49,5.77576923076923,25,0,0,New / Potential,8,0,0.27666666666666667,Low Risk
17794,2010-01-22 10:18:00,2010-01-20 12:17:00,2,147.3,46,7,21.042857142857144,687,1,1,At Risk,5,0,0.8666666666666667,High Risk
17795,2011-06-13 12:36:00,2011-03-20 12:02:00,2,342.83,305,43,7.618444444444444,180,85,1,Other,8,0,0.89,High Risk
17796,2011-10-30 15:38:00,2010-10-14 13:37:00,7,1236.39,347,149,6.090591133004927,40,381,0,Champions,12,1,0.09333333333333334,Low Risk
17797,2011-11-17 13:21:00,2009-12-15 14:30:00,8,1971.8700000000001,1086,222,7.276273062730628,22,701,0,Champions,13,1,0.0033333333333333335,Low Risk
17798,2010-05-07 11:42:00,2010-05-07 11:42:00,1,178.07,138,43,3.957111111111111,582,0,1,Other,4,0,0.6966666666666667,High Risk
17799,2011-11-17 15:16:00,2009-12-13 16:03:00,20,6246.93,3674,478,6.910320796460177,22,703,0,Champions,14,1,0.0,Low Risk
17800,2011-11-02 12:57:00,2011-01-09 13:50:00,9,1187.21,732,51,11.526310679611651,37,296,0,Loyal Customers,12,1,0.2733333333333333,Low Risk
17801,2010-09-14 14:32:00,2010-01-17 11:31:00,3,770.03,820,66,9.506543209876543,451,240,1,At Risk,7,0,0.87,High Risk
17802,2011-09-18 14:56:00,2009-12-13 13:39:00,10,4946.22,2705,283,9.439351145038168,82,644,0,Loyal Customers,13,1,0.006666666666666667,Low Risk
17803,2010-11-12 13:53:00,2010-11-12 13:53:00,1,184.66,98,27,6.839259259259259,392,0,1,Other,5,0,0.9866666666666667,High Risk
17804,2010-11-28 14:01:00,2009-12-01 12:22:00,3,383.78000000000003,194,82,4.217362637362638,376,362,1,At Risk,7,0,0.5233333333333333,Medium Risk
17805,2011-09-27 11:49:00,2010-04-08 14:36:00,2,927.03,1126,10,84.27545454545454,74,536,0,Other,9,0,0.21,Low Risk
17806,2011-11-28 14:12:00,2011-11-28 14:12:00,1,546.04,727,43,12.698604651162789,11,0,0,New / Potential,9,0,0.38333333333333336,Medium Risk
17807,2010-11-09 16:21:00,2010-01-04 14:00:00,3,437.87,262,88,4.9198876404494385,395,309,1,At Risk,7,0,0.9,High Risk
17808,2010-06-09 10:44:00,2010-05-07 16:26:00,4,262.64,143,29,7.958787878787878,549,32,1,At Risk,6,0,0.9,High Risk
17809,2011-11-23 12:59:00,2009-12-02 14:52:00,20,10085.89,2995,59,103.97824742268041,16,720,0,Champions,15,1,0.0,Low Risk
17810,2010-02-09 10:47:00,2010-01-25 10:26:00,2,373.16,118,51,6.784727272727273,669,15,1,At Risk,6,0,0.8733333333333333,High Risk
17811,2011-12-05 13:46:00,2010-09-20 11:24:00,47,9519.8,5278,538,8.263715277777777,4,441,0,Champions,15,1,0.043333333333333335,Low Risk
17812,2011-11-27 11:47:00,2010-06-27 13:34:00,7,911.99,444,162,4.8253439153439155,13,517,0,Loyal Customers,12,1,0.4266666666666667,Medium Risk
17813,2011-11-25 16:13:00,2011-09-29 15:57:00,5,1698.07,752,297,4.879511494252873,14,57,0,Champions,13,1,0.31333333333333335,Medium Risk
17814,2010-11-29 14:21:00,2010-10-13 14:03:00,2,1609.37,1435,112,11.254335664335663,375,47,1,At Risk,9,0,0.7566666666666667,High Risk
17815,2010-11-11 14:39:00,2010-11-11 14:39:00,1,591.96,612,13,45.535384615384615,393,0,1,Other,6,0,0.84,High Risk
17816,2011-11-03 11:34:00,2009-12-15 15:27:00,6,96.11,80,41,2.1357777777777778,37,687,0,Loyal Customers,9,0,0.09333333333333334,Low Risk
17817,2011-12-05 14:39:00,2010-10-13 15:07:00,6,788.15,353,115,5.8817164179104475,4,417,0,Loyal Customers,12,1,0.5733333333333334,Medium Risk
17818,2009-12-02 11:34:00,2009-12-02 11:34:00,1,124.78,86,42,2.970952380952381,738,0,1,Other,4,0,0.94,High Risk
17819,2011-09-29 10:52:00,2009-12-13 15:24:00,12,6021.05,1610,66,67.65224719101124,72,654,0,Loyal Customers,13,1,0.006666666666666667,Low Risk
17820,2010-11-30 17:43:00,2010-11-30 17:43:00,1,180.60999999999999,111,39,4.4051219512195114,374,0,1,Other,5,0,0.8966666666666666,High Risk
17821,2010-10-29 13:20:00,2010-10-29 13:20:00,1,334.62,162,6,55.77,406,0,1,Other,6,0,0.9766666666666667,High Risk
17822,2010-10-15 13:47:00,2010-05-28 12:15:00,5,2162.93,1375,152,12.798402366863904,420,140,1,At Risk,9,0,0.7433333333333333,High Risk
17823,2010-10-14 16:24:00,2010-10-14 16:14:00,2,449.25,252,88,4.4925,421,0,1,At Risk,6,0,0.9066666666666666,High Risk
17824,2011-10-19 14:14:00,2011-10-19 14:14:00,1,298.4,408,13,22.95384615384615,51,0,0,New / Potential,8,0,0.24,Low Risk
17825,2010-04-20 12:01:00,2009-12-14 12:09:00,4,701.96,516,24,25.99851851851852,599,126,1,At Risk,8,0,0.8666666666666667,High Risk
17826,2010-11-30 13:23:00,2010-11-30 13:23:00,1,133.34,84,33,4.040606060606061,374,0,1,Other,5,0,0.9033333333333333,High Risk
17827,2011-12-04 15:00:00,2010-03-28 12:20:00,6,2376.17,1582,240,8.456120996441282,5,616,0,Champions,13,1,0.18666666666666668,Low Risk
17828,2011-11-17 08:41:00,2011-06-08 08:31:00,4,1820.09,667,54,27.1655223880597,23,162,0,Champions,12,1,0.7133333333333334,High Risk
17829,2011-02-14 12:46:00,2010-02-22 15:39:00,5,4756.74,3009,121,27.817192982456138,299,356,1,At Risk,11,1,0.8033333333333333,High Risk
17830,2011-12-08 12:28:00,2011-02-24 10:15:00,3,398.7,92,18,17.33478260869565,2,287,0,Other,10,1,0.25333333333333335,Low Risk
17831,2011-11-06 15:09:00,2011-11-06 15:09:00,1,35.400000000000006,12,2,17.700000000000003,33,0,0,New / Potential,7,0,0.3233333333333333,Medium Risk
17832,2011-10-21 11:43:00,2011-10-21 11:43:00,1,155.37,208,61,2.547049180327869,50,0,0,New / Potential,7,0,0.07333333333333333,Low Risk
17833,2009-12-16 13:40:00,2009-12-16 13:40:00,1,338.46000000000004,143,28,10.918064516129034,723,0,1,Other,5,0,0.98,High Risk
17834,2010-10-21 12:09:00,2010-09-20 15:32:00,2,689.6700000000001,639,54,11.890862068965518,415,30,1,At Risk,7,0,0.8133333333333334,High Risk
17835,2011-12-07 11:48:00,2011-11-16 16:30:00,3,342.24,344,45,5.800677966101695,3,20,0,Other,10,1,0.17333333333333334,Low Risk
17836,2011-10-23 16:13:00,2011-10-23 16:13:00,1,110.21000000000001,88,23,4.592083333333334,47,0,0,New / Potential,7,0,0.31,Medium Risk
17837,2011-10-28 16:13:00,2011-06-29 16:44:00,8,1541.23,510,110,9.513765432098765,42,120,0,Champions,13,1,0.21333333333333335,Low Risk
17838,2011-11-13 11:20:00,2010-03-19 09:53:00,13,5604.64,3491,141,22.065511811023622,27,604,0,Champions,14,1,0.013333333333333334,Low Risk
17839,2011-10-28 17:27:00,2011-10-28 17:27:00,1,318.15,257,50,6.11826923076923,42,0,0,New / Potential,8,0,0.2966666666666667,Low Risk
17840,2010-09-22 12:24:00,2010-09-22 12:24:00,1,175.9,128,44,3.5180000000000002,444,0,1,Other,4,0,0.8333333333333334,High Risk
17841,2011-12-08 12:07:00,2009-12-02 15:41:00,211,68545.25,36584,2116,5.512283876156011,2,735,0,Champions,15,1,0.0,Low Risk
17842,2010-04-16 14:23:00,2010-04-16 14:23:00,1,430.69,89,18,23.927222222222223,602,0,1,Other,5,0,0.8233333333333334,High Risk
17843,2011-02-09 15:33:00,2010-10-24 10:56:00,2,320.4,251,58,5.16774193548387,303,108,1,At Risk,7,0,0.9633333333333334,High Risk
17844,2011-08-25 11:27:00,2011-08-25 11:27:00,1,51.559999999999995,52,5,10.312,107,0,1,Other,6,0,0.9633333333333334,High Risk
17845,2010-06-02 15:20:00,2010-05-12 13:04:00,4,596.09,195,42,12.68276595744681,555,21,1,At Risk,7,0,0.8833333333333333,High Risk
17846,2011-09-15 15:20:00,2011-09-15 15:20:00,1,2033.1,1,1,2033.1,85,0,0,High Value Customers,9,0,0.42333333333333334,Medium Risk
17847,2010-07-12 10:00:00,2010-03-04 12:57:00,2,129.69,29,9,14.41,516,129,1,At Risk,5,0,0.9566666666666667,High Risk
17848,2011-09-19 16:49:00,2009-12-06 13:19:00,30,3559.11,1404,105,21.570363636363638,81,652,0,Loyal Customers,13,1,0.0033333333333333335,Low Risk
17849,2011-05-05 13:46:00,2010-03-14 15:17:00,8,1063.76,224,24,21.275199999999998,218,416,1,At Risk,10,0,0.36666666666666664,Medium Risk
17850,2010-12-02 15:27:00,2009-12-05 12:28:00,155,51208.87,21052,100,20.491744697879152,372,362,1,At Risk,12,1,0.32,Medium Risk
17851,2010-10-13 15:13:00,2009-12-03 17:46:00,6,1552.35,933,185,6.691163793103448,422,313,1,At Risk,9,0,0.8633333333333333,High Risk
17852,2011-11-28 12:36:00,2009-12-08 12:51:00,5,657.8100000000001,372,82,6.090833333333334,12,719,0,Loyal Customers,12,1,0.02666666666666667,Low Risk
17853,2010-10-28 15:29:00,2009-12-03 15:09:00,3,1596.29,625,84,15.202761904761905,407,329,1,At Risk,9,0,0.9266666666666666,High Risk
17854,2011-06-07 16:21:00,2009-12-08 11:13:00,6,1068.5,607,113,9.055084745762711,185,546,1,Loyal Customers,10,0,0.33666666666666667,Medium Risk
17855,2010-12-02 09:44:00,2010-12-02 09:44:00,1,208.97,197,17,12.292352941176471,373,0,1,Other,5,0,0.9166666666666666,High Risk
17856,2011-12-08 09:40:00,2011-03-03 11:40:00,4,1418.03,842,12,94.53533333333333,2,279,0,Champions,13,1,0.21333333333333335,Low Risk
17857,2011-12-05 13:13:00,2010-03-08 12:09:00,24,27347.04,19906,21,488.34000000000003,4,637,0,Champions,15,1,0.15,Low Risk
17858,2011-12-04 11:56:00,2009-12-06 15:41:00,30,12518.65,5383,173,33.562064343163534,6,727,0,Champions,15,1,0.0,Low Risk
17859,2011-02-08 10:32:00,2011-02-08 10:32:00,1,141.92,102,23,6.170434782608695,305,0,1,Other,5,0,0.8866666666666667,High Risk
17860,2010-12-06 12:41:00,2009-12-11 16:48:00,4,717.39,696,127,4.428333333333334,369,359,1,At Risk,9,0,0.3466666666666667,Medium Risk
17861,2011-12-06 16:21:00,2009-12-10 11:27:00,18,5088.29,4541,329,9.118799283154122,3,726,0,Champions,15,1,0.0033333333333333335,Low Risk
17862,2011-01-20 12:23:00,2010-05-25 17:22:00,4,1254.89,440,90,12.675656565656567,324,239,1,At Risk,10,0,0.86,High Risk
17863,2011-10-11 13:45:00,2010-02-25 12:01:00,12,5360.4800000000005,4676,154,21.02149019607843,59,593,0,Champions,14,1,0.06333333333333334,Low Risk
17864,2011-11-27 11:15:00,2010-10-08 11:49:00,5,876.57,1015,93,6.640681818181818,13,414,0,Loyal Customers,12,1,0.49666666666666665,Medium Risk
17865,2011-11-09 12:08:00,2009-12-01 10:49:00,46,26312.190000000002,12950,391,26.051673267326734,31,708,0,Champions,14,1,0.0,Low Risk
17866,2011-07-20 11:07:00,2009-12-14 16:01:00,3,1134.95,535,20,43.651923076923076,143,582,1,Other,9,0,0.6466666666666666,High Risk
17867,2011-11-09 14:15:00,2009-12-02 13:39:00,15,1582.0500000000002,638,119,12.169615384615385,30,707,0,Champions,13,1,0.04666666666666667,Low Risk
17868,2010-11-18 18:55:00,2010-11-18 18:55:00,1,227.15,85,18,12.619444444444445,386,0,1,Other,5,0,0.9766666666666667,High Risk
17869,2011-08-24 16:16:00,2010-06-10 13:47:00,7,813.64,491,72,10.1705,107,440,1,Loyal Customers,10,1,0.8566666666666667,High Risk
17870,2011-12-07 15:07:00,2010-11-23 11:39:00,13,2753.29,1699,215,10.122389705882354,2,379,0,Champions,14,1,0.056666666666666664,Low Risk
17871,2011-05-19 11:32:00,2010-01-15 14:48:00,5,1068.95,665,64,12.878915662650604,205,488,1,At Risk,9,0,0.31333333333333335,Medium Risk
17872,2010-11-23 12:02:00,2010-11-23 12:02:00,1,235.87,176,15,15.724666666666668,382,0,1,Other,5,0,0.9,High Risk
17873,2011-09-20 16:41:00,2009-12-16 15:11:00,18,6265.33,4159,65,37.29363095238095,80,643,0,Loyal Customers,13,1,0.03333333333333333,Low Risk
17874,2011-06-07 12:54:00,2011-03-29 11:25:00,6,683.46,221,37,14.857826086956523,185,70,1,Loyal Customers,10,0,0.85,High Risk
17875,2010-01-20 15:30:00,2010-01-20 15:30:00,1,167.1,98,25,6.426923076923076,688,0,1,Other,4,0,0.9366666666666666,High Risk
17876,2010-11-05 10:52:00,2010-02-02 13:00:00,3,3424.02,1958,3,856.005,400,275,1,At Risk,10,0,0.8866666666666667,High Risk
17877,2011-06-22 13:00:00,2011-06-22 13:00:00,1,237.61,98,12,19.800833333333333,170,0,1,Other,6,0,0.94,High Risk
17878,2011-10-27 11:24:00,2010-11-09 13:50:00,3,1378.93,1014,82,16.816219512195122,44,351,0,High Value Customers,11,1,0.14666666666666667,Low Risk
17879,2011-06-19 12:36:00,2011-06-19 12:36:00,1,178.52,45,6,29.753333333333334,174,0,1,Other,6,0,0.8433333333333334,High Risk
17880,2010-12-10 10:21:00,2009-12-09 16:13:00,3,824.9200000000001,466,43,18.331555555555557,365,365,1,At Risk,8,0,0.7533333333333333,High Risk
17881,2011-02-08 17:16:00,2011-02-08 17:16:00,1,133.35,32,8,16.66875,304,0,1,Other,5,0,0.9866666666666667,High Risk
17882,2010-11-25 14:40:00,2010-11-25 14:35:00,2,291.56,130,47,5.501132075471698,379,0,1,At Risk,7,0,0.9333333333333333,High Risk
17883,2011-12-06 17:49:00,2010-02-25 20:07:00,7,988.42,476,155,5.713410404624277,3,648,0,Loyal Customers,12,1,0.006666666666666667,Low Risk
17884,2011-12-06 11:33:00,2009-12-04 16:23:00,20,2698.47,2749,305,6.646477832512315,4,731,0,Champions,14,1,0.0,Low Risk
17885,2011-11-27 14:40:00,2011-11-27 14:40:00,1,156.34,110,50,2.949811320754717,12,0,0,New / Potential,8,0,0.30333333333333334,Medium Risk
17886,2011-11-08 10:09:00,2010-04-29 11:10:00,6,1572.55,711,138,9.473192771084337,32,557,0,Champions,12,1,0.12,Low Risk
17887,2011-08-02 17:29:00,2011-08-02 17:29:00,1,111.35,30,10,11.135,129,0,1,Other,6,0,0.92,High Risk
17888,2011-11-18 13:45:00,2009-12-21 16:34:00,25,1807.44,1536,145,11.2965,21,696,0,Champions,13,1,0.01,Low Risk
17889,2011-05-11 16:26:00,2010-03-31 10:54:00,7,746.42,403,97,6.434655172413793,212,406,1,At Risk,9,0,0.8566666666666667,High Risk
17890,2011-01-21 11:19:00,2010-12-13 15:12:00,2,586.89,402,88,6.449340659340659,323,38,1,At Risk,7,0,0.4766666666666667,Medium Risk
17891,2011-06-30 20:08:00,2011-06-30 20:08:00,1,203.85999999999999,393,34,5.995882352941176,162,0,1,Other,6,0,0.5933333333333334,Medium Risk
17892,2011-10-14 16:49:00,2011-07-07 12:56:00,3,244.1,109,27,8.717857142857143,56,99,0,Other,8,0,0.31666666666666665,Medium Risk
17893,2011-04-28 13:50:00,2011-04-28 13:50:00,1,107.21,149,15,7.147333333333333,225,0,1,Other,5,0,0.87,High Risk
17894,2011-09-29 09:23:00,2010-08-27 14:13:00,18,2304.58,938,215,5.732786069651741,72,397,0,Loyal Customers,12,1,0.19666666666666666,Low Risk
17895,2011-10-26 17:00:00,2011-10-26 17:00:00,1,95.45,127,15,6.363333333333333,44,0,0,New / Potential,7,0,0.32,Medium Risk
17896,2011-11-16 13:59:00,2011-11-16 13:59:00,1,256.32,288,2,128.16,23,0,0,New / Potential,7,0,0.2991172217905725,Low Risk
17897,2011-06-20 11:23:00,2010-05-12 16:03:00,9,2099.89,864,211,8.014847328244274,173,403,1,Loyal Customers,12,1,0.7466666666666667,High Risk
17898,2011-09-15 14:56:00,2010-05-21 17:22:00,4,299.18,251,48,5.9836,85,481,0,Loyal Customers,9,0,0.17333333333333334,Low Risk
17899,2011-07-03 14:58:00,2011-07-03 14:58:00,1,154.55,170,29,4.985483870967743,159,0,1,Other,6,0,0.87,High Risk
17900,2011-06-02 14:38:00,2011-06-02 14:28:00,2,112.19999999999999,73,4,18.7,190,0,1,At Risk,6,0,0.86,High Risk
17901,2011-11-10 17:29:00,2010-07-06 10:54:00,3,260.08,38,22,11.82181818181818,29,492,0,Other,8,0,0.2,Low Risk
17902,2010-06-11 12:25:00,2010-06-11 12:25:00,1,216.4,526,24,9.016666666666667,547,0,1,Other,4,0,0.7733333333333333,High Risk
17903,2010-11-10 15:39:00,2010-11-10 15:39:00,1,381.09000000000003,142,44,8.468666666666667,394,0,1,Other,6,0,0.7833333333333333,High Risk
17904,2011-11-18 12:57:00,2011-11-18 12:57:00,1,181.07,59,33,5.325588235294117,21,0,0,New / Potential,7,0,0.32,Medium Risk
17905,2011-09-29 17:33:00,2010-01-28 17:54:00,13,2178.87,1299,129,14.92376712328767,71,608,0,Loyal Customers,12,1,0.04666666666666667,Low Risk
17906,2011-04-06 17:25:00,2011-04-06 17:25:00,1,72.9,26,12,6.075,247,0,1,Other,5,0,0.9533333333333334,High Risk
17907,2010-03-09 12:33:00,2010-03-09 12:33:00,1,291.76,1046,13,22.443076923076923,641,0,1,Other,5,0,0.9166666666666666,High Risk
17908,2010-12-01 11:45:00,2009-12-14 12:24:00,5,1142.47,670,178,5.492644230769231,374,351,1,At Risk,9,0,0.8166666666666667,High Risk
17909,2009-12-02 13:10:00,2009-12-02 13:10:00,1,110.05,35,8,13.75625,737,0,1,Other,4,0,0.9633333333333334,High Risk
17910,2009-12-13 16:04:00,2009-12-13 16:04:00,1,261.7,121,25,10.065384615384614,726,0,1,Other,4,0,0.98,High Risk
17911,2011-11-30 14:52:00,2011-11-30 14:52:00,1,366.23,223,39,9.390512820512821,9,0,0,New / Potential,9,0,0.16666666666666666,Low Risk
17912,2011-02-02 14:25:00,2010-11-29 13:53:00,6,374.55,215,48,7.344117647058824,310,65,1,At Risk,8,0,0.7466666666666667,High Risk
17913,2011-10-12 10:45:00,2009-12-03 13:02:00,14,3429.29,1725,224,7.358991416309013,59,677,0,Champions,14,1,0.013333333333333334,Low Risk
17914,2011-12-06 11:58:00,2011-12-06 11:58:00,1,329.36,457,72,4.391466666666667,4,0,0,New / Potential,9,0,0.10333333333333333,Low Risk
17915,2010-06-06 13:22:00,2010-06-06 13:22:00,1,225.78,184,27,7.785517241379311,551,0,1,Other,4,0,0.54,Medium Risk
17916,2010-03-21 12:26:00,2009-12-06 14:10:00,2,43.87,90,15,2.3089473684210526,629,104,1,At Risk,5,0,0.6133333333333333,High Risk
17917,2011-10-25 13:20:00,2010-12-12 12:08:00,3,335.03,184,77,3.6416304347826083,45,317,0,Other,9,0,0.26666666666666666,Low Risk
17918,2010-07-27 11:51:00,2010-07-22 14:20:00,3,396.39,352,34,9.909749999999999,501,4,1,At Risk,6,0,0.8633333333333333,High Risk
17919,2011-09-12 13:41:00,2010-09-27 10:40:00,2,1840.3200000000002,1452,37,46.008,88,350,0,High Value Customers,10,0,0.20333333333333334,Low Risk
17920,2011-12-05 14:29:00,2009-12-06 10:37:00,54,23581.78,12265,715,14.379134146341462,4,729,0,Champions,15,1,0.006666666666666667,Low Risk
17921,2011-10-06 18:56:00,2010-07-15 20:05:00,10,2394.36,991,230,6.651000000000001,64,447,0,Loyal Customers,12,1,0.14,Low Risk
17922,2010-06-14 16:32:00,2010-06-14 16:32:00,1,170.4,49,8,21.3,543,0,1,Other,4,0,0.85,High Risk
17923,2011-03-02 15:15:00,2010-06-13 13:58:00,3,497.0,140,2,165.66666666666666,282,262,1,At Risk,7,0,0.88,High Risk
17924,2011-11-28 09:11:00,2010-10-21 12:17:00,8,3257.7000000000003,1208,27,98.71818181818183,12,402,0,Champions,15,1,0.24,Low Risk
17925,2010-12-02 10:10:00,2010-12-02 10:10:00,1,244.08,72,1,244.08,373,0,1,Other,5,0,0.8883049766056998,High Risk
17926,2011-07-29 14:39:00,2010-05-09 14:07:00,5,1035.49,572,27,23.533863636363638,133,446,1,Loyal Customers,10,0,0.53,Medium Risk
17927,2009-12-18 11:03:00,2009-12-18 11:03:00,1,294.0,108,10,29.4,722,0,1,Other,5,0,0.9166666666666666,High Risk
17928,2011-10-25 13:52:00,2010-05-17 15:30:00,3,341.24,222,27,12.638518518518518,45,525,0,Other,9,0,0.2,Low Risk
17929,2011-11-28 16:01:00,2009-12-09 11:40:00,12,3082.1,434,6,205.47333333333333,11,719,0,Champions,15,1,0.14333333333333334,Low Risk
17930,2011-11-04 10:23:00,2010-03-04 10:41:00,13,4275.22,3795,39,49.140459770114944,36,609,0,Champions,14,1,0.23666666666666666,Low Risk
17931,2011-07-28 18:33:00,2010-02-16 15:47:00,14,3402.2400000000002,1919,274,9.692991452991453,134,527,1,Loyal Customers,13,1,0.73,High Risk
17932,2011-11-10 19:49:00,2011-05-12 13:58:00,3,1331.57,789,84,14.795222222222222,29,182,0,High Value Customers,11,1,0.3566666666666667,Medium Risk
17933,2010-03-17 15:11:00,2010-03-17 15:11:00,1,114.69,63,12,8.192142857142857,632,0,1,Other,4,0,0.99,High Risk
17934,2011-10-19 11:16:00,2010-10-29 12:23:00,3,1049.15,628,36,25.589024390243903,52,354,0,Other,10,0,0.17666666666666667,Low Risk
17935,2011-07-24 13:18:00,2009-12-04 14:33:00,7,686.14,244,60,10.7209375,138,596,1,Loyal Customers,10,0,0.71,High Risk
17936,2011-12-04 13:32:00,2011-12-04 13:32:00,1,380.13,257,68,5.279583333333333,5,0,0,New / Potential,9,0,0.8,High Risk
17937,2011-12-01 11:45:00,2010-12-12 14:43:00,7,4301.22,1754,19,100.02837209302326,9,353,0,Champions,14,1,0.15333333333333332,Low Risk
17938,2010-10-15 14:27:00,2010-10-15 14:27:00,1,144.29,53,29,4.97551724137931,420,0,1,Other,4,0,0.74,High Risk
17939,2011-07-03 12:27:00,2011-07-03 12:27:00,1,99.14,40,12,8.261666666666667,160,0,1,Other,6,0,0.9966666666666667,High Risk
17940,2011-10-21 13:27:00,2009-12-03 12:31:00,16,30306.79,85148,11,865.9082857142857,49,687,0,Champions,14,1,0.04,Low Risk
17941,2011-08-01 08:30:00,2010-01-06 15:37:00,4,1433.28,1108,5,204.75428571428571,131,571,1,Loyal Customers,11,0,0.76,High Risk
17942,2011-12-02 10:45:00,2011-12-02 10:45:00,1,77.50000000000001,38,2,38.75000000000001,8,0,0,New / Potential,8,0,0.7466666666666667,High Risk
17944,2010-10-12 16:25:00,2010-10-12 16:25:00,1,74.99,84,24,2.9995999999999996,423,0,1,Other,4,0,0.9166666666666666,High Risk
17945,2010-01-12 11:40:00,2010-01-12 11:33:00,3,360.35,244,66,5.004861111111111,697,0,1,At Risk,6,0,0.9,High Risk
17946,2011-04-20 17:00:00,2011-03-25 14:34:00,2,149.57999999999998,75,18,7.478999999999999,233,26,1,At Risk,6,0,0.9533333333333334,High Risk
17947,2011-11-02 13:05:00,2011-11-02 13:05:00,1,176.68,168,9,19.63111111111111,37,0,0,New / Potential,7,0,0.22666666666666666,Low Risk
17948,2011-07-15 12:58:00,2011-07-15 12:58:00,1,358.56000000000006,144,1,358.56000000000006,147,0,1,Other,7,0,0.865727175001972,High Risk
17949,2011-12-08 18:46:00,2009-12-02 11:07:00,118,117314.08,60538,58,752.0133333333333,1,736,0,Champions,15,1,0.0033333333333333335,Low Risk
17950,2011-09-28 15:18:00,2010-01-04 17:39:00,7,1166.29,659,133,7.068424242424242,72,631,0,Loyal Customers,10,1,0.04666666666666667,Low Risk
17951,2011-10-31 12:30:00,2010-10-31 15:15:00,4,1340.5800000000002,780,24,47.877857142857145,40,364,0,Champions,12,1,0.18666666666666668,Low Risk
17952,2010-11-26 13:54:00,2010-06-16 11:54:00,4,788.46,477,85,8.045510204081634,378,163,1,At Risk,9,0,0.8366666666666667,High Risk
17953,2010-06-17 15:08:00,2010-06-17 15:08:00,1,159.17000000000002,98,20,7.958500000000001,540,0,1,Other,4,0,0.99,High Risk
17954,2011-12-04 14:15:00,2009-12-09 13:22:00,19,3804.38,3180,479,5.1202960969044415,5,725,0,Champions,15,1,0.0,Low Risk
17955,2011-05-25 12:00:00,2010-02-12 16:27:00,6,949.9,681,16,43.17727272727273,199,466,1,At Risk,9,0,0.93,High Risk
17956,2011-04-04 13:47:00,2011-04-04 13:47:00,1,12.75,1,1,12.75,249,0,1,Other,5,0,0.9833333333333333,High Risk
17957,2011-10-04 14:58:00,2011-10-04 14:58:00,1,111.68,287,31,3.6025806451612907,66,0,0,Other,6,0,0.4666666666666667,Medium Risk
17958,2011-08-15 12:19:00,2009-12-11 15:37:00,2,973.88,284,35,27.052222222222223,117,611,1,Other,9,0,0.7233333333333334,High Risk
17959,2010-04-26 14:12:00,2010-04-26 14:12:00,1,140.75,49,2,70.375,592,0,1,Other,4,0,0.9466666666666667,High Risk
17960,2011-06-21 14:15:00,2010-03-08 12:22:00,3,135.08,60,37,3.6508108108108113,171,470,1,Other,7,0,0.54,Medium Risk
17961,2011-11-18 16:55:00,2009-12-01 14:48:00,100,2866.74,1491,486,4.550380952380952,21,717,0,Champions,13,1,0.02,Low Risk
17962,2011-07-20 14:16:00,2010-01-13 15:24:00,4,666.96,633,146,3.6445901639344265,142,552,1,Loyal Customers,10,0,0.6666666666666666,High Risk
17963,2010-08-25 15:58:00,2010-01-19 17:25:00,4,643.16,341,98,5.900550458715596,471,217,1,At Risk,8,0,0.8733333333333333,High Risk
17964,2011-11-08 10:44:00,2010-12-02 13:32:00,2,463.21,294,84,4.726632653061224,32,340,0,Other,9,0,0.6033333333333334,High Risk
17965,2011-11-02 09:31:00,2009-12-14 13:19:00,29,7006.65,4383,588,8.576070991432069,38,687,0,Champions,14,1,0.01,Low Risk
17966,2011-11-02 10:26:00,2010-01-18 13:24:00,10,1963.92,3918,82,17.37982300884956,38,652,0,Champions,13,1,0.01,Low Risk
17967,2010-12-03 11:19:00,2010-10-19 13:19:00,2,223.42,111,59,3.6626229508196717,372,44,1,At Risk,6,0,0.94,High Risk
17968,2010-12-01 12:23:00,2010-07-15 15:01:00,4,590.44,352,106,4.6128125,374,138,1,At Risk,8,0,0.8866666666666667,High Risk
17969,2011-06-26 13:00:00,2009-12-06 13:53:00,20,2354.29,1014,113,11.540637254901961,166,566,1,Loyal Customers,12,1,0.7266666666666667,High Risk
17970,2011-05-12 20:03:00,2011-05-12 20:03:00,1,562.79,513,27,19.40655172413793,211,0,1,Other,6,0,0.9533333333333334,High Risk
17971,2010-06-09 14:04:00,2010-06-09 14:04:00,1,161.94,62,21,7.711428571428572,548,0,1,Other,4,0,0.9933333333333333,High Risk
17972,2011-04-12 12:16:00,2011-04-12 12:16:00,1,135.19,36,30,4.506333333333333,242,0,1,Other,5,0,0.9466666666666667,High Risk
17973,2011-10-19 10:34:00,2011-10-19 10:34:00,1,337.04,176,15,22.469333333333335,52,0,0,New / Potential,8,0,0.29333333333333333,Low Risk
17974,2011-11-15 11:37:00,2010-10-28 20:03:00,6,1739.09,1189,279,4.817423822714681,25,382,0,Champions,12,1,0.16333333333333333,Low Risk
17975,2011-11-24 13:27:00,2010-08-06 11:24:00,24,6696.33,2179,243,14.36980686695279,15,475,0,Champions,15,1,0.33,Medium Risk
17976,2010-12-02 13:49:00,2010-12-02 13:49:00,1,321.79,93,56,5.645438596491228,372,0,1,Other,6,0,0.8466666666666667,High Risk
17977,2011-11-10 13:28:00,2010-11-04 14:26:00,2,1511.45,1948,94,14.533173076923077,29,370,0,High Value Customers,11,0,0.15333333333333332,Low Risk
17978,2010-12-09 14:05:00,2009-12-08 13:27:00,4,1159.99,1297,62,17.313283582089554,365,366,1,At Risk,9,0,0.8233333333333334,High Risk
17979,2011-11-04 12:05:00,2011-03-25 11:34:00,4,732.41,383,116,5.30731884057971,36,224,0,Loyal Customers,11,0,0.7733333333333333,High Risk
17980,2011-06-27 12:01:00,2010-11-11 14:42:00,4,1012.72,771,41,16.601967213114754,166,227,1,Loyal Customers,10,0,0.8366666666666667,High Risk
17981,2010-10-25 10:40:00,2010-10-25 10:40:00,1,239.12,260,17,14.065882352941177,411,0,1,Other,4,0,0.7633333333333333,High Risk
17982,2010-01-28 09:38:00,2010-01-28 09:38:00,1,138.18,117,13,10.62923076923077,681,0,1,Other,4,0,0.9666666666666667,High Risk
17983,2010-11-09 13:24:00,2010-11-09 13:23:00,1,171.71,108,23,7.154583333333334,395,0,1,Other,5,0,0.98,High Risk
17984,2011-07-17 15:59:00,2009-12-01 11:51:00,5,1152.19,939,209,4.761115702479339,145,593,1,Loyal Customers,10,0,0.6833333333333333,High Risk
17985,2011-11-17 14:24:00,2011-11-17 14:24:00,1,631.35,171,20,30.064285714285717,22,0,0,New / Potential,9,0,0.31666666666666665,Medium Risk
17986,2011-10-14 14:22:00,2011-10-14 14:22:00,1,20.8,10,1,20.8,56,0,0,New / Potential,7,0,0.15666666666666668,Low Risk
17987,2011-06-07 14:22:00,2010-06-07 11:23:00,5,965.4399999999999,981,139,5.886829268292683,185,365,1,Loyal Customers,10,0,0.7866666666666666,High Risk
17988,2011-11-28 11:00:00,2009-12-07 13:35:00,14,489.54,186,115,3.98,12,720,0,Loyal Customers,12,1,0.06,Low Risk
17989,2010-11-25 13:49:00,2010-11-25 13:49:00,1,207.33,300,26,7.149310344827587,379,0,1,Other,5,0,0.8866666666666667,High Risk
17990,2011-04-17 11:44:00,2009-12-07 15:19:00,6,1527.6100000000001,777,40,26.800175438596494,237,495,1,At Risk,10,0,0.7533333333333333,High Risk
17991,2011-04-28 15:58:00,2010-04-27 12:46:00,3,300.3,93,37,7.902631578947369,225,366,1,At Risk,7,0,0.9133333333333333,High Risk
17992,2010-11-15 13:04:00,2010-11-15 13:04:00,1,252.88,130,49,4.863076923076923,389,0,1,Other,5,0,0.9166666666666666,High Risk
17993,2010-04-01 14:23:00,2010-04-01 14:23:00,1,225.99,108,60,3.7665,617,0,1,Other,4,0,0.9866666666666667,High Risk
17994,2011-08-10 11:41:00,2010-03-29 10:37:00,11,2270.0299999999997,2181,227,7.418398692810457,122,499,1,Loyal Customers,12,1,0.73,High Risk
17995,2011-03-03 12:30:00,2010-11-17 17:01:00,3,495.48,263,28,17.08551724137931,282,105,1,At Risk,7,0,0.8966666666666666,High Risk
17996,2010-11-25 11:00:00,2010-06-11 11:48:00,3,482.33,587,63,7.1989552238805965,380,166,1,At Risk,7,0,0.5633333333333334,Medium Risk
17997,2011-09-26 16:13:00,2011-06-28 17:28:00,8,1962.46,2273,133,11.966219512195122,74,89,0,Loyal Customers,12,1,0.34,Medium Risk
17998,2010-11-24 15:31:00,2009-12-01 13:07:00,3,639.24,561,57,11.021379310344829,380,358,1,At Risk,8,0,0.79,High Risk
17999,2011-11-02 15:56:00,2010-11-26 13:16:00,3,528.46,286,125,3.9437313432835825,37,341,0,Other,9,0,0.13666666666666666,Low Risk
18000,2010-05-24 17:34:00,2010-05-24 17:34:00,1,124.25,109,6,20.708333333333332,564,0,1,Other,4,0,0.9533333333333334,High Risk
18001,2011-11-27 16:02:00,2009-12-02 15:38:00,6,924.14,874,120,7.001060606060606,12,725,0,Loyal Customers,12,1,0.02666666666666667,Low Risk
18002,2010-11-29 10:57:00,2009-12-08 11:07:00,4,244.37,71,52,4.610754716981132,376,355,1,At Risk,7,0,0.6933333333333334,High Risk
18003,2010-11-28 15:09:00,2010-11-28 15:09:00,1,353.51,297,23,15.37,376,0,1,Other,6,0,0.91,High Risk
18004,2010-12-12 13:47:00,2010-12-12 13:47:00,1,157.92,75,32,4.268108108108108,362,0,1,Other,5,0,0.9,High Risk
18005,2011-12-06 11:51:00,2011-10-23 14:40:00,2,226.47,86,52,4.273018867924528,4,43,0,Other,9,0,0.85,High Risk
18006,2011-11-16 16:52:00,2009-12-17 12:27:00,4,969.51,395,57,15.389047619047618,23,699,0,Loyal Customers,11,1,0.01,Low Risk
18007,2010-11-12 11:08:00,2010-11-12 11:08:00,1,215.22,246,46,4.3044,393,0,1,Other,5,0,0.8066666666666666,High Risk
18008,2011-09-30 15:17:00,2010-01-06 12:35:00,23,19759.079999999998,7825,77,203.70185567010307,70,632,0,Loyal Customers,13,1,0.08,Low Risk
18009,2011-04-18 13:36:00,2010-02-25 11:49:00,8,2144.23,651,145,11.978938547486033,235,417,1,At Risk,11,1,0.83,High Risk
18010,2011-03-28 12:27:00,2011-03-28 12:27:00,1,174.8,60,14,12.485714285714286,257,0,1,Other,5,0,0.9866666666666667,High Risk
18011,2010-12-01 17:35:00,2010-05-21 13:28:00,2,410.79,125,63,6.520476190476191,373,194,1,At Risk,7,0,0.96,High Risk
18012,2009-12-16 13:16:00,2009-12-16 13:16:00,1,115.3,63,13,8.86923076923077,723,0,1,Other,4,0,0.99,High Risk
18013,2011-07-07 14:11:00,2011-07-07 14:08:00,2,187.29,285,31,6.041612903225806,155,0,1,Other,7,0,0.86,High Risk
18014,2011-11-11 15:28:00,2011-11-11 15:28:00,1,162.22,66,29,5.407333333333333,28,0,0,New / Potential,7,0,0.23666666666666666,Low Risk
18015,2011-12-05 14:49:00,2011-12-05 14:49:00,1,120.03,157,46,2.6093478260869567,4,0,0,New / Potential,8,0,0.12333333333333334,Low Risk
18016,2011-11-07 13:25:00,2010-01-27 16:00:00,7,1954.56,1207,115,11.565443786982248,32,648,0,Champions,12,1,0.01,Low Risk
18017,2011-09-19 16:15:00,2010-10-04 15:11:00,4,688.0,400,1,172.0,81,350,0,Loyal Customers,10,0,0.20666666666666667,Low Risk
18018,2011-08-23 17:37:00,2010-10-15 11:05:00,4,297.99,186,43,6.7725,108,312,1,Loyal Customers,9,0,0.8733333333333333,High Risk
18019,2011-10-19 12:10:00,2011-10-19 12:10:00,1,38.45,7,5,7.69,52,0,0,New / Potential,7,0,0.3433333333333333,Medium Risk
18020,2010-06-14 12:31:00,2010-06-14 12:31:00,1,190.48000000000002,67,12,15.873333333333335,544,0,1,Other,4,0,0.94,High Risk
18021,2010-07-18 10:52:00,2010-07-15 18:47:00,2,216.41,168,32,6.7628125,510,2,1,At Risk,5,0,0.9566666666666667,High Risk
18022,2011-11-04 12:45:00,2010-06-11 13:59:00,5,1507.25,1311,306,3.546470588235294,36,510,0,Champions,12,1,0.15,Low Risk
18024,2011-07-10 12:40:00,2011-07-10 12:28:00,2,389.78,184,21,18.56095238095238,153,0,1,Other,8,0,0.8666666666666667,High Risk
18025,2010-11-25 12:37:00,2010-03-30 17:33:00,6,1177.72,1053,83,10.515357142857143,380,239,1,At Risk,9,0,0.79,High Risk
18026,2010-07-27 10:37:00,2010-07-22 16:21:00,2,2074.07,530,12,122.00411764705883,501,4,1,At Risk,8,0,0.9266666666666666,High Risk
18027,2011-09-02 10:38:00,2011-09-02 10:38:00,1,115.31,78,21,5.490952380952381,99,0,1,Other,6,0,0.9333333333333333,High Risk
18028,2010-05-05 13:28:00,2010-05-05 13:28:00,1,192.05,133,4,48.0125,583,0,1,Other,4,0,0.8966666666666666,High Risk
18029,2010-03-07 15:30:00,2010-03-07 15:30:00,1,433.77,253,18,24.098333333333333,642,0,1,Other,5,0,0.9266666666666666,High Risk
18030,2011-12-05 16:37:00,2011-10-28 13:55:00,2,230.64999999999998,67,8,25.627777777777776,4,38,0,Other,9,0,0.22333333333333333,Low Risk
18031,2010-11-26 11:00:00,2010-11-26 11:00:00,1,451.3,298,49,7.163492063492064,379,0,1,Other,6,0,0.92,High Risk
18032,2011-01-09 15:32:00,2011-01-09 15:32:00,1,73.5,42,5,14.7,334,0,1,Other,5,0,0.9766666666666667,High Risk
18033,2011-10-05 17:28:00,2011-10-05 17:28:00,1,93.82000000000001,252,32,2.8430303030303032,65,0,0,Other,6,0,0.19,Low Risk
18034,2011-11-18 12:22:00,2010-11-29 12:36:00,3,754.2,951,182,3.524299065420561,22,353,0,Other,10,0,0.49333333333333335,Medium Risk
18035,2011-11-04 12:39:00,2010-11-19 13:42:00,5,1260.23,1134,52,22.109298245614035,36,349,0,Champions,12,1,0.21333333333333335,Low Risk
18036,2011-11-07 14:40:00,2009-12-18 12:04:00,11,1545.49,741,221,4.740766871165644,32,689,0,Champions,13,1,0.05,Low Risk
18037,2011-07-08 13:39:00,2009-12-01 13:48:00,15,167.42,37,31,5.073333333333333,154,583,1,Loyal Customers,9,0,0.8666666666666667,High Risk
18038,2010-06-01 15:59:00,2010-06-01 15:59:00,1,141.48,80,25,5.239999999999999,556,0,1,Other,4,0,0.65,High Risk
18039,2010-11-30 13:07:00,2010-03-09 11:19:00,4,548.22,555,137,3.469746835443038,374,266,1,At Risk,8,0,0.8033333333333333,High Risk
18040,2011-11-20 14:20:00,2011-04-08 08:27:00,2,357.20000000000005,148,18,18.8,19,226,0,Other,10,0,0.29333333333333333,Low Risk
18041,2011-11-28 11:39:00,2010-01-14 10:04:00,38,8018.7699999999995,7316,464,9.637944711538461,12,683,0,Champions,15,1,0.016666666666666666,Low Risk
18042,2011-10-17 11:49:00,2010-06-16 10:53:00,2,281.15,69,13,17.571875,54,488,0,Other,8,0,0.16,Low Risk
18043,2011-11-15 12:48:00,2010-12-08 12:35:00,3,529.29,265,106,4.6025217391304345,25,342,0,Other,9,0,0.20333333333333334,Low Risk
18044,2011-12-05 14:26:00,2010-05-28 15:31:00,18,3505.61,1598,128,17.52805,4,555,0,Champions,15,1,0.06666666666666667,Low Risk
18045,2011-10-25 13:07:00,2011-10-25 13:07:00,1,178.34,138,43,4.147441860465117,45,0,0,New / Potential,7,0,0.7633333333333333,High Risk
18046,2010-02-28 11:36:00,2010-02-28 11:36:00,1,189.63,44,26,7.293461538461538,650,0,1,Other,4,0,0.9733333333333334,High Risk
18047,2010-11-23 13:11:00,2010-11-23 12:57:00,2,326.09,130,74,3.9287951807228914,381,0,1,At Risk,7,0,0.85,High Risk
18048,2011-05-20 14:58:00,2010-08-03 13:03:00,3,394.93,256,56,6.693728813559322,203,290,1,At Risk,7,0,0.8533333333333334,High Risk
18049,2010-09-28 14:26:00,2010-04-28 13:24:00,2,500.92,402,82,5.757701149425287,437,153,1,At Risk,6,0,0.8433333333333334,High Risk
18050,2010-12-15 14:25:00,2010-11-11 15:51:00,2,412.06,250,22,17.915652173913042,359,33,1,At Risk,7,0,0.9,High Risk
18051,2010-03-15 13:58:00,2009-12-09 12:17:00,7,2282.28,1661,41,41.496,634,96,1,At Risk,9,0,0.7866666666666666,High Risk
18052,2010-05-24 11:11:00,2010-05-24 11:11:00,1,10877.18,17766,16,679.82375,565,0,1,Other,8,0,0.9033333333333333,High Risk
18053,2011-09-30 09:05:00,2010-06-30 12:36:00,3,571.07,409,29,17.8459375,71,456,0,Other,8,0,0.24,Low Risk
18054,2010-11-12 08:18:00,2010-11-12 08:18:00,1,176.5,96,11,16.045454545454547,393,0,1,Other,5,0,0.7566666666666667,High Risk
18055,2011-12-02 14:25:00,2010-10-22 13:27:00,14,10142.64,3534,320,19.029343339587243,7,406,0,Champions,15,1,0.18,Low Risk
18056,2011-02-24 14:27:00,2010-03-31 12:29:00,2,554.6,334,28,18.486666666666668,288,330,1,At Risk,7,0,0.6966666666666667,High Risk
18057,2010-11-11 16:55:00,2010-01-18 12:42:00,3,1188.46,970,121,8.869104477611941,393,297,1,At Risk,8,0,0.5866666666666667,Medium Risk
18058,2011-11-30 08:38:00,2010-02-10 09:38:00,3,774.06,394,12,48.37875,10,657,0,Other,11,1,0.016666666666666666,Low Risk
18059,2011-11-16 16:49:00,2011-10-03 09:30:00,3,306.46,258,17,17.025555555555556,23,44,0,Other,9,0,0.16333333333333333,Low Risk
18060,2010-10-27 16:41:00,2010-05-24 08:34:00,2,1185.46,902,74,15.806133333333333,408,156,1,At Risk,8,0,0.8466666666666667,High Risk
18061,2011-11-18 11:20:00,2009-12-04 11:36:00,28,6083.81,3359,30,49.867295081967214,22,713,0,Champions,14,1,0.0,Low Risk
18062,2011-06-19 14:47:00,2010-04-21 08:55:00,6,1632.67,831,46,30.23462962962963,173,424,1,Loyal Customers,11,1,0.4666666666666667,Medium Risk
18063,2010-11-14 10:46:00,2010-03-16 13:05:00,2,186.60000000000002,48,2,62.20000000000001,391,242,1,At Risk,6,0,0.7833333333333333,High Risk
18064,2011-07-29 16:39:00,2010-02-01 15:01:00,11,4481.83,2685,53,70.02859375,133,543,1,Loyal Customers,13,1,0.7566666666666667,High Risk
18065,2011-12-04 10:30:00,2009-12-09 16:00:00,29,5866.63,2265,193,18.924612903225807,6,724,0,Champions,15,1,0.0033333333333333335,Low Risk
18066,2011-09-25 15:30:00,2010-10-20 11:42:00,3,1440.4,535,37,27.17735849056604,75,340,0,High Value Customers,10,0,0.18,Low Risk
18067,2011-10-30 15:58:00,2011-10-30 15:58:00,1,396.33,189,36,10.711621621621621,40,0,0,New / Potential,8,0,0.24333333333333335,Low Risk
18068,2011-02-23 14:50:00,2011-02-23 14:50:00,1,101.7,6,1,101.7,289,0,1,Other,5,0,1.0,High Risk
18069,2011-11-13 16:03:00,2010-02-28 16:14:00,11,4464.92,3168,602,4.603010309278351,26,622,0,Champions,14,1,0.01,Low Risk
18070,2010-02-08 13:28:00,2010-02-08 13:28:00,1,314.1,86,9,34.900000000000006,669,0,1,Other,5,0,0.8966666666666666,High Risk
18071,2011-03-27 11:59:00,2009-12-05 10:31:00,6,1169.68,678,52,16.474366197183098,258,477,1,At Risk,9,0,0.8966666666666666,High Risk
18072,2011-06-07 10:44:00,2011-06-07 10:44:00,1,247.44,288,18,13.746666666666666,186,0,1,Other,6,0,0.81,High Risk
18073,2011-08-17 14:02:00,2011-05-26 19:38:00,12,3859.82,3102,23,53.60861111111112,114,82,1,Loyal Customers,13,1,0.7833333333333333,High Risk
18074,2010-12-01 09:53:00,2010-07-22 10:31:00,2,1019.44,361,37,23.707906976744187,374,131,1,At Risk,8,0,0.9133333333333333,High Risk
18075,2011-11-16 15:21:00,2010-07-29 11:47:00,20,5783.29,3281,180,17.904922600619194,23,475,0,Champions,14,1,0.06666666666666667,Low Risk
18076,2010-11-24 14:02:00,2010-11-24 14:02:00,1,151.49,164,8,18.93625,380,0,1,Other,5,0,0.8233333333333334,High Risk
18077,2011-12-01 13:32:00,2009-12-07 11:40:00,18,4078.79,3020,141,11.554645892351274,8,724,0,Champions,15,1,0.01,Low Risk
18078,2011-05-06 14:32:00,2010-03-21 15:50:00,4,725.53,370,65,9.93876712328767,217,410,1,At Risk,9,0,0.7866666666666666,High Risk
18079,2011-10-25 15:27:00,2010-08-05 12:19:00,5,4203.93,8730,107,30.911250000000003,45,446,0,Champions,13,1,0.15,Low Risk
18080,2011-11-21 08:02:00,2011-04-11 10:10:00,2,1231.5,642,2,615.75,19,223,0,High Value Customers,12,1,0.25333333333333335,Low Risk
18081,2011-11-03 16:30:00,2011-07-29 11:56:00,3,343.45,195,14,20.20294117647059,36,97,0,Other,9,0,0.29,Low Risk
18082,2011-11-14 12:45:00,2011-11-14 12:45:00,1,680.84,608,62,9.726285714285714,26,0,0,New / Potential,9,0,0.26,Low Risk
18083,2010-11-07 11:44:00,2010-11-07 11:44:00,1,463.53,268,36,11.588249999999999,398,0,1,Other,6,0,0.9133333333333333,High Risk
18084,2011-11-23 13:57:00,2010-11-16 08:09:00,3,795.23,755,7,113.60428571428572,16,372,0,Other,11,1,0.49666666666666665,Medium Risk
18085,2011-01-13 15:17:00,2010-03-21 11:57:00,4,1341.8500000000001,507,42,21.642741935483873,330,298,1,At Risk,10,0,0.8766666666666667,High Risk
18086,2011-03-10 13:34:00,2011-03-10 13:34:00,1,101.34,106,7,14.477142857142857,274,0,1,Other,5,0,0.94,High Risk
18087,2011-09-02 15:12:00,2009-12-01 09:43:00,17,14761.52,7775,44,167.74454545454546,98,640,1,Loyal Customers,13,1,0.6766666666666666,High Risk
18088,2011-10-09 13:41:00,2011-10-09 13:41:00,1,166.03,107,35,4.487297297297298,61,0,0,Other,6,0,0.25333333333333335,Low Risk
18089,2010-09-19 11:57:00,2010-09-19 11:57:00,1,428.45,95,9,42.845,447,0,1,Other,5,0,0.9433333333333334,High Risk
18090,2010-10-14 12:32:00,2010-10-14 12:32:00,1,321.9,307,47,5.96111111111111,422,0,1,Other,5,0,0.8866666666666667,High Risk
18091,2010-04-25 13:18:00,2010-04-25 13:18:00,1,360.85,539,25,14.434000000000001,593,0,1,Other,5,0,0.6066666666666667,High Risk
18092,2011-12-07 13:14:00,2009-12-04 12:37:00,18,14693.720000000001,8298,42,104.95514285714286,2,733,0,Champions,15,1,0.04,Low Risk
18093,2011-09-07 15:43:00,2010-03-31 10:27:00,8,4452.71,3429,43,72.99524590163935,93,525,1,Loyal Customers,13,1,0.8366666666666667,High Risk
18094,2011-09-19 09:28:00,2010-01-07 11:16:00,13,6391.52,4164,55,50.72634920634921,82,619,0,Loyal Customers,13,1,0.08666666666666667,Low Risk
18095,2011-01-31 12:50:00,2010-04-19 14:09:00,5,2303.09,1623,37,47.98104166666667,313,286,1,At Risk,10,0,0.8366666666666667,High Risk
18096,2011-11-28 12:44:00,2010-07-14 14:30:00,6,1657.87,1409,299,4.240076726342711,12,501,0,Champions,13,1,0.14,Low Risk
18097,2011-12-02 11:16:00,2009-12-17 11:06:00,11,4627.92,2716,86,29.666153846153847,8,715,0,Champions,15,1,0.0033333333333333335,Low Risk
18098,2010-11-08 16:31:00,2010-11-08 16:31:00,1,527.94,215,85,6.138837209302326,396,0,1,Other,6,0,0.87,High Risk
18099,2011-08-04 15:52:00,2011-08-04 15:52:00,1,168.31,149,19,8.858421052631579,127,0,1,Other,6,0,0.9266666666666666,High Risk
18100,2010-06-07 14:19:00,2010-06-07 14:19:00,1,451.56,440,30,15.052,550,0,1,Other,5,0,0.85,High Risk
18101,2011-11-28 13:37:00,2010-02-03 13:52:00,5,622.01,247,89,5.70651376146789,11,662,0,Loyal Customers,12,1,0.02,Low Risk
18102,2011-12-09 11:50:00,2009-12-01 09:24:00,145,580987.04,181645,382,558.6413846153846,1,738,0,Champions,15,1,0.0033333333333333335,Low Risk
18103,2010-06-08 13:36:00,2010-06-08 13:36:00,1,105.8,23,10,10.58,549,0,1,Other,4,0,0.6766666666666666,High Risk
18104,2011-11-02 14:07:00,2011-11-02 14:07:00,1,754.64,362,38,19.858947368421052,37,0,0,New / Potential,9,0,0.3566666666666667,Medium Risk
18105,2011-11-02 12:04:00,2011-11-02 12:04:00,1,113.48000000000002,46,18,6.304444444444446,38,0,0,New / Potential,7,0,0.21,Low Risk
18106,2011-01-14 12:23:00,2010-01-15 11:36:00,6,1441.06,506,126,7.5448167539267015,330,364,1,At Risk,10,0,0.71,High Risk
18107,2010-09-23 13:03:00,2010-09-23 13:03:00,1,165.88,65,38,4.365263157894737,442,0,1,Other,4,0,0.68,High Risk
18108,2011-03-30 13:56:00,2009-12-02 12:47:00,3,848.8100000000001,261,43,18.059787234042556,254,483,1,At Risk,8,0,0.85,High Risk
18109,2011-12-08 11:36:00,2010-07-01 12:13:00,38,9555.71,4822,203,14.61117737003058,2,524,0,Champions,15,1,0.08,Low Risk
18110,2011-11-20 12:34:00,2010-10-24 14:21:00,2,392.28000000000003,169,58,5.448333333333334,20,391,0,Other,9,0,0.21,Low Risk
18111,2010-04-29 12:58:00,2010-04-29 12:58:00,1,405.85,232,27,15.031481481481482,589,0,1,Other,5,0,0.9333333333333333,High Risk
18112,2011-11-27 14:43:00,2010-06-06 12:40:00,4,773.36,443,59,12.473548387096775,12,539,0,Loyal Customers,12,1,0.07666666666666666,Low Risk
18113,2010-12-06 12:31:00,2010-12-06 12:31:00,1,76.32000000000001,72,1,76.32000000000001,369,0,1,Other,5,0,1.0,High Risk
18114,2011-02-22 13:20:00,2011-02-22 13:20:00,1,220.1,55,28,7.860714285714286,290,0,1,Other,5,0,0.9866666666666667,High Risk
18115,2010-01-11 11:57:00,2010-01-11 11:57:00,1,9.700000000000001,3,3,3.233333333333334,698,0,1,Other,4,0,0.7733333333333333,High Risk
18116,2011-10-03 11:00:00,2010-10-24 15:29:00,13,2134.4900000000002,1267,311,3.784556737588653,68,343,0,Loyal Customers,12,1,0.3333333333333333,Medium Risk
18117,2011-11-14 12:47:00,2011-11-14 12:47:00,1,315.65,605,68,4.384027777777778,26,0,0,New / Potential,8,0,0.09666666666666666,Low Risk
18118,2011-11-29 11:32:00,2010-11-23 13:36:00,29,6221.02,3184,444,4.350363636363637,11,370,0,Champions,15,1,0.18,Low Risk
18119,2010-12-07 11:59:00,2010-12-07 11:59:00,1,180.7,124,29,6.23103448275862,368,0,1,Other,5,0,0.8733333333333333,High Risk
18120,2011-05-09 13:45:00,2011-05-09 13:45:00,1,111.15,31,17,6.538235294117648,214,0,1,Other,5,0,0.9966666666666667,High Risk
18121,2011-07-13 12:53:00,2011-07-08 12:14:00,2,653.3000000000001,438,28,21.0741935483871,149,5,1,Other,9,0,0.8266666666666667,High Risk
18122,2011-12-01 13:08:00,2011-07-12 11:37:00,6,1793.06,1225,239,5.022577030812325,8,142,0,Champions,13,1,0.09333333333333334,Low Risk
18123,2011-11-15 14:23:00,2010-07-14 12:47:00,3,666.64,616,53,11.904285714285715,24,489,0,Other,10,0,0.3333333333333333,Medium Risk
18124,2010-08-24 17:21:00,2010-08-24 17:21:00,1,102.65,47,20,5.1325,472,0,1,Other,4,0,0.91,High Risk
18125,2011-11-10 12:29:00,2011-01-27 15:02:00,4,1131.75,800,164,5.89453125,30,286,0,Loyal Customers,11,1,0.28,Low Risk
18126,2011-10-10 12:19:00,2011-10-10 12:19:00,1,200.92,135,52,3.8638461538461537,61,0,0,Other,6,0,0.3,Low Risk
18127,2011-11-20 14:05:00,2010-11-01 13:56:00,4,556.13,250,56,8.30044776119403,19,384,0,Loyal Customers,11,1,0.39,Medium Risk
18128,2010-06-20 13:19:00,2010-06-20 13:19:00,1,399.29,216,42,9.506904761904762,537,0,1,Other,5,0,0.8666666666666667,High Risk
18129,2011-04-10 14:16:00,2011-04-10 14:16:00,1,112.55000000000001,48,13,8.039285714285715,243,0,1,Other,5,0,0.9366666666666666,High Risk
18130,2011-11-24 14:40:00,2011-10-13 15:58:00,3,1059.39,824,58,15.134142857142859,15,41,0,Other,11,1,0.09,Low Risk
18131,2010-03-18 08:48:00,2010-03-18 08:48:00,1,222.95999999999998,552,4,55.739999999999995,632,0,1,Other,4,0,0.8933333333333333,High Risk
18132,2010-07-23 16:54:00,2010-07-23 16:54:00,1,220.13,212,60,3.5504838709677418,504,0,1,Other,4,0,0.8566666666666667,High Risk
18133,2011-05-11 14:14:00,2011-05-11 14:14:00,1,931.5,1350,1,931.5,212,0,1,Other,7,0,0.9533333333333334,High Risk
18134,2010-04-20 14:02:00,2010-01-14 11:59:00,2,445.0,128,27,15.892857142857142,598,96,1,At Risk,6,0,0.9166666666666666,High Risk
18135,2011-11-10 19:32:00,2010-03-15 13:55:00,10,1249.6200000000001,753,23,33.773513513513514,29,605,0,Champions,13,1,0.19666666666666666,Low Risk
18136,2011-10-07 15:40:00,2010-09-14 15:50:00,5,1631.3600000000001,860,77,18.53818181818182,63,387,0,Loyal Customers,11,1,0.6633333333333333,High Risk
18137,2010-06-06 14:18:00,2010-06-06 13:45:00,2,145.99,59,26,5.034137931034483,551,0,1,At Risk,5,0,0.92,High Risk
18138,2011-02-17 14:51:00,2011-02-17 14:51:00,1,152.65,38,8,19.08125,295,0,1,Other,5,0,0.9933333333333333,High Risk
18139,2011-11-22 10:44:00,2011-11-21 14:06:00,6,8438.34,5557,35,53.07132075471698,18,0,0,Champions,14,1,0.19,Low Risk
18140,2010-08-23 11:58:00,2010-08-23 11:58:00,1,536.41,395,49,9.933518518518518,474,0,1,Other,5,0,0.85,High Risk
18141,2010-11-03 11:44:00,2010-04-29 15:32:00,2,882.47,433,38,21.011190476190478,402,187,1,At Risk,8,0,0.9466666666666667,High Risk
18142,2011-07-05 13:19:00,2011-05-08 12:31:00,2,1019.52,1276,9,67.968,157,58,1,Other,9,0,0.77,High Risk
18143,2011-08-15 12:07:00,2011-07-21 10:44:00,2,1000.16,570,59,16.396065573770493,117,25,1,Other,9,0,0.79,High Risk
18144,2011-12-02 12:46:00,2009-12-16 15:57:00,19,4892.95,2144,51,58.249404761904756,8,715,0,Champions,15,1,0.0033333333333333335,Low Risk
18145,2011-11-27 11:22:00,2009-12-08 12:30:00,11,5609.74,5104,250,13.95457711442786,13,718,0,Champions,15,1,0.02,Low Risk
18146,2011-07-22 12:08:00,2011-05-03 16:35:00,2,160.35,153,10,16.035,141,79,1,Other,7,0,0.8866666666666667,High Risk
18147,2011-10-25 11:46:00,2011-08-23 12:22:00,2,179.34,203,7,25.62,46,62,0,Other,8,0,0.20666666666666667,Low Risk
18148,2010-03-03 11:40:00,2010-03-03 11:40:00,1,112.85000000000001,63,9,11.285,647,0,1,Other,4,0,0.89,High Risk
18149,2011-10-20 12:04:00,2010-03-14 12:41:00,7,1553.96,869,54,17.076483516483517,51,584,0,Champions,12,1,0.056666666666666664,Low Risk
18150,2011-11-07 16:49:00,2011-05-22 10:47:00,3,566.58,332,29,15.312972972972974,32,169,0,Other,9,0,0.29333333333333333,Low Risk
18151,2011-07-28 11:35:00,2010-03-04 10:47:00,6,1879.44,986,99,17.730566037735848,135,511,1,Loyal Customers,11,1,0.5766666666666667,Medium Risk
18152,2010-03-03 15:26:00,2010-03-03 15:26:00,1,426.69,75,10,42.669,646,0,1,Other,5,0,0.8933333333333333,High Risk
18153,2010-02-18 15:50:00,2010-02-18 15:50:00,1,246.22,200,17,14.483529411764707,659,0,1,Other,4,0,0.5966666666666667,Medium Risk
18154,2011-12-06 16:41:00,2010-08-06 09:18:00,5,932.6,626,34,19.842553191489362,3,487,0,Loyal Customers,12,1,0.18333333333333332,Low Risk
18155,2011-09-25 13:32:00,2011-02-21 10:36:00,3,371.62,266,19,14.8648,75,216,0,Other,8,0,0.23,Low Risk
18156,2011-11-27 12:24:00,2010-12-05 12:29:00,2,675.64,283,100,5.538032786885246,13,356,0,Other,11,0,0.15666666666666668,Low Risk
18157,2010-05-17 14:09:00,2010-05-17 14:09:00,1,213.9,145,25,8.556000000000001,571,0,1,Other,4,0,0.9333333333333333,High Risk
18158,2011-11-30 16:19:00,2011-09-12 09:03:00,2,453.4,354,24,13.335294117647058,9,79,0,Other,10,0,0.6366666666666667,High Risk
18159,2011-02-11 14:26:00,2011-02-11 14:26:00,1,530.15,139,23,23.05,301,0,1,Other,6,0,0.58,Medium Risk
18160,2011-10-13 15:50:00,2010-11-18 16:33:00,3,1003.88,519,56,15.444307692307692,57,328,0,Other,10,0,0.6466666666666666,High Risk
18161,2011-11-24 16:40:00,2010-11-25 15:55:00,6,1803.1000000000001,965,57,19.388172043010755,15,364,0,Champions,13,1,0.16666666666666666,Low Risk
18162,2009-12-07 13:24:00,2009-12-07 13:24:00,1,371.51,332,45,8.076304347826087,732,0,1,Other,5,0,0.88,High Risk
18163,2010-05-04 14:51:00,2010-05-04 14:51:00,1,728.84,452,33,22.086060606060606,584,0,1,Other,6,0,0.61,High Risk
18164,2011-11-02 12:56:00,2011-11-02 12:56:00,1,399.65,184,24,16.652083333333334,37,0,0,New / Potential,8,0,0.32,Medium Risk
18165,2011-06-15 13:23:00,2011-06-15 13:23:00,1,302.46,254,10,30.246,177,0,1,Other,7,0,0.9166666666666666,High Risk
18166,2010-03-26 12:26:00,2010-03-26 12:26:00,1,175.5,90,10,17.55,624,0,1,Other,4,0,0.9,High Risk
18167,2011-11-16 15:56:00,2011-08-26 11:40:00,3,1384.8600000000001,382,24,37.428648648648654,23,82,0,High Value Customers,11,1,0.27,Low Risk
18168,2011-06-16 19:21:00,2009-12-03 17:29:00,16,3435.5,1995,209,9.46418732782369,176,560,1,Loyal Customers,13,1,0.76,High Risk
18169,2011-10-10 12:18:00,2011-10-10 12:18:00,1,202.65,61,9,22.516666666666666,61,0,0,Other,6,0,0.8266666666666667,High Risk
18170,2011-11-06 14:35:00,2010-01-08 14:10:00,9,2878.0,1184,59,22.841269841269842,33,667,0,Champions,13,1,0.006666666666666667,Low Risk
18171,2011-10-12 09:13:00,2010-01-05 10:46:00,9,2437.31,991,76,26.4925,59,644,0,Champions,13,1,0.04,Low Risk
18172,2011-11-25 11:12:00,2009-12-11 09:58:00,52,17467.24,7407,176,36.77313684210527,15,714,0,Champions,15,1,0.0,Low Risk
18173,2011-09-14 11:26:00,2010-04-06 10:43:00,5,2696.36,1730,34,59.919111111111114,87,526,0,Loyal Customers,11,1,0.11333333333333333,Low Risk
18174,2011-12-02 16:56:00,2010-04-15 12:17:00,2,162.5,80,1,81.25,7,596,0,Other,9,0,0.09333333333333334,Low Risk
18175,2010-02-02 10:25:00,2010-02-02 10:25:00,1,176.10000000000002,70,7,25.157142857142862,676,0,1,Other,4,0,0.98,High Risk
18176,2010-12-16 15:45:00,2010-12-16 15:45:00,1,476.35,283,30,15.878333333333334,358,0,1,Other,6,0,0.9266666666666666,High Risk
18177,2011-11-08 14:44:00,2009-12-15 18:57:00,9,2216.32,1238,66,22.38707070707071,31,692,0,Champions,13,1,0.02,Low Risk
18178,2011-08-03 09:30:00,2010-02-18 14:25:00,11,6103.74,3850,204,17.43925714285714,129,530,1,Loyal Customers,13,1,0.6866666666666666,High Risk
18179,2011-11-30 16:23:00,2010-02-14 15:51:00,8,2547.55,1811,101,23.372018348623854,9,654,0,Champions,14,1,0.006666666666666667,Low Risk
18180,2011-12-05 08:39:00,2011-07-20 08:59:00,6,1843.75,1721,108,15.493697478991596,5,137,0,Champions,13,1,0.43,Medium Risk
18181,2011-11-15 15:08:00,2009-12-04 15:30:00,5,1188.34,510,139,6.676067415730337,24,710,0,Loyal Customers,11,1,0.013333333333333334,Low Risk
18182,2010-09-02 14:25:00,2010-09-02 14:25:00,1,291.13,167,10,29.113,463,0,1,Other,5,0,0.9533333333333334,High Risk
18183,2011-04-26 15:26:00,2011-03-10 10:08:00,2,632.07,371,36,17.082972972972975,227,47,1,At Risk,8,0,0.8033333333333333,High Risk
18184,2011-11-24 15:28:00,2011-11-24 15:28:00,1,49.8,60,1,49.8,15,0,0,New / Potential,8,0,0.9266666666666666,High Risk
18185,2011-04-04 13:42:00,2011-04-04 13:42:00,1,304.25,183,17,17.897058823529413,249,0,1,Other,6,0,0.8666666666666667,High Risk
18186,2009-12-17 10:22:00,2009-12-17 10:22:00,1,329.58000000000004,338,11,29.961818181818185,723,0,1,Other,5,0,0.98,High Risk
18187,2010-03-18 09:49:00,2010-03-18 09:49:00,1,724.89,310,48,15.101875,632,0,1,Other,6,0,0.9433333333333334,High Risk
18188,2011-11-24 16:46:00,2010-03-26 11:37:00,6,3280.59,1888,95,24.66609022556391,15,608,0,Champions,14,1,0.02666666666666667,Low Risk
18189,2011-09-23 12:40:00,2010-03-24 09:57:00,3,1403.73,836,79,16.322441860465116,78,548,0,High Value Customers,10,0,0.08333333333333333,Low Risk
18190,2011-05-31 14:48:00,2009-12-22 12:05:00,5,745.62,490,34,17.752857142857142,192,525,1,At Risk,9,0,0.7266666666666667,High Risk
18191,2011-03-23 12:08:00,2010-08-19 17:42:00,2,529.4,332,15,35.29333333333333,262,215,1,At Risk,7,0,0.9266666666666666,High Risk
18192,2011-09-29 09:53:00,2011-09-29 09:53:00,1,957.97,339,45,21.288222222222224,72,0,0,Other,8,0,0.21333333333333335,Low Risk
18193,2011-06-27 13:58:00,2010-09-23 13:33:00,3,1207.3500000000001,926,66,17.247857142857146,165,277,1,Other,9,0,0.8833333333333333,High Risk
18194,2011-09-18 13:29:00,2010-01-28 15:30:00,6,4162.04,1774,23,148.6442857142857,82,597,0,Loyal Customers,12,1,0.11,Low Risk
18195,2010-11-17 15:03:00,2010-11-17 15:03:00,1,101.16,60,5,20.232,387,0,1,Other,5,0,0.8633333333333333,High Risk
18196,2011-09-05 16:22:00,2010-03-17 14:55:00,4,1457.19,1038,210,5.260613718411553,95,537,1,Loyal Customers,11,0,0.7833333333333333,High Risk
18197,2010-05-13 10:46:00,2010-05-13 10:46:00,1,230.1,166,9,25.566666666666666,576,0,1,Other,4,0,0.9,High Risk
18198,2011-12-05 14:49:00,2011-01-07 13:39:00,17,5425.56,4074,81,34.12301886792453,4,332,0,Champions,15,1,0.13,Low Risk
18199,2010-01-25 11:32:00,2010-01-25 11:32:00,1,344.75,99,20,17.2375,684,0,1,Other,5,0,0.9033333333333333,High Risk
18200,2011-08-25 18:45:00,2011-08-25 18:45:00,1,150.35,104,29,5.011666666666667,106,0,1,Other,6,0,0.88,High Risk
18201,2009-12-17 08:55:00,2009-12-17 08:55:00,1,447.53000000000003,191,27,16.575185185185187,723,0,1,Other,5,0,0.9333333333333333,High Risk
18202,2011-05-24 12:12:00,2011-02-01 13:36:00,3,1396.99,581,55,20.543970588235293,200,111,1,At Risk,9,0,0.8933333333333333,High Risk
18203,2011-07-05 13:07:00,2009-12-08 13:19:00,4,492.52,111,40,8.34779661016949,157,573,1,Loyal Customers,9,0,0.7433333333333333,High Risk
18204,2011-09-29 16:44:00,2011-05-31 15:26:00,3,1975.3500000000001,1190,159,10.28828125,71,121,0,High Value Customers,10,0,0.13666666666666666,Low Risk
18205,2011-11-03 13:22:00,2011-09-26 12:02:00,2,517.36,192,30,16.1675,36,38,0,Other,9,0,0.24333333333333335,Low Risk
18206,2010-06-04 13:47:00,2010-06-04 13:47:00,1,314.65999999999997,246,19,16.561052631578946,553,0,1,Other,5,0,0.8933333333333333,High Risk
18207,2010-07-28 14:26:00,2010-07-28 14:26:00,1,544.47,325,31,17.563548387096777,499,0,1,Other,5,0,0.62,High Risk
18208,2010-05-23 11:54:00,2010-05-23 11:54:00,1,360.08,82,17,21.181176470588234,566,0,1,Other,5,0,0.96,High Risk
18209,2011-11-11 12:07:00,2011-11-11 12:07:00,1,139.10000000000002,58,8,17.387500000000003,29,0,0,New / Potential,7,0,0.87,High Risk
18210,2011-12-08 11:02:00,2010-11-22 09:39:00,7,2768.83,1499,116,19.22798611111111,2,381,0,Champions,13,1,0.08333333333333333,Low Risk
18211,2011-11-14 08:10:00,2011-03-06 12:09:00,5,600.07,359,37,14.287380952380953,26,252,0,Loyal Customers,10,1,0.21666666666666667,Low Risk
18212,2011-01-17 16:14:00,2010-01-31 14:42:00,2,514.37,158,40,11.18195652173913,326,351,1,At Risk,7,0,0.8433333333333334,High Risk
18213,2011-04-17 10:21:00,2011-04-17 10:21:00,1,232.48000000000002,232,15,15.498666666666669,237,0,1,Other,5,0,0.83,High Risk
18214,2010-06-27 11:21:00,2010-06-03 19:47:00,4,1780.34,989,38,30.69551724137931,531,23,1,At Risk,9,0,0.7533333333333333,High Risk
18215,2011-09-11 16:05:00,2010-03-26 13:03:00,5,2232.4900000000002,1131,53,25.084157303370787,89,534,0,Loyal Customers,11,1,0.09,Low Risk
18216,2011-11-08 16:55:00,2011-11-08 16:55:00,1,481.75,200,26,18.528846153846153,31,0,0,New / Potential,8,0,0.35333333333333333,Medium Risk
18217,2011-11-10 13:18:00,2010-07-01 15:39:00,4,945.04,740,33,23.625999999999998,29,496,0,Loyal Customers,11,1,0.19,Low Risk
18218,2011-05-12 12:53:00,2010-02-17 15:11:00,4,1121.84,1028,25,29.522105263157894,211,448,1,At Risk,9,0,0.85,High Risk
18219,2011-12-07 11:43:00,2009-12-07 13:17:00,17,3352.7000000000003,1586,87,17.64578947368421,3,729,0,Champions,15,1,0.006666666666666667,Low Risk
18220,2011-04-27 09:03:00,2009-12-15 11:42:00,6,1921.76,1352,17,76.8704,227,497,1,At Risk,10,1,0.8266666666666667,High Risk
18221,2011-11-17 14:40:00,2010-11-14 15:46:00,6,1424.94,1000,71,16.96357142857143,22,367,0,Champions,12,1,0.18333333333333332,Low Risk
18222,2011-09-08 10:45:00,2011-09-08 10:45:00,1,443.0,335,19,23.31578947368421,93,0,1,Other,7,0,0.7266666666666667,High Risk
18223,2011-12-05 09:11:00,2009-12-04 12:20:00,26,14000.85,6644,192,24.30703125,5,730,0,Champions,15,1,0.01,Low Risk
18224,2011-03-21 10:30:00,2011-03-21 10:30:00,1,158.95000000000002,69,10,15.895000000000001,264,0,1,Other,5,0,0.8566666666666667,High Risk
18225,2011-12-06 13:27:00,2009-12-04 16:52:00,26,13014.8,7282,266,22.753146853146852,3,731,0,Champions,15,1,0.0,Low Risk
18226,2011-10-26 13:36:00,2010-03-05 10:05:00,26,11878.88,7883,299,22.497878787878786,44,600,0,Champions,14,1,0.013333333333333334,Low Risk
18227,2011-05-06 12:23:00,2010-08-12 16:45:00,2,388.75,22,6,64.79166666666667,218,266,1,At Risk,7,0,0.9366666666666666,High Risk
18228,2011-10-14 09:21:00,2011-09-21 10:48:00,2,779.9,238,23,25.996666666666666,57,22,0,Other,10,0,0.32,Medium Risk
18229,2011-11-28 09:48:00,2009-12-03 14:42:00,28,10150.51,3071,73,50.50004975124378,12,724,0,Champions,15,1,0.0033333333333333335,Low Risk
18230,2011-11-30 13:22:00,2010-07-02 10:01:00,9,4291.06,1996,42,30.650428571428574,9,516,0,Champions,15,1,0.16666666666666666,Low Risk
18231,2011-05-31 14:18:00,2010-01-10 12:13:00,28,6854.17,2915,218,17.896005221932114,192,506,1,At Risk,12,1,0.19,Low Risk
18232,2011-09-19 11:49:00,2011-05-26 16:30:00,4,592.97,302,31,16.026216216216216,82,115,0,Loyal Customers,9,0,0.24666666666666667,Low Risk
18233,2011-01-18 08:44:00,2011-01-18 08:44:00,1,440.0,4,1,440.0,326,0,1,Other,6,0,0.9966666666666667,High Risk
18234,2010-06-06 11:22:00,2010-06-06 11:22:00,1,179.6,80,30,5.986666666666666,552,0,1,Other,4,0,0.9266666666666666,High Risk
18235,2011-09-29 08:27:00,2011-05-06 13:35:00,3,1796.48,1578,100,17.273846153846154,72,145,0,High Value Customers,10,0,0.25333333333333335,Low Risk
18236,2011-11-10 08:06:00,2010-04-15 13:39:00,12,1795.3500000000001,696,80,18.319897959183674,30,573,0,Champions,13,1,0.15,Low Risk
18237,2011-12-07 12:49:00,2011-07-28 13:05:00,5,987.1,622,40,16.181967213114753,3,131,0,Loyal Customers,12,1,0.54,Medium Risk
18238,2010-07-12 12:51:00,2010-07-12 12:51:00,1,270.92,114,14,19.351428571428574,515,0,1,Other,4,0,0.9066666666666666,High Risk
18239,2011-05-05 12:38:00,2010-10-13 10:11:00,6,1712.26,844,85,17.836041666666667,219,204,1,At Risk,10,0,0.6433333333333333,High Risk
18240,2011-10-24 13:06:00,2011-10-24 13:06:00,1,422.58,126,6,70.42999999999999,46,0,0,New / Potential,8,0,0.30666666666666664,Medium Risk
18241,2011-11-30 12:10:00,2010-04-01 11:55:00,21,2986.9900000000002,1471,101,18.786100628930818,10,608,0,Champions,15,1,0.043333333333333335,Low Risk
18242,2011-09-28 13:43:00,2010-01-11 08:49:00,8,3605.21,2021,113,25.7515,72,625,0,Loyal Customers,13,1,0.06333333333333334,Low Risk
18243,2010-10-21 14:29:00,2010-10-21 14:29:00,1,515.78,221,26,19.837692307692308,414,0,1,Other,5,0,0.91,High Risk
18244,2010-10-05 11:15:00,2010-07-25 10:30:00,2,568.64,856,19,29.928421052631577,431,72,1,At Risk,6,0,0.8466666666666667,High Risk
18245,2011-12-02 14:48:00,2010-03-08 15:26:00,20,6324.9800000000005,5098,336,13.81,7,633,0,Champions,15,1,0.01,Low Risk
18246,2011-11-16 11:49:00,2010-04-09 10:19:00,3,758.8199999999999,214,3,151.76399999999998,24,586,0,Other,10,0,0.11333333333333333,Low Risk
18247,2010-10-21 09:49:00,2010-03-18 15:52:00,3,839.73,335,28,22.695405405405406,415,216,1,At Risk,7,0,0.9166666666666666,High Risk
18248,2011-08-09 10:19:00,2011-06-06 13:18:00,2,804.02,511,39,17.1068085106383,123,63,1,Other,9,0,0.84,High Risk
18249,2011-11-22 15:07:00,2011-11-22 15:07:00,1,95.34,128,8,11.9175,17,0,0,New / Potential,8,0,0.6933333333333334,High Risk
18250,2011-02-02 13:16:00,2011-02-02 13:16:00,1,349.27,199,21,16.63190476190476,310,0,1,Other,6,0,0.7733333333333333,High Risk
18251,2011-09-13 15:03:00,2009-12-22 12:01:00,9,26278.86,39639,87,243.3227777777778,87,630,0,Loyal Customers,13,1,0.07333333333333333,Low Risk
18252,2011-10-20 12:43:00,2009-12-18 16:13:00,7,1533.69,932,125,11.44544776119403,51,670,0,Champions,12,1,0.023333333333333334,Low Risk
18253,2010-03-07 12:38:00,2010-03-07 12:38:00,1,317.88,128,7,45.41142857142857,643,0,1,Other,5,0,0.8933333333333333,High Risk
18254,2010-05-07 14:37:00,2010-05-07 14:37:00,1,267.9,188,16,16.74375,581,0,1,Other,4,0,0.8766666666666667,High Risk
18255,2011-09-11 13:16:00,2010-09-09 16:31:00,2,303.15,201,16,15.955263157894736,89,366,0,Other,8,0,0.18,Low Risk
18256,2010-11-17 08:53:00,2010-11-17 08:53:00,1,110.69999999999999,180,10,11.069999999999999,388,0,1,Other,5,0,0.84,High Risk
18257,2011-10-31 14:48:00,2010-02-18 16:20:00,12,4600.15,2369,219,16.667210144927534,39,619,0,Champions,14,1,0.043333333333333335,Low Risk
18258,2010-09-01 14:20:00,2010-05-16 11:35:00,6,2059.67,1981,30,41.193400000000004,464,108,1,At Risk,9,0,0.8466666666666667,High Risk
18259,2011-11-15 12:34:00,2009-12-08 08:38:00,7,3941.9,1274,51,46.37529411764706,25,707,0,Champions,13,1,0.0,Low Risk
18260,2011-06-20 12:37:00,2009-12-15 13:50:00,23,9947.26,5244,212,24.261609756097563,173,551,1,Loyal Customers,13,1,0.61,High Risk
18261,2011-10-27 15:36:00,2011-09-05 09:34:00,2,324.24,146,19,15.440000000000001,43,52,0,Other,9,0,0.29333333333333333,Low Risk
18262,2011-07-22 16:04:00,2010-04-16 09:05:00,3,577.54,552,40,13.75095238095238,140,462,1,Other,8,0,0.7866666666666666,High Risk
18263,2011-11-14 09:00:00,2011-04-01 11:48:00,3,1213.16,1468,59,19.887868852459018,26,226,0,Other,10,1,0.27666666666666667,Low Risk
18264,2010-07-29 10:02:00,2010-07-29 10:02:00,1,603.25,241,36,16.756944444444443,499,0,1,Other,5,0,0.9333333333333333,High Risk
18265,2011-09-28 14:10:00,2011-07-04 15:26:00,2,801.51,311,44,17.424130434782608,72,85,0,Other,9,0,0.3233333333333333,Medium Risk
18266,2010-10-01 15:33:00,2010-10-01 15:33:00,1,251.1,138,14,17.935714285714287,434,0,1,Other,4,0,0.92,High Risk
18267,2010-02-05 08:43:00,2010-02-05 08:43:00,1,269.37,135,17,15.84529411764706,673,0,1,Other,4,0,0.8866666666666667,High Risk
18268,2011-07-28 19:13:00,2009-12-11 10:27:00,6,1490.23,711,36,22.24223880597015,134,594,1,Loyal Customers,11,1,0.7066666666666667,High Risk
18269,2010-12-08 13:53:00,2010-12-08 13:53:00,1,168.60000000000002,76,7,24.08571428571429,366,0,1,Other,5,0,0.9033333333333333,High Risk
18270,2011-11-01 13:57:00,2010-10-03 10:49:00,3,444.55,209,17,26.150000000000002,38,394,0,Other,9,0,0.22333333333333333,Low Risk
18271,2010-04-09 09:26:00,2009-12-08 11:27:00,2,680.85,319,19,32.42142857142857,610,121,1,At Risk,7,0,0.9133333333333333,High Risk
18272,2011-12-07 12:43:00,2010-03-04 12:53:00,9,4385.9800000000005,2880,145,19.40699115044248,3,642,0,Champions,15,1,0.0033333333333333335,Low Risk
18273,2011-12-07 13:16:00,2010-04-28 12:24:00,4,357.0,140,1,89.25,2,588,0,Loyal Customers,11,1,0.23,Low Risk
18274,2011-11-09 17:03:00,2011-11-09 17:03:00,1,175.92,88,11,15.992727272727272,30,0,0,New / Potential,7,0,0.28,Low Risk
18275,2010-05-10 15:46:00,2009-12-08 16:23:00,2,741.85,417,19,39.044736842105266,578,152,1,At Risk,7,0,0.79,High Risk
18276,2011-10-27 10:54:00,2009-12-10 17:14:00,6,1656.52,1246,81,17.622553191489363,44,685,0,Champions,12,1,0.013333333333333334,Low Risk
18277,2011-10-12 15:22:00,2010-08-02 10:26:00,5,1180.05,449,53,18.43828125,58,436,0,Loyal Customers,11,1,0.2866666666666667,Low Risk
18278,2011-09-27 11:58:00,2010-10-31 12:13:00,2,414.20000000000005,140,22,17.258333333333336,74,330,0,Other,8,0,0.2633333333333333,Low Risk
18279,2010-07-08 14:48:00,2010-07-08 14:48:00,1,231.34,630,13,17.795384615384616,519,0,1,Other,4,0,0.9366666666666666,High Risk
18280,2011-03-07 09:52:00,2010-11-10 15:51:00,2,488.15000000000003,194,28,16.27166666666667,278,116,1,At Risk,7,0,0.6966666666666667,High Risk
18281,2011-06-12 10:53:00,2010-05-11 10:49:00,2,201.14,146,17,11.831764705882351,181,397,1,Other,7,0,0.8833333333333333,High Risk
18282,2011-12-02 11:43:00,2011-08-05 13:35:00,2,178.05,103,12,14.8375,8,118,0,Other,9,0,0.3433333333333333,Medium Risk
18283,2011-12-06 12:02:00,2010-02-19 17:16:00,22,2664.9,1679,352,2.841044776119403,4,654,0,Champions,14,1,0.0033333333333333335,Low Risk
18284,2010-10-04 11:33:00,2010-10-04 11:33:00,1,461.68,494,28,16.48857142857143,432,0,1,Other,5,0,0.8933333333333333,High Risk
18285,2010-02-17 10:24:00,2010-02-17 10:24:00,1,427.0,145,12,35.583333333333336,661,0,1,Other,5,0,0.6833333333333333,High Risk
18286,2010-08-20 11:57:00,2009-12-16 10:45:00,2,1296.43,608,67,19.349701492537314,477,247,1,At Risk,8,0,0.9466666666666667,High Risk
18287,2011-10-28 09:29:00,2010-05-17 11:55:00,7,4182.99,3013,120,26.987032258064513,43,528,0,Champions,13,1,0.11,Low Risk
