StockCode,Description,Revenue,Quantity,Orders
22423,REGENCY CAKESTAND 3 TIER,277656.25,24124,3317
85123A,WHITE HANGING HEART T-LIGHT HOLDER,247048.01,91757,4888
23843,"PAPER CRAFT , LITTLE BIRDIE",168469.6,80995,1
M,Manual,151777.67,9384,620
85099B,JUMBO BAG RED RETROSPOT,134307.44,74224,2612
POST,POSTAGE,124648.04,5235,1803
84879,ASSORTED COLOUR BIRD ORNAMENT,124351.86,78234,2652
47566,PARTY BUNTING,103283.38,23460,2077
23166,MEDIUM CERAMIC TOP STORAGE JAR,81416.73000000001,77916,195
22086,PAPER CHAIN KIT 50'S CHRISTMAS ,76598.18000000001,28380,1691
79321,CHILLI LIGHTS,69084.3,14843,922
85099F,JUMBO BAG STRAWBERRY,64127.77,35842,1514
21137,BLACK RECORD COVER FRAME,63092.12,18417,539
84347,ROTATING SILVER ANGELS T-LIGHT HLDR,55880.17,28606,525
82484,WOOD BLACK BOARD ANT WHITE FINISH,54525.36,9678,1048
21621,VINTAGE UNION JACK BUNTING,54432.62,6497,1121
15056N,EDWARDIAN PARASOL NATURAL,54332.61,10948,863
85099C,JUMBO  BAG BAROQUE BLACK WHITE,52188.18,28899,1449
23084,RABBIT NIGHT LIGHT,51251.24,27153,801
22470,HEART OF WICKER LARGE,49859.5,17104,1743
21733,RED HANGING HEART T-LIGHT HOLDER,48850.6,17228,1631
21931,JUMBO STORAGE BAG SUKI,47760.99,25970,1714
22189,CREAM HEART CARD HOLDER,47414.200000000004,15946,1129
15056BL,EDWARDIAN PARASOL BLACK,45885.07,9351,788
22178,VICTORIAN GLASS HANGING T-LIGHT,45746.75,37285,1442
22112,CHOCOLATE HOT WATER BOTTLE,45601.340000000004,9904,1447
22411,JUMBO SHOPPER VINTAGE RED PAISLEY,45059.13,24295,1680
22910,PAPER CHAIN KIT VINTAGE CHRISTMAS,44998.270000000004,16469,1233
21623,VINTAGE UNION JACK MEMOBOARD,44785.83,6125,499
21181,PLEASE ONE PERSON METAL SIGN,44310.600000000006,22379,1399
22386,JUMBO BAG PINK POLKADOT,43319.16,23572,1055
22469,HEART OF WICKER SMALL,43316.54,26193,1779
21929,JUMBO BAG PINK VINTAGE PAISLEY,43313.9,24108,1228
22138,BAKING SET 9 PIECE RETROSPOT ,43070.91,9035,1742
21843,RED RETROSPOT CAKE STAND,42862.74,4298,984
22111,SCOTTIE DOG HOT WATER BOTTLE,42463.200000000004,9092,1457
21754,HOME BUILDING BLOCK WORD,42453.11,7231,1831
21731,RED TOADSTOOL LED NIGHT LIGHT,41824.26,27102,1043
21175,GIN + TONIC DIET METAL SIGN,40940.78,19755,1385
22457,NATURAL SLATE HEART CHALKBOARD ,40276.170000000006,14187,1637
22326,ROUND SNACK BOXES SET OF4 WOODLAND ,40219.82,14630,1144
48138,DOORMAT UNION FLAG,40053.72,6146,874
82494L,WOODEN FRAME ANTIQUE WHITE ,39909.170000000006,14368,1773
20727,LUNCH BAG  BLACK SKULL.,39904.0,25392,1997
21915,RED  HARMONICA IN BOX ,39870.65,35229,884
71477,COLOUR GLASS. STAR T-LIGHT HOLDER,39822.34,13874,644
21232,STRAWBERRY CERAMIC TRINKET BOX,39682.67,33899,1818
22502,PICNIC BASKET WICKER 60 PIECES,39619.5,61,2
21166,COOK WITH WINE METAL SIGN ,37029.340000000004,19652,1225
82482,WOODEN PICTURE FRAME WHITE FINISH,37011.1,15643,1658
20728,LUNCH BAG CARS BLUE,36644.28,23304,1797
84078A,SET/4 WHITE RETRO STORAGE CUBES ,36259.65,1007,234
22629,SPACEBOY LUNCH BOX ,36150.99,20271,1108
23284,DOORMAT KEEP CALM AND COME IN,35880.85,5338,648
23298,SPOTTY BUNTING,35509.55,7633,1003
85066,CREAM SWEETHEART MINI CHEST,35264.729999999996,2948,809
20713,JUMBO BAG OWLS,35162.42,19463,920
48194,DOORMAT HEARTS,35069.4,5788,857
22114,HOT WATER BOTTLE TEA AND SYMPATHY,34479.62,8848,1298
22960,JAM MAKING SET WITH JARS,33833.72,8454,903
22328,ROUND SNACK BOXES SET OF 4 FRUITS ,33670.240000000005,12356,985
22720,SET OF 3 CAKE TINS PANTRY DESIGN ,33298.3,7010,1146
20726,LUNCH BAG WOODLAND,33004.76,20916,1585
22197,SMALL POPCORN HOLDER,32505.93,42955,1039
22699,ROSES REGENCY TEACUP AND SAUCER ,32470.65,11939,1056
20725,LUNCH BAG RED RETROSPOT,32137.5,20294,1520
84029E,RED WOOLLY HOTTIE WHITE HEART.,31876.47,9259,956
20685,DOORMAT RED RETROSPOT,31864.2,4806,758
21755,LOVE BUILDING BLOCK WORD,31590.41,5367,1485
48187,DOORMAT NEW ENGLAND,31461.34,5146,728
22630,DOLLY GIRL LUNCH BOX,30921.64,17340,998
22727,ALARM CLOCK BAKELIKE RED ,30703.09,8512,1144
85152,HAND OVER THE CHOCOLATE   SIGN ,30615.930000000004,16146,1300
82486,WOOD S/3 CABINET ANT WHITE FINISH,30363.75,3913,1002
22382,LUNCH BAG SPACEBOY DESIGN ,30131.7,18834,1874
22385,JUMBO BAG SPACEBOY DESIGN,29810.15,16383,971
21523,DOORMAT FANCY FONT HOME SWEET HOME,29691.95,4825,572
48185,DOORMAT FAIRY CAKE,29116.96,4760,420
20712,JUMBO BAG WOODLAND ANIMALS,29105.5,15709,915
15036,ASSORTED COLOURS SILK FAN,28766.32,40994,634
47590B,PINK HAPPY BIRTHDAY BUNTING,28581.4,5652,810
20679,EDWARDIAN PARASOL RED,28557.920000000002,6029,622
20914,SET/5 RED SPOTTY LID GLASS BOWLS,28513.300000000003,10526,787
82483,WOOD 2 DRAWER CABINET WHITE FINISH,27952.22,4774,1053
22379,RECYCLING BAG RETROSPOT ,27893.78,14259,1013
22139,RETROSPOT TEA SET CERAMIC 11 PC ,27595.33,5745,1145
22865,HAND WARMER OWL DESIGN,27514.63,13675,1058
22188,BLACK HEART CARD HOLDER,27324.45,10255,487
22622,BOX OF VINTAGE ALPHABET BLOCKS,27251.26,2833,511
20725,LUNCH BAG RED SPOTTY,27237.6,17456,1059
22666,RECIPE BOX PANTRY YELLOW DESIGN,27222.52,9600,1277
22077,6 RIBBONS RUSTIC CHARM,27031.04,16026,1361
21928,JUMBO BAG SCANDINAVIAN PAISLEY,26847.1,15358,721
22659,LUNCH BOX I LOVE LONDON,26596.719999999998,15156,763
23245,SET OF 3 REGENCY CAKE TINS,26566.280000000002,5844,718
23199,JUMBO BAG APPLES,26426.3,13875,718
21977,PACK OF 60 PINK PAISLEY CAKE CASES,26407.35,54592,1578
22467,GUMBALL COAT RACK,26149.13,11460,928
22492,MINI PAINT SET VINTAGE ,25900.19,41507,618
72741,GRAND CHOCOLATECANDLE,25895.4,19284,823
84991,60 TEATIME FAIRY CAKE CASES,25785.92,52828,1765
22752,SET 7 BABUSHKA NESTING BOXES,25620.99,3273,577
22726,ALARM CLOCK BAKELIKE GREEN,24898.96,6713,1041
22386,JUMBO BAG PINK WITH WHITE SPOTS,24450.6,13766,712
85099B,JUMBO BAG RED WHITE SPOTTY ,24323.85,13879,465
23355,HOT WATER BOTTLE KEEP CALM,24302.55,5313,719
47566B,TEA TIME PARTY BUNTING,24255.3,5612,655
22149,FELTCRAFT 6 FLOWER FRIENDS,24248.29,12174,1189
48138,DOOR MAT UNION FLAG,24216.23,3733,637
23201,JUMBO BAG ALPHABET,24160.44,12533,752
22624,IVORY KITCHEN SCALES,24137.48,2916,1065
84077,WORLD WAR 2 GLIDERS ASSTD DESIGNS,24098.03,105185,920
20972,PINK CREAM FELT CRAFT TRINKET BOX ,23812.52,20064,1224
37503,TEA TIME CAKE STAND IN GIFT BOX,23784.8,2384,465
84755,COLOUR GLASS T-LIGHT HOLDER HANGING,23598.510000000002,39259,1100
20971,PINK BLUE FELT CRAFT TRINKET BOX,23554.3,20500,1003
47590A,BLUE HAPPY BIRTHDAY BUNTING,23531.47,4681,633
22697,GREEN REGENCY TEACUP AND SAUCER,23507.24,8500,933
22866,HAND WARMER SCOTTY DOG DESIGN,23436.660000000003,11667,939
22197,POPCORN HOLDER,23417.51,30919,632
84836,ZINC METAL HEART DECORATION,23331.43,19328,1244
21108,FAIRY CAKE FLANNEL ASSORTED COLOUR,23322.62,12532,408
22551,PLASTERS IN TIN SPACEBOY,23194.95,14623,1156
21485,RETROSPOT HEART HOT WATER BOTTLE,23085.53,4895,815
22507,MEMO BOARD RETROSPOT  DESIGN,23083.44,5208,737
22084,PAPER CHAIN KIT EMPIRE,23049.95,8437,704
23173,REGENCY TEAPOT ROSES ,23033.52,2662,354
82583,HOT BATHS METAL SIGN,23010.120000000003,11797,820
71459,HANGING JAM JAR T-LIGHT HOLDER,22805.99,29255,815
21930,JUMBO STORAGE BAG SKULLS,22795.28,12305,997
22158,3 HEARTS HANGING DECORATION RUSTIC,22471.86,7982,646
22961,JAM MAKING SET PRINTED,22328.95,15867,903
22867,HAND WARMER BIRD DESIGN,22168.33,11000,907
23243,SET OF TEA COFFEE SUGAR TINS PANTRY,22109.079999999998,4658,385
82600,NO SINGING METAL SIGN,22097.04,11194,970
84978,HANGING HEART JAR T-LIGHT HOLDER,22079.739999999998,19012,1087
22383,LUNCH BAG SUKI  DESIGN ,22026.4,13896,1073
21212,PACK OF 72 RETRO SPOT CAKE CASES,21838.23,45129,1160
21231,SWEETHEART CERAMIC TRINKET BOX,21793.25,18488,1171
21481,FAWN BLUE HOT WATER BOTTLE,21779.5,7526,834
20914,SET/5 RED RETROSPOT LID GLASS BOWLS,21682.030000000002,7709,1003
21212,PACK OF 72 RETROSPOT CAKE CASES,21551.8,44721,1348
84946,ANTIQUE SILVER TEA GLASS ETCHED,21540.440000000002,18604,789
22734,SET OF 6 RIBBONS VINTAGE CHRISTMAS,21490.170000000002,8849,599
22171,3 HOOK PHOTO SHELF ANTIQUE WHITE,21458.42,2999,544
22835,HOT WATER BOTTLE I AM SO POORLY,21398.28,4638,815
22728,ALARM CLOCK BAKELIKE PINK,21369.98,5833,772
22087,PAPER BUNTING WHITE LACE,21336.350000000002,7752,663
84406B,CREAM CUPID HEARTS COAT HANGER,21256.0,6682,724
20749,ASSORTED COLOUR MINI CASES,21169.64,2972,726
22607,WOODEN ROUNDERS GARDEN SET ,20978.47,2406,643
22113,GREY HEART HOT WATER BOTTLE,20977.78,5623,913
22556,PLASTERS IN TIN CIRCUS PARADE ,20950.16,13112,1100
22090,PAPER BUNTING RETROSPOT,20933.24,7632,658
23202,JUMBO BAG VINTAGE LEAF,20921.55,10695,772
84029G,KNITTED UNION FLAG HOT WATER BOTTLE,20838.9,5724,758
22605,WOODEN CROQUET GARDEN SET,20813.809999999998,1710,548
22090,PAPER BUNTING RETRO SPOTS,20723.25,7595,607
23203,JUMBO BAG VINTAGE DOILY ,20641.4,10620,621
21314,SMALL GLASS HEART TRINKET POT,20588.260000000002,10447,711
22722,SET OF 6 SPICE TINS PANTRY DESIGN,20506.300000000003,5366,654
22554,PLASTERS IN TIN WOODLAND ANIMALS,20471.68,12824,1097
22698,PINK REGENCY TEACUP AND SAUCER,20329.640000000003,7408,746
48184,DOORMAT ENGLISH ROSE ,20298.8,3158,464
20711,JUMBO BAG TOYS ,20283.78,11326,671
22969,HOMEMADE JAM SCENTED CANDLES,20204.8,14012,577
37449,CERAMIC CAKE STAND + HANGING CAKES,20204.579999999998,2277,410
21790,VINTAGE SNAP CARDS,19957.34,25120,1480
22585,PACK OF 6 BIRDY GIFT TAGS,19950.85,16784,950
22139,RETRO SPOT TEA SET CERAMIC 11 PC ,19921.27,4304,692
84970S,HANGING HEART ZINC T-LIGHT HOLDER,19821.96,25389,1141
22083,PAPER CHAIN KIT RETRO SPOT,19804.550000000003,7351,490
22617,BAKING SET SPACEBOY DESIGN,19719.21,4165,883
22294,HEART FILIGREE DOVE  SMALL,19686.6,16260,707
22941,CHRISTMAS LIGHTS 10 REINDEER,19590.9,2487,406
22273,FELTCRAFT DOLL MOLLY,19332.93,7203,701
22570,FELTCRAFT CUSHION RABBIT,19282.55,5420,677
21524,DOORMAT SPOTTY HOME SWEET HOME,19215.5,2671,636
48188,DOORMAT WELCOME PUPPIES,19178.670000000002,3345,368
22625,RED KITCHEN SCALES,19149.63,2360,781
21791,VINTAGE HEADS AND TAILS CARD GAME ,19147.65,16199,1050
22568,FELTCRAFT CUSHION OWL,19128.13,5312,771
22569,FELTCRAFT CUSHION BUTTERFLY,18865.21,5357,679
22413,METAL SIGN TAKE IT OR LEAVE IT ,18863.02,6814,766
85150,LADIES & GENTLEMEN METAL SIGN,18847.98,8078,889
22693,GROW A FLYTRAP OR SUNFLOWER IN TIN,18798.98,17242,281
22501,PICNIC BASKET WICKER LARGE,18794.25,2055,497
85048,15CM CHRISTMAS GLASS BALL 20 LIGHTS,18618.75,2525,432
21622,VINTAGE UNION JACK CUSHION COVER,18495.47,3517,550
22558,CLOTHES PEGS RETROSPOT PACK 24 ,18411.74,13410,1017
21213,PACK OF 72 SKULL CAKE CASES,18319.18,38530,1156
22499,WOODEN UNION JACK BUNTING,18251.280000000002,3165,632
23206,LUNCH BAG APPLE DESIGN,18220.5,11530,866
22384,LUNCH BAG PINK POLKADOT,18207.2,11392,1101
21908,CHOCOLATE THIS WAY METAL SIGN,18041.24,9396,801
84949,SILVER HANGING T-LIGHT HOLDER,18001.35,11635,612
21340,CLASSIC METAL BIRDCAGE PLANT HOLDER,17888.71,1702,383
22561,WOODEN SCHOOL COLOURING SET,17861.22,11158,838
21174,POTTERING IN THE SHED METAL SIGN,17814.51,9247,855
22555,PLASTERS IN TIN STRONGMAN,17664.44,11048,856
22456,NATURAL SLATE CHALKBOARD LARGE ,17637.16,4016,595
23344,JUMBO BAG 50'S CHRISTMAS ,17636.04,8933,586
22427,ENAMEL FLOWER JUG CREAM,17471.23,3039,702
21936,RED RETROSPOT PICNIC BAG,17462.96,6292,701
22061,LARGE CAKE STAND  HANGING STRAWBERY,17354.85,2086,443
22147,FELTCRAFT BUTTERFLY HEARTS,17238.05,12605,1026
84947,ANTIQUE SILVER TEA GLASS ENGRAVED,17162.93,15028,559
21479,WHITE SKULL HOT WATER BOTTLE ,16917.32,4538,738
21136,PAINTED METAL PEARS ASSORTED,16907.51,10255,714
22633,HAND WARMER UNION JACK,16857.36,8364,790
22560,TRADITIONAL MODELLING CLAY,16851.64,14393,655
84945,MULTI COLOUR SILVER T-LIGHT HOLDER,16833.35,21125,585
23203,JUMBO BAG DOILEY PATTERNS,16737.1,8735,454
22169,FAMILY ALBUM WHITE PICTURE FRAME,16676.94,2094,570
22505,MEMO BOARD COTTAGE DESIGN,16599.89,3605,655
21218,RED SPOTTY BISCUIT TIN,16431.45,4715,588
22847,BREAD BIN DINER STYLE IVORY,16335.789999999999,1049,435
84992,72 SWEETHEART FAIRY CAKE CASES,16178.47,33936,1176
21527,RED RETROSPOT TRADITIONAL TEAPOT ,15892.74,2266,508
21164,HOME SWEET HOME METAL SIGN ,15888.490000000002,5839,630
22297,HEART IVORY TRELLIS SMALL,15836.59,12939,646
22424,ENAMEL BREAD BIN CREAM,15621.65,1300,559
48173C,DOORMAT BLACK FLOCK ,15618.36,2813,290
22557,PLASTERS IN TIN VINTAGE PAISLEY ,15614.59,9827,991
22083,PAPER CHAIN KIT RETROSPOT,15411.86,5514,585
21877,HOME SWEET HOME MUG,15399.56,13856,650
22383,LUNCH BAG SUKI DESIGN ,15332.9,9570,899
22690,DOORMAT HOME SWEET HOME BLUE ,15329.57,2493,401
71053,WHITE METAL LANTERN,15309.64,4306,583
22662,LUNCH BAG DOLLY GIRL DESIGN,15305.19,9715,872
22632,HAND WARMER RED RETROSPOT,15272.52,7578,675
84970L,SINGLE HEART ZINC T-LIGHT HOLDER,15241.51,16445,821
21559,STRAWBERRY LUNCH BOX WITH CUTLERY,15232.34,6418,798
22296,HEART IVORY TRELLIS LARGE,15218.08,9416,739
84946,ANTIQUE SILVER T-LIGHT GLASS,15176.42,12949,534
72760B,VINTAGE CREAM 3 BASKET CAKE STAND,15172.6,1632,444
20685,DOOR MAT RED SPOT,15093.48,2426,369
22041,"RECORD FRAME 7"" SINGLE SIZE ",15088.77,6845,319
21843,RETRO SPOT CAKE STAND,15083.449999999999,1431,295
84997D,PINK 3 PIECE MINI DOTS CUTLERY SET,15067.14,4198,416
20719,WOODLAND CHARLOTTE BAG,15030.64,19027,1062
22634,CHILDS BREAKFAST SET SPACEBOY ,15021.4,1627,464
22502,PICNIC BASKET WICKER SMALL,14945.6,2985,566
22652,TRAVEL SEWING KIT,14859.81,9353,716
21975,PACK OF 60 DINOSAUR CAKE CASES,14818.01,30881,1133
85014B,RED/WHITE DOTS RUFFLED UMBRELLA,14796.15,3405,373
22635,CHILDS BREAKFAST SET DOLLY GIRL ,14787.949999999999,1598,450
21430,SET/3 RED GINGHAM ROSE STORAGE BOX,14719.35,4169,578
21914,BLUE HARMONICA IN BOX ,14667.47,11830,815
22170,PICTURE FRAME WOOD TRIPLE PORTRAIT,14658.65,2309,510
17003,BROCADE RING PURSE ,14640.96,70082,387
21928,JUMBO BAG SCANDINAVIAN BLUE PAISLEY,14626.73,7754,451
84997B,RED 3 PIECE MINI DOTS CUTLERY SET,14609.91,4051,460
21891,TRADITIONAL WOODEN SKIPPING ROPE,14603.13,11721,664
82582,AREA PATROLLED METAL SIGN,14563.1,7346,696
84375,SET OF 20 KIDS COOKIE CUTTERS,14558.970000000001,7275,626
20750,RED RETROSPOT MINI CASES,14548.55,2021,479
22193,RED DINER WALL CLOCK,14527.09,1775,554
85014B,RED RETROSPOT UMBRELLA,14439.12,2613,421
21889,WOODEN BOX OF DOMINOES,14430.66,11803,869
21258,VICTORIAN SEWING BOX LARGE,14406.63,1229,344
22487,WHITE WOOD GARDEN PLANT LADDER,14256.96,1519,808
22993,SET OF 4 PANTRY JELLY MOULDS,14151.42,11769,866
22759,SET OF 3 NOTEBOOKS IN PARCEL,14138.4,8860,634
21484,CHICK GREY HOT WATER BOTTLE,14071.27,4085,676
21165,BEWARE OF THE CAT METAL SIGN ,14070.08,9080,779
22619,SET OF 6 SOLDIER SKITTLES,13950.85,3762,574
21770,OPEN CLOSED METAL SIGN,13926.810000000001,2896,580
22384,LUNCH BAG PINK RETROSPOT,13893.7,8738,730
84378,SET OF 3 HEART COOKIE CUTTERS,13862.84,11007,944
22837,HOT WATER BOTTLE BABUSHKA ,13807.25,3093,354
84997C,BLUE 3 PIECE MINI DOTS CUTLERY SET,13805.16,3820,445
84997D,CHILDRENS CUTLERY POLKADOT PINK,13788.300000000001,3528,323
21380,WOODEN HAPPY BIRTHDAY GARLAND,13770.150000000001,4877,540
22606,WOODEN SKITTLES GARDEN SET,13722.74,1022,337
35004C,SET OF 3 COLOURED  FLYING DUCKS,13577.15,2851,229
48111,DOORMAT 3 SMILEY CATS,13552.78,2290,326
22940,FELTCRAFT CHRISTMAS FAIRY,13462.18,3286,547
21217,RED SPOTTY ROUND CAKE TINS,13458.25,1415,418
21169,YOU'RE CONFUSING ME METAL SIGN ,13438.58,8642,621
47556B,TEA TIME TEA TOWELS ,13363.35,5141,408
84050,PINK HEART SHAPE EGG FRYING PAN,13316.63,9547,557
22191,IVORY DINER WALL CLOCK,13271.9,1629,475
22271,FELTCRAFT DOLL ROSIE,13244.460000000001,4744,691
79323P,PINK CHERRY LIGHTS,13198.1,2234,229
22295,HEART FILIGREE DOVE LARGE,13184.07,8159,620
22692,DOORMAT WELCOME TO OUR HOME,13103.81,1935,460
21094,SET/6 RED SPOTTY PAPER PLATES,13068.56,17752,692
23200,JUMBO BAG PEARS,13034.92,6729,470
23108,SET OF 10 LED DOLLY LIGHTS,12972.73,2192,351
23313,VINTAGE CHRISTMAS BUNTING,12960.12,2748,359
23356,LOVE HOT WATER BOTTLE,12954.75,2325,449
22236,CAKE STAND 3 TIER MAGIC GARDEN,12951.9,1074,391
22730,ALARM CLOCK BAKELIKE IVORY,12951.5,3451,616
21390,FILIGRIS HEART WITH BUTTERFLY,12849.14,10622,482
22173,METAL 4 HOOK HANGER FRENCH CHATEAU,12846.140000000001,4538,714
35970,ZINC FOLKART SLEIGH BELLS,12806.27,7851,545
15044A,PINK PAPER PARASOL ,12803.78,4894,194
22621,TRADITIONAL KNITTING NANCY,12780.57,8365,719
21704,BAG 250g SWIRLY MARBLES,12750.539999999999,16824,464
22636,CHILDS BREAKFAST SET CIRCUS PARADE,12716.380000000001,1565,460
22352,LUNCH BOX WITH CUTLERY RETROSPOT ,12669.04,5331,645
22946,WOODEN ADVENT CALENDAR CREAM,12588.45,869,208
22952,60 CAKE CASES VINTAGE CHRISTMAS,12556.77,25179,801
22655,VINTAGE RED KITCHEN CABINET,12550.0,75,52
C2,CARRIAGE,12546.0,249,248
48116,DOORMAT MULTICOLOUR STRIPE,12541.22,2273,193
48187,DOOR MAT NEW ENGLAND,12520.95,1953,423
22150,3 STRIPEY MICE FELTCRAFT,12515.65,6971,717
21871,SAVE THE PLANET MUG,12515.44,11099,600
23301,GARDENERS KNEELING PAD KEEP CALM ,12463.78,7722,756
62018,SOMBRERO ,12413.8,9548,123
21259,VICTORIAN SEWING BOX SMALL ,12409.960000000001,2171,553
22749,FELTCRAFT PRINCESS CHARLOTTE DOLL,12407.83,3407,621
21672,WHITE SPOT RED CERAMIC DRAWER KNOB,12354.22,10290,625
48129,DOORMAT TOPIARY,12345.7,2048,300
22766,PHOTO FRAME CORNICE,12280.18,4246,580
22355,CHARLOTTE BAG SUKI DESIGN,12268.65,15411,957
22627,MINT KITCHEN SCALES,12219.99,1476,558
22303,COFFEE MUG APPLES DESIGN,12179.95,5310,480
75049L,LARGE CIRCULAR MIRROR MOBILE,12173.5,13566,230
21912,VINTAGE SNAKES & LADDERS,12157.97,3387,615
22485,SET OF 2 WOODEN MARKET CRATES,12146.25,995,341
22776,SWEETHEART CAKESTAND 3 TIER,12130.4,1292,466
22909,SET OF 20 VINTAGE CHRISTMAS NAPKINS,12124.119999999999,15376,889
21669,BLUE STRIPE CERAMIC DRAWER KNOB,12115.21,9897,639
85014A,BLACK/BLUE DOTS RUFFLED UMBRELLA,12089.2,2944,283
85042,ANTIQUE LILY FAIRY LIGHTS,12081.0,2668,281
20724,RED RETROSPOT CHARLOTTE BAG,12034.8,15168,908
23207,LUNCH BAG ALPHABET DESIGN,11994.41,7533,647
21217,RED RETROSPOT ROUND CAKE TINS,11983.6,1268,350
22366,DOORMAT AIRMAIL ,11946.53,1943,320
22553,PLASTERS IN TIN SKULLS,11913.75,7363,905
21535,RED RETROSPOT SMALL MILK JUG,11908.050000000001,4943,713
DOT,DOTCOM POSTAGE,11906.36,16,16
22846,BREAD BIN DINER STYLE RED ,11879.06,771,309
21888,BINGO SET,11877.45,3219,626
15056P,EDWARDIAN PARASOL PINK,11872.810000000001,2436,321
84380,SET OF 3 BUTTERFLY COOKIE CUTTERS,11818.65,9592,814
84212,"ASSORTED FLOWER COLOUR ""LEIS""",11759.77,24665,258
22584,PACK OF 6 PANNETONE GIFT BOXES,11725.480000000001,4793,498
21955,DOORMAT UNION JACK GUNS AND ROSES,11722.24,2078,275
79323W, WHITE CHERRY LIGHTS,11697.300000000001,1986,215
20723,STRAWBERRY CHARLOTTE BAG,11654.8,14542,988
23077,DOUGHNUT LIP GLOSS ,11615.7,9642,308
22654,DELUXE SEWING KIT ,11611.27,2045,440
23174,REGENCY SUGAR BOWL GREEN,11567.24,2954,268
21156,RETROSPOT CHILDRENS APRON,11562.37,6437,526
22464,HANGING METAL HEART LANTERN,11530.56,7388,645
22838,3 TIER CAKE TIN RED AND CREAM,11467.38,844,220
21668,RED STRIPE CERAMIC DRAWER KNOB,11446.75,9391,614
22804,CANDLEHOLDER PINK HANGING HEART,11400.75,4069,521
22192,BLUE DINER WALL CLOCK,11358.78,1373,511
47567B,TEA TIME KITCHEN APRON,11321.320000000002,2128,320
21080,SET/20 RED SPOTTY PAPER NAPKINS ,11310.21,15165,781
22207,FRYING PAN UNION FLAG,11283.86,2858,324
22365,DOORMAT RESPECTABLE HOUSE,11282.69,1863,244
21080,SET/20 RED RETROSPOT PAPER NAPKINS ,11229.27,14329,890
22646,CERAMIC STRAWBERRY CAKE MONEY BANK,11187.26,8514,697
22082,RIBBON REEL STRIPES DESIGN ,11166.78,6878,819
20969,RED FLORAL FELTCRAFT SHOULDER BAG,11155.41,3090,518
22623,BOX OF VINTAGE JIGSAW BLOCKS ,11129.42,2195,500
22750,FELTCRAFT PRINCESS LOLA DOLL,11094.51,3039,597
21906,PHARMACIE FIRST AID TIN,11093.9,1642,311
22088,PAPER BUNTING COLOURED LACE,11086.900000000001,4038,478
21485,RED SPOT HEART HOT WATER BOTTLE,11031.1,2362,410
21673,WHITE SPOT BLUE CERAMIC DRAWER KNOB,11022.43,9171,563
84987,SET OF 36 TEATIME PAPER DOILIES,11012.88,7832,642
22444,GROW YOUR OWN PLANT IN A CAN ,10976.56,8960,328
22151,PLACE SETTING WHITE HEART,10910.31,27085,645
47599A,PINK PARTY BAGS,10841.48,5878,325
22301,COFFEE MUG CAT + BIRD DESIGN,10831.29,4733,466
22631,CIRCUS PARADE LUNCH BOX ,10791.83,5871,468
72351B,SET/6 PINK  BUTTERFLY T-LIGHTS,10779.640000000001,5681,426
21671,RED SPOT CERAMIC DRAWER KNOB,10762.47,8931,568
84988,SET OF 72 PINK HEART PAPER DOILIES,10729.4,7595,618
35400,WOODEN BOX ADVENT CALENDAR ,10710.1,1239,331
47591D,PINK FAIRY CAKE CHILDRENS APRON,10704.21,5839,682
22667,RECIPE BOX RETROSPOT ,10702.150000000001,3841,645
21260,FIRST AID TIN,10675.6,3370,442
21428,SET3 BOOK BOX GREEN GINGHAM FLOWER ,10667.05,2749,363
22950,36 DOILIES VINTAGE CHRISTMAS,10590.4,7744,299
22649,STRAWBERRY FAIRY CAKE TEAPOT,10577.95,2203,410
21937,STRAWBERRY   PICNIC BAG,10572.95,3801,499
22616,PACK OF 12 LONDON TISSUES ,10519.359999999999,37084,633
22417,PACK OF 60 SPACEBOY CAKE CASES,10465.49,20867,911
22943,CHRISTMAS LIGHTS 10 VINTAGE BAUBLES,10432.08,2258,286
21210,SET OF 72 RETRO SPOT PAPER  DOILIES,10423.199999999999,7488,449
21844,RED RETROSPOT MUG,10415.650000000001,3787,297
22988,SOLDIERS EGG CUP ,10415.22,9033,349
21172,PARTY METAL SIGN ,10392.72,7444,804
22637,PIGGY BANK RETROSPOT ,10377.02,4278,496
21868,POTTING SHED TEA MUG,10353.86,8770,719
48185,DOOR MAT FAIRY CAKE,10347.72,1640,316
23209,LUNCH BAG VINTAGE DOILY ,10347.66,6438,538
21326,AGED GLASS SILVER T-LIGHT HOLDER,10338.6,17004,532
22580,ADVENT CALENDAR GINGHAM SACK,10338.230000000001,1785,388
23209,LUNCH BAG DOILEY PATTERN ,10323.05,6477,464
22109,FULL ENGLISH BREAKFAST PLATE,10321.92,2872,389
22768,FAMILY PHOTO FRAME CORNICE,10310.19,1114,320
21907,I'M ON HOLIDAY METAL SIGN,10306.150000000001,4990,694
22729,ALARM CLOCK BAKELIKE ORANGE,10300.44,2797,500
22488,NATURAL SLATE RECTANGLE CHALKBOARD,10285.61,6453,653
22508,DOORSTOP RETROSPOT HEART,10283.5,2695,577
21121,SET/10 RED POLKADOT PARTY CANDLES,10238.49,8541,438
22468,BABUSHKA LIGHTS STRING OF 10,10229.64,1630,335
22274,FELTCRAFT DOLL EMILY,10227.310000000001,3675,578
22663,JUMBO BAG DOLLY GIRL DESIGN,10206.78,5367,526
21210,SET OF 72 RETROSPOT PAPER  DOILIES,10177.119999999999,7259,482
23170,REGENCY TEA PLATE ROSES ,10170.99,6563,328
21524,DOOR MAT SPOTTY HOME SWEET HOME,10121.69,1733,256
22367,CHILDRENS APRON SPACEBOY DESIGN,10120.289999999999,5455,714
22302,COFFEE MUG PEARS  DESIGN,10043.41,4808,352
21624,VINTAGE UNION JACK DOORSTOP,9987.98,1710,350
22791,T-LIGHT GLASS FLUTED ANTIQUE,9985.630000000001,8698,332
20828,GLITTER BUTTERFLY CLIPS,9951.0,4220,499
23208,LUNCH BAG VINTAGE LEAF DESIGN,9950.35,6191,597
23300,GARDENERS KNEELING PAD CUP OF TEA ,9933.69,6285,635
21429,RED GINGHAM ROSE JEWELLERY BOX,9907.5,5930,764
21670,BLUE SPOT CERAMIC DRAWER KNOB,9894.93,8061,580
22418,10 COLOUR SPACEBOY PEN,9878.1,11892,472
48111,DOOR MAT 3 SMILEY CATS,9861.69,1773,246
84997C,CHILDRENS CUTLERY POLKADOT BLUE,9827.25,2523,211
21833,CAMOUFLAGE LED TORCH,9797.310000000001,5931,337
21982,PACK OF 12 SUKI TISSUES ,9774.279999999999,31340,521
22620,4 TRADITIONAL SPINNING TOPS,9763.68,7559,654
22834,HAND WARMER BABUSHKA DESIGN,9747.83,6378,479
23343,JUMBO BAG VINTAGE CHRISTMAS ,9742.1,4905,385
22900, SET 2 TEA TOWELS I LOVE LONDON ,9726.85,3511,331
48194,DOOR MAT HEARTS,9715.06,1654,281
23076,ICE CREAM SUNDAE LIP GLOSS,9638.16,7896,248
21922,UNION STRIPE WITH FRINGE  HAMMOCK,9624.04,1280,330
84997B,CHILDRENS CUTLERY RETROSPOT RED ,9603.68,2492,229
22970,LONDON BUS COFFEE MUG,9582.15,4213,276
21257,VICTORIAN SEWING BOX MEDIUM,9550.49,1267,360
21086,SET/6 RED SPOTTY PAPER CUPS,9513.300000000001,15834,621
16014,SMALL CHINESE STYLE SCISSOR,9512.68,29354,92
22966,GINGERBREAD MAN COOKIE CUTTER,9497.91,7946,610
22795,SWEETHEART RECIPE BOOK STAND,9465.55,1465,402
22968,ROSE COTTAGE KEEPSAKE BOX ,9409.199999999999,1036,243
21216,"SET 3 RETROSPOT TEA,COFFEE,SUGAR",9376.67,2061,283
21974,SET OF 36 PAISLEY FLOWER DOILIES,9374.96,6652,557
20829,GLITTER HANGING BUTTERFLY STRING,9350.390000000001,4700,404
21890,S/6 WOODEN SKITTLES IN COTTON BAG,9347.16,3296,411
48184,DOOR MAT ENGLISH ROSE ,9343.43,1445,291
84792,ENCHANTED BIRD COATHANGER 5 HOOK,9326.33,2201,437
22064,PINK DOUGHNUT TRINKET POT ,9302.1,6214,479
22656,VINTAGE BLUE KITCHEN CABINET,9290.0,45,37
85099B,RED RETROSPOT JUMBO BAG ,9289.35,5333,183
22120,WELCOME  WOODEN BLOCK LETTERS,9289.2,967,316
22740,POLKADOT PEN,9276.83,11303,180
23240,SET OF 4 KNICK KNACK TINS DOILY ,9237.3,2286,312
22668,PINK BABY BUNTING,9236.86,3290,381
84880,WHITE WIRE EGG HOLDER,9227.800000000001,1668,327
84997D,PINK 3 PIECE POLKADOT CUTLERY SET,9227.380000000001,2558,253
22840,ROUND CAKE TIN VINTAGE RED,9211.630000000001,1233,367
23171,REGENCY TEA PLATE GREEN ,9184.9,5966,270
22978,PANTRY ROLLING PIN,9180.53,2406,197
21756,BATH BUILDING BLOCK WORD,9164.78,1543,519
22694,WICKER STAR ,9115.800000000001,4428,720
22904,CALENDAR PAPER CUT DESIGN,9110.29,3195,398
85014A,BLACK/BLUE POLKADOT UMBRELLA,9085.49,1622,357
82552,WASHROOM METAL SIGN,9080.01,6746,654
22380,TOY TIDY SPACEBOY  ,9044.0,4654,549
22767,TRIPLE PHOTO FRAME CORNICE ,9035.63,977,279
22300,COFFEE MUG DOG + BALL DESIGN,9021.390000000001,3923,411
22198,LARGE POPCORN HOLDER ,9006.2,5700,411
23175,REGENCY MILK JUG PINK ,8995.0,3062,272
22179,SET 10 LIGHTS NIGHT OWL,8990.8,1400,300
21745,GAOLERS KEYS DECORATIVE GARDEN ,8980.54,2670,460
21735,TWO DOOR CURIO CABINET,8960.1,765,202
22992,REVOLVER WOODEN RULER ,8944.439999999999,4914,285
22942,CHRISTMAS LIGHTS 10 SANTAS ,8912.95,1181,217
22429,ENAMEL MEASURING JUG CREAM,8867.29,2149,526
85232B,SET/3 RUSSIAN DOLL STACKING TINS,8864.300000000001,1866,301
47570B,TEA TIME TABLE CLOTH,8852.880000000001,928,188
22131,FOOD CONTAINER SET 3 LOVE HEART ,8846.17,4965,496
22089,PAPER BUNTING VINTAGE PAISLEY,8842.150000000001,3196,421
82001S,VINYL RECORD FRAME SILVER,8831.2,2550,177
21892,TRADITIONAL WOODEN CATCH CUP GAME ,8814.42,7273,601
22549,PICTURE DOMINOES,8813.74,6222,540
20970,PINK FLORAL FELTCRAFT SHOULDER BAG,8796.77,2403,504
22144,CHRISTMAS CRAFT LITTLE FRIENDS,8790.7,4289,535
22741,FUNKY DIVA PEN,8672.109999999999,10297,196
21035,SET/2 RED RETROSPOT TEA TOWELS ,8670.71,3001,292
21558,SKULL LUNCH BOX WITH CUTLERY ,8643.6,3630,490
21781,MA CAMPAGNE CUTLERY BOX,8609.25,595,314
22381,TOY TIDY PINK POLKADOT,8587.48,4378,381
84997B,RED 3 PIECE RETROSPOT CUTLERY SET,8574.54,2362,243
23582,VINTAGE DOILY JUMBO BAG RED ,8508.220000000001,4434,234
23581,JUMBO BAG PAISLEY PARK,8498.04,4358,302
22333,RETROSPOT PARTY BAG + STICKER SET,8497.18,5526,348
20724,RED SPOTTY CHARLOTTE BAG,8468.4,10648,587
22947,WOODEN ADVENT CALENDAR RED,8459.95,773,162
21985,PACK OF 12 HEARTS DESIGN TISSUES ,8441.64,24766,734
79000,MOROCCAN TEA GLASS,8407.609999999999,11309,333
22381,TOY TIDY PINK RETROSPOT  ,8393.1,4279,410
22725,ALARM CLOCK BAKELIKE CHOCOLATE,8367.84,2266,419
23318,BOX OF 6 MINI VINTAGE CRACKERS,8345.43,3645,329
22121,NOEL WOODEN BLOCK LETTERS ,8343.19,1411,386
21385,IVORY HANGING DECORATION  HEART,8324.58,10146,505
79323LP,LIGHT PINK CHERRY LIGHTS,8311.0,1420,159
22989,SET 2 PANTRY DESIGN TEA TOWELS,8310.17,2693,311
21539,RED RETROSPOT BUTTER DISH,8297.550000000001,1745,438
51008,AFGHAN SLIPPER SOCK PAIR,8251.15,2567,72
35961,FOLKART ZINC HEART CHRISTMAS DEC,8229.67,10651,397
84839,SWEETHEART KEY CABINET,8201.7,1478,351
84030E,ENGLISH ROSE HOT WATER BOTTLE,8191.91,2018,408
23319,BOX OF 6 MINI 50'S CRACKERS,8169.4800000000005,3520,365
21135,VICTORIAN  METAL POSTCARD SPRING,8155.09,5773,380
23322,LARGE WHITE HEART OF WICKER,8137.500000000001,2892,511
22844,VINTAGE CREAM DOG FOOD CONTAINER,8122.35,990,357
23082,SET 6 PAPER TABLE LANTERN HEARTS ,8110.68,2260,263
21787,RAIN PONCHO RETROSPOT,8096.48,10256,232
22895,SET OF 2 TEA TOWELS APPLE AND PEARS,8091.740000000001,2752,354
23078,ICE CREAM PEN LIP GLOSS ,8077.31,6607,213
22812,PACK 3 BOXES CHRISTMAS PANNETONE,8066.599999999999,4286,339
20974,12 PENCILS SMALL TUBE SKULL,8049.150000000001,12699,684
21777,RECIPE BOX WITH METAL HEART,8046.150000000001,1057,312
22357,KINGS CHOICE BISCUIT TIN,8044.09,1873,316
21933,PINK VINTAGE PAISLEY PICNIC BAG,8034.86,3782,469
22215,CAKE STAND WHITE TWO TIER LACE,8007.3,1029,319
23256,CHILDRENS CUTLERY SPACEBOY ,7966.08,1980,316
22751,FELTCRAFT PRINCESS OLIVIA DOLL,7965.29,2195,414
21769,VINTAGE POST OFFICE CABINET,7954.87,123,48
23080,RED METAL BOX TOP SECRET,7920.78,998,221
22771,CLEAR DRAWER KNOB ACRYLIC EDWARDIAN,7917.11,6547,382
21488,RED WHITE SCARF  HOT WATER BOTTLE,7914.150000000001,2157,301
21935,SUKI  SHOULDER BAG,7898.07,5021,452
37370,RETRO COFFEE MUGS ASSORTED,7897.5,6948,344
84997C,BLUE 3 PIECE POLKADOT CUTLERY SET,7889.360000000001,2188,227
20750,RED/WHITE DOT MINI CASES,7859.75,1109,250
21381,MINI WOODEN HAPPY BIRTHDAY GARLAND,7845.81,4893,376
48188,DOOR MAT WELCOME PUPPIES,7835.1,1414,229
21121,SET/10 RED SPOTTY PARTY CANDLES,7826.91,6495,350
21122,SET/10 PINK POLKADOT PARTY CANDLES,7807.610000000001,6464,376
21716,BOYS VINTAGE TIN SEASIDE BUCKET,7744.58,3336,306
22078,RIBBON REEL LACE DESIGN ,7739.6,3801,385
21186,WHITE DOVE HONEYCOMB PAPER GARLAND,7729.05,5017,274
20718,RED SPOTTY SHOPPER BAG,7711.95,6659,397
22079,RIBBON REEL HEARTS DESIGN ,7670.64,4736,542
21533,RETROSPOT LARGE MILK JUG,7592.85,1595,393
21658,GLASS  BEURRE DISH,7590.450000000001,2007,345
23439,HAND WARMER RED LOVE HEART,7574.1,3721,371
21715,GIRLS VINTAGE TIN SEASIDE BUCKET,7566.87,3229,317
21533,RETRO SPOT LARGE MILK JUG,7561.6,1600,452
21098,CHRISTMAS TOILET ROLL,7534.29,6431,412
21874,GIN AND TONIC MUG,7509.76,6122,455
23328,SET 6 SCHOOL MILK BOTTLES IN CRATE,7495.29,2063,281
22796,PHOTO FRAME 3 CLASSIC HANGING,7484.4,771,293
21875,KINGS CHOICE MUG,7450.17,6681,326
22327,ROUND SNACK BOXES SET OF 4 SKULLS,7440.6,2628,464
85049E,SCANDINAVIAN REDS RIBBONS,7427.48,5933,681
85067,CREAM SWEETHEART WALL CABINET,7417.259999999999,472,154
21523,DOOR MAT FANCY FONT HOME SWEET HOME,7415.39,1117,193
22212,FOUR HOOK  WHITE LOVEBIRDS,7412.31,3709,608
22329,ROUND CONTAINER SET OF 5 RETROSPOT,7408.75,4755,418
82551,LAUNDRY 15C METAL SIGN,7401.59,5350,550
22466,FAIRY TALE COTTAGE NIGHTLIGHT,7389.599999999999,4208,227
21155,RED RETROSPOT PEG BAG,7382.05,3244,431
72807C,SET/3 VANILLA SCENTED CANDLE IN BOX,7364.91,1835,238
22195,LARGE HEART MEASURING SPOONS,7357.47,4519,515
21737,SET 3 WICKER LOG BASKETS,7320.15,397,163
22275,WEEKEND BAG VINTAGE ROSE PAISLEY,7315.950000000001,902,280
21932,SCANDINAVIAN PAISLEY PICNIC BAG,7260.76,3517,494
21035,SET/2 RED SPOTTY TEA TOWELS ,7225.150000000001,2533,327
22748,POPPY'S PLAYHOUSE KITCHEN,7192.01,3498,616
21531,RED RETROSPOT SUGAR JAM BOWL,7179.0,3026,471
22665,RECIPE BOX BLUE SKETCHBOOK DESIGN,7172.81,2535,507
85049A,TRADITIONAL CHRISTMAS RIBBONS,7171.83,5802,562
22689,DOORMAT MERRY CHRISTMAS RED ,7171.64,1004,211
22890,NOVELTY BISCUITS CAKE STAND 3 TIER,7164.469999999999,767,230
21527,RETRO SPOT TRADITIONAL TEAPOT ,7149.0,960,221
21411,GINGHAM HEART  DOORSTOP RED,7146.39,1943,507
23240,SET OF 4 KNICK KNACK TINS DOILEY ,7132.7,1802,172
21870,I CAN ONLY PLEASE ONE PERSON MUG,7124.67,5925,539
23238,SET OF 4 KNICK KNACK TINS LONDON ,7116.65,1775,233
21976,PACK OF 60 MUSHROOM CAKE CASES,7073.63,14053,713
22809,SET OF 6 T-LIGHTS SANTA,7053.760000000001,2452,327
22628,PICNIC BOXES SET OF 3 RETROSPOT ,7051.25,1515,250
21463,MIRRORED DISCO BALL ,7051.150000000001,1320,280
20685,DOORMAT RED SPOT,7050.21,1035,187
23007, SPACEBOY BABY GIFT SET,7048.549999999999,449,142
72351A,SET/6 TURQUOISE BUTTERFLY T-LIGHTS,7035.59,3646,352
22219,LOVEBIRD HANGING DECORATION WHITE ,7009.55,8375,726
84692,BOX OF 24 COCKTAIL PARASOLS,6964.39,17299,721
22371,AIRLINE BAG VINTAGE TOKYO 78,6962.48,1522,505
21497,FANCY FONTS BIRTHDAY WRAP,6957.0,17450,483
23215,JINGLE BELL HEART ANTIQUE SILVER,6955.8,3544,197
22784,LANTERN CREAM GAZEBO ,6932.82,1474,323
48173C,DOOR MAT BLACK FLOCK ,6922.9,1220,170
21114,LAVENDER SCENTED FABRIC HEART,6920.43,5591,460
23320,GIANT 50'S CHRISTMAS CRACKER,6907.52,2628,310
85064,CREAM SWEETHEART LETTER RACK,6897.62,1538,239
22489,PACK OF 12 TRADITIONAL CRAYONS,6889.77,17090,609
22283,6 EGG HOUSE PAINTED WOOD,6881.6900000000005,923,297
21984,PACK OF 12 PINK PAISLEY TISSUES ,6880.0,25150,350
85220,SMALL FAIRY CAKE FRIDGE MAGNETS,6875.0,12236,5
22550,HOLIDAY FUN LUDO,6869.0,1921,346
21981,PACK OF 12 WOODLAND TISSUES ,6855.19,25859,386
22745,POPPY'S PLAYHOUSE BEDROOM ,6820.150000000001,3330,556
22991,GIRAFFE WOODEN RULER,6816.84,3708,234
22356,CHARLOTTE BAG PINK POLKADOT,6812.09,8455,600
21122,SET/10 PINK SPOTTY PARTY CANDLES,6807.88,5636,363
23321,SMALL WHITE HEART OF WICKER,6798.1,4262,582
84997A,GREEN 3 PIECE MINI DOTS CUTLERY SET,6762.54,1886,226
22243,5 HOOK HANGER RED MAGIC TOADSTOOL,6757.95,4471,181
22563,HAPPY STENCIL CRAFT,6756.4,5857,481
21115,ROSE CARAVAN DOORSTOP,6753.91,1161,356
23493,VINTAGE DOILY TRAVEL SEWING KIT,6736.2,3516,349
22813,PACK 3 BOXES BIRD PANNETONE ,6735.95,3613,276
23083,SET 6 PAPER TABLE LANTERN STARS ,6735.88,1859,209
85065,CREAM SWEETHEART TRAYS,6734.5,582,232
22055,MINI CAKE STAND  HANGING STRAWBERY,6731.23,4491,476
22592,CARDHOLDER HOLLY WREATH METAL,6730.6,1814,251
22938,CUPCAKE LACE PAPER SET 6,6722.629999999999,3631,251
82580,BATHROOM METAL SIGN,6683.860000000001,12594,927
23297,SET 40 HEART SHAPE PETIT FOUR CASES,6677.0,4260,140
22465,HANGING METAL STAR LANTERN,6656.83,4325,386
22085,PAPER CHAIN KIT SKULLS ,6651.900000000001,2482,192
20718,RED RETROSPOT SHOPPER BAG,6647.31,5596,469
10002,INFLATABLE POLITICAL GLOBE ,6638.2699999999995,8479,297
22626,BLACK KITCHEN SCALES,6619.43,802,305
22779,WOODEN OWLS LIGHT GARLAND ,6610.1,1730,191
22618,COOKING SET RETROSPOT,6609.839999999999,696,224
11001,ASSTD DESIGN RACING CAR PEN,6608.8099999999995,4273,178
85014D,PINK/BROWN DOTS RUFFLED UMBRELLA,6607.6,1912,86
21216,"SET 3 RED SPOT TIN TEA,COFFEE,SUGAR",6605.1,1426,239
84997A,CHILDRENS CUTLERY POLKADOT GREEN ,6599.06,1688,166
21903,MAN FLU METAL SIGN,6574.380000000001,3342,346
22567,20 DOLLY PEGS RETROSPOT,6568.75,5385,431
22839,3 TIER CAKE TIN GREEN AND CREAM,6558.5599999999995,476,184
22588,CARD HOLDER GINGHAM HEART,6539.27,2541,398
20685,RED SPOTTY COIR DOORMAT,6538.75,1097,164
23008,DOLLY GIRL BABY GIFT SET,6534.049999999999,419,120
16156S,WRAP PINK FAIRY CAKES ,6527.12,16586,417
23254,CHILDRENS CUTLERY DOLLY GIRL ,6525.55,1621,268
22349,DOG BOWL CHASING BALL DESIGN,6515.62,1688,200
22907,PACK OF 20 NAPKINS PANTRY DESIGN,6497.87,8141,675
47599B,BLUE PARTY BAGS ,6476.54,3441,262
22358,KINGS CHOICE TEA CADDY ,6468.580000000001,2286,384
21033,JUMBO BAG CHARLIE AND LOLA TOYS,6463.67,3411,293
23293,SET OF 12 FAIRY CAKE BAKING CASES,6457.0,8228,465
22029,SPACEBOY BIRTHDAY CARD,6440.06,16198,808
22738,RIBBON REEL SNOWY VILLAGE,6431.68,4012,352
21361,LOVE LARGE WOOD LETTERS ,6422.85,519,250
23134,LARGE ZINC HEART WALL ORGANISER,6414.48,1064,37
21563,RED HEART SHAPE LOVE BUCKET ,6408.870000000001,2701,302
48129,DOOR MAT TOPIARY,6407.06,1020,188
84568,GIRLS ALPHABET IRON ON PATCHES ,6399.57,33217,72
37450,CERAMIC CAKE BOWL + HANGING CAKES,6398.55,2337,313
22493,PAINT YOUR OWN CANVAS SET,6382.53,4025,335
22661,CHARLOTTE BAG DOLLY GIRL DESIGN,6365.84,8034,536
20717,STRAWBERRY SHOPPER BAG,6353.53,5335,500
22221,CAKE STAND LOVEBIRD 2 TIER PINK,6339.0,884,138
22528,GARDENERS KNEELING PAD,6329.83,5363,449
37448,CERAMIC CAKE DESIGN SPOTTED MUG,6308.0199999999995,4394,433
47502,POLKADOT CUTLERY 24 PCS IN TRAY,6307.15,617,58
22783,SET 3 WICKER OVAL BASKETS W LIDS,6277.17,481,44
48116,DOOR MAT MULTICOLOUR STRIPE,6270.6900000000005,1037,192
22669,RED BABY BUNTING ,6266.75,2165,334
22332,SKULLS PARTY BAG + STICKER SET,6264.049999999999,4065,334
22141,CHRISTMAS CRAFT TREE TOP ANGEL,6249.280000000001,3060,434
22360,GLASS JAR ENGLISH CONFECTIONERY,6248.8,2284,302
23553,LANDMARK FRAME CAMDEN TOWN ,6244.85,557,62
22645,CERAMIC HEART FAIRY CAKE MONEY BANK,6241.69,4563,551
22220,CAKE STAND LOVEBIRD 2 TIER WHITE,6230.049999999999,711,244
22798,ANTIQUE GLASS DRESSING TABLE POT,6228.360000000001,2172,258
21876,POTTERING MUG,6222.47,5303,403
22826,LOVE SEAT ANTIQUE WHITE METAL,6210.0,58,41
23382,BOX OF 6 CHRISTMAS CAKE DECORATIONS,6155.04,1712,163
23229,VINTAGE DONKEY TAIL GAME ,6146.89,1750,215
22780,LIGHT GARLAND BUTTERFILES PINK,6142.09,1617,177
22526,WHEELBARROW FOR CHILDREN ,6133.62,518,187
21124,SET/10 BLUE POLKADOT PARTY CANDLES,6131.12,5080,293
85175,CACTI T-LIGHT CANDLES,6128.12,15302,409
37500,TEA TIME TEAPOT IN GIFT BOX,6126.7699999999995,823,216
22577,WOODEN HEART CHRISTMAS SCANDINAVIAN,6124.849999999999,12969,726
82486,3 DRAWER ANTIQUE WHITE WOOD CABINET,6124.13,707,186
23480,MINI LIGHTS WOODLAND MUSHROOMS,6118.59,1717,173
20975,12 PENCILS SMALL TUBE RED RETROSPOT,6111.650000000001,9493,459
22432,WATERING CAN PINK BUNNY,6110.9,3340,424
85068,CREAM SWEETHEART SHELF + HOOKS,6097.56,922,173
23541,WALL ART CLASSIC PUDDINGS ,6093.49,821,118
22810,SET OF 6 T-LIGHTS SNOWMEN,6088.130000000001,2079,280
23103,JINGLE BELL HEART DECORATION,6055.95,3679,307
85047,WHITE BEADED GARLAND STRING 20LIGHT,6043.099999999999,994,201
47591D,PINK FAIRY CAKE CHILD'S APRON,6032.3099999999995,3325,352
22582,PACK OF 6 SWEETIE GIFT BOXES,6025.360000000001,2459,252
22945,CHRISTMAS METAL TAGS ASSORTED ,6025.21,7369,278
22224,WHITE LOVEBIRD LANTERN,6016.950000000001,2105,304
22644,CERAMIC CHERRY CAKE MONEY BANK,6016.429999999999,4583,465
22174,PHOTO CUBE,6011.24,3928,303
22431,WATERING CAN BLUE ELEPHANT,6004.75,3179,498
21201,TROPICAL  HONEYCOMB PAPER GARLAND ,5980.35,2629,183
21586,KINGS CHOICE GIANT TUBE MATCHES,5977.950000000001,2567,236
47559B,TEA TIME OVEN GLOVE,5977.87,4970,609
22504,CABIN BAG VINTAGE RETROSPOT,5976.95,269,76
23307,SET OF 60 PANTRY DESIGN CAKE CASES ,5974.389999999999,11661,504
21989,PACK OF 20 SKULL PAPER NAPKINS,5973.09,8073,468
21980,PACK OF 12 RED SPOTTY TISSUES ,5922.509999999999,22641,224
21124,SET/10 BLUE SPOTTY PARTY CANDLES,5921.35,4883,306
22430,ENAMEL WATERING CAN CREAM,5916.4400000000005,1288,303
22827,RUSTIC  SEVENTEEN DRAWER SIDEBOARD,5910.0,38,29
21107,CREAM SLICE FLANNEL PINK SPOT ,5873.55,2157,228
22596,CHRISTMAS STAR WISH LIST CHALKBOARD,5853.92,6080,402
22900,SET 2 TEA TOWELS I LOVE LONDON ,5839.75,1947,176
22187,GREEN CHRISTMAS TREE CARD HOLDER,5838.0199999999995,1982,290
22491,PACK OF 12 COLOURED PENCILS,5831.36,7322,360
20676,RED RETROSPOT BOWL,5827.1900000000005,5020,375
21746,SMALL RED RETROSPOT WINDMILL,5819.32,4896,329
84884A,ANT WHITE WIRE HEART SPIRAL,5817.66,1654,269
22354,RETROSPOT PADDED SEAT CUSHION,5807.77,1613,185
23172,REGENCY TEA PLATE PINK,5793.28,3688,224
85062,PEARL CRYSTAL PUMPKIN T-LIGHT HLDR,5792.07,3648,278
22979,PANTRY WASHING UP BRUSH,5785.71,3913,304
22435,SET OF 9 HEART SHAPED BALLOONS,5783.04,4716,445
85178,VICTORIAN SEWING KIT,5777.54,5294,254
20973,12 PENCIL SMALL TUBE WOODLAND,5776.55,9091,514
23247,BISCUIT TIN 50'S CHRISTMAS,5760.52,2048,271
20754,RETRO RED SPOTTY WASHING UP GLOVES,5747.46,3011,338
22142,CHRISTMAS CRAFT WHITE FAIRY ,5741.94,4090,429
84032B,CHARLIE + LOLA RED HOT WATER BOTTLE,5741.6,2788,405
22377,BOTTLE BAG RETROSPOT ,5741.29,3212,288
72802C,VANILLA SCENT CANDLE JEWELLED BOX,5725.34,2140,234
21498,RED RETROSPOT WRAP ,5724.24,14022,438
22185,SLATE TILE NATURAL HANGING,5723.6,3738,375
23485,BOTANICAL GARDENS WALL CLOCK ,5719.0,259,80
22414,DOORMAT NEIGHBOURHOOD WITCH ,5709.31,1043,127
22498,WOODEN REGATTA BUNTING,5704.45,991,294
22130,PARTY CONE CHRISTMAS DECORATION ,5704.04,6896,358
23113,PANTRY CHOPPING BOARD,5695.860000000001,1138,43
79323W,WHITE CHERRY LIGHTS,5687.5,962,98
23296,SET OF 6 TEA TIME BAKING CASES,5684.650000000001,4877,319
21918,SET 12 KIDS COLOUR  CHALK STICKS,5681.2,14126,585
22849,BREAD BIN DINER STYLE MINT,5676.3099999999995,369,147
20751,FUNKY WASHING UP GLOVES ASSORTED,5652.120000000001,2736,408
22781,GUMBALL MAGAZINE RACK,5633.54,768,225
23204,CHARLOTTE BAG APPLES DESIGN,5632.15,7039,425
21625,VINTAGE UNION JACK APRON,5630.64,838,245
85174,S/4 CACTI CANDLES,5606.82,1282,229
22045,SPACEBOY GIFT WRAP,5603.64,13642,442
22971,QUEENS GUARD COFFEE MUG,5603.570000000001,2365,233
22311,OFFICE MUG WARMER BLACK+SILVER ,5576.95,1937,190
23311,VINTAGE CHRISTMAS STOCKING ,5564.25,2199,281
22364,GLASS JAR DIGESTIVE BISCUITS,5556.55,1893,224
21988,PACK OF 6 SKULL PAPER PLATES,5544.05,7649,350
22855,FINE WICKER HEART ,5541.56,4612,345
22063,CERAMIC BOWL WITH STRAWBERRY DESIGN,5532.55,2161,258
23312,VINTAGE CHRISTMAS GIFT SACK,5523.0,1364,193
22841,ROUND CAKE TIN VINTAGE GREEN,5501.08,724,282
22348,TEA BAG PLATE RED SPOTTY ,5496.02,6866,337
21561,DINOSAUR LUNCH BOX WITH CUTLERY,5493.93,2320,342
84997A,GREEN 3 PIECE POLKADOT CUTLERY SET,5473.05,1519,152
22331,WOODLAND PARTY BAG + STICKER SET,5456.36,3460,345
22065,CHRISTMAS PUDDING TRINKET POT ,5453.99,8257,333
20979,36 PENCILS TUBE RED RETROSPOT,5450.4400000000005,4516,316
16161P,WRAP ENGLISH ROSE ,5435.4,13198,440
22148,EASTER CRAFT 4 CHICKS ,5430.3,2994,243
21110,LARGE CAKE TOWEL PINK SPOTS,5426.45,1251,229
21703,BAG 125g SWIRLY MARBLES,5416.09,14289,452
23118,PARISIENNE JEWELLERY DRAWER ,5399.02,765,225
21749,LARGE RED SPOT WINDMILL,5390.4,2894,34
23135,SMALL ZINC HEART WALL ORGANISER,5378.8,1538,42
23169,CLASSIC GLASS COOKIE JAR,5350.2,1332,248
22848,BREAD BIN DINER STYLE PINK,5339.95,350,130
21768,WALL MOUNTED VINTAGE ORGANISER,5339.79,447,123
21207,SKULL AND CROSSBONES  GARLAND ,5337.2,3480,212
37495,FAIRY CAKE BIRTHDAY CANDLE SET,5337.0,1500,288
22578,WOODEN STAR CHRISTMAS SCANDINAVIAN,5333.28,12180,662
22168,ORGANISER WOOD ANTIQUE WHITE ,5323.8,642,302
22575,METAL MERRY CHRISTMAS WREATH,5321.849999999999,2807,299
23531,WALL ART BIG LOVE ,5319.36,960,97
21242,RED RETROSPOT PLATE ,5310.5199999999995,3340,272
21432,SET OF 3 CASES WOODLAND DESIGN,5298.650000000001,927,227
22072,RED RETROSPOT TEA CUP AND SAUCER ,5295.57,1561,299
22746,POPPY'S PLAYHOUSE LIVINGROOM ,5292.02,2589,460
22964,3 PIECE SPACEBOY COOKIE CUTTER SET,5288.740000000001,2635,321
22060,LARGE CAKE STAND HANGING HEARTS,5285.22,714,143
21667,GLASS CAKE COVER AND PLATE,5272.549999999999,329,141
22341,LOVE GARLAND PAINTED ZINC ,5252.599999999999,3332,139
23583,LUNCH BAG PAISLEY PARK  ,5251.25,3305,298
72756,FAIRY CAKE CANDLES,5230.61,3841,125
22441,GROW YOUR OWN BASIL IN ENAMEL MUG,5215.5,2515,390
22437,SET OF 9 BLACK SKULL BALLOONS,5197.6,6332,358
23192,BUNDLE OF 3 ALPHABET EXERCISE BOOKS,5197.17,3269,312
22854,CREAM SWEETHEART EGG HOLDER,5177.95,1093,216
22282,12 EGG HOUSE PAINTED WOOD,5176.67,475,143
21491,SET OF THREE VINTAGE GIFT WRAPS,5167.049999999999,2827,222
22460,EMBOSSED GLASS TEALIGHT HOLDER,5162.34,4259,289
21934,SKULL SHOULDER BAG,5155.7,3258,345
22899,CHILDREN'S APRON DOLLY GIRL ,5150.78,2566,339
20676,RED SPOTTY BOWL,5145.87,4383,345
79067,CORONA MEXICAN TRAY,5143.7,1454,275
23133,LARGE IVORY HEART WALL ORGANISER,5142.91,759,134
22564,ALPHABET STENCIL CRAFT,5137.01,4526,312
22660,DOORMAT I LOVE LONDON,5136.67,831,148
22670,FRENCH WC SIGN BLUE METAL,5136.36,4283,315
84832,ZINC WILLIE WINKIE  CANDLE STICK,5127.219999999999,6166,442
21587,COSY HOUR GIANT TUBE MATCHES,5127.15,2053,255
22333,RETRO SPORT PARTY BAG + STICKER SET,5122.15,3339,218
23158,SET OF 5 LUCKY CAT MAGNETS ,5117.32,2536,187
21498,RED SPOTS  WRAP ,5105.0,12650,361
21078,SET/20 STRAWBERRY PAPER NAPKINS ,5097.7699999999995,6539,537
84520B,PACK 20 ENGLISH ROSE PAPER NAPKINS,5096.74,6598,528
21900,"KEY FOB , SHED",5094.29,8033,654
22763,KEY CABINET MA CAMPAGNE,5089.59,645,119
85232B,SET OF 3 BABUSHKA STACKING TINS,5085.5,1050,140
21154,RED RETROSPOT OVEN GLOVE ,5083.88,4344,344
21452,TOADSTOOL MONEY BOX,5083.250000000001,1763,328
22483,RED GINGHAM TEDDY BEAR ,5080.68,1812,302
79029,GLASS HONEYPOT WASP CATCHER,5073.15,2849,292
84971S,SMALL HEART FLOWERS HOOK ,5053.259999999999,6206,325
22117,METAL SIGN HER DINNER IS SERVED ,5051.6,1724,196
23157,SET OF 6 NATIVITY MAGNETS ,5031.55,2530,145
23177,TREASURE ISLAND BOOK BOX,5029.8,2428,214
22165,"DIAMANTE HEART SHAPED WALL MIRROR, ",5020.41,783,127
21242,RED SPOTTY PLATE ,5015.91,3135,247
46000S,POLYESTER FILLER PAD 40x40cm,5003.95,3451,369
22595,CHRISTMAS GINGHAM HEART,5000.33,6125,309
20975,12 PENCILS SMALL TUBE RED SPOTTY,4998.05,7997,304
35832,WOOLLY HAT SOCK GLOVE ADVENT STRING,4995.85,1687,162
21872,GLAMOROUS  MUG,4993.0,5032,285
23132,SMALL IVORY HEART WALL ORGANISER,4989.08,1008,141
22951,60 CAKE CASES DOLLY GIRL DESIGN,4983.61,9707,492
22845,VINTAGE CREAM CAT FOOD CONTAINER,4976.139999999999,831,287
22687,DOORMAT CHRISTMAS VILLAGE,4966.929999999999,837,113
40016,CHINESE DRAGON PAPER LANTERNS,4961.12,15301,196
21730,GLASS STAR FROSTED T-LIGHT HOLDER,4952.09,1047,259
22030,SWALLOWS GREETING CARD,4948.05,12340,601
22443,GROW YOUR OWN HERBS SET OF 3,4945.4400000000005,648,238
21749,LARGE RED RETROSPOT WINDMILL,4941.0,2560,181
35004B,SET OF 3 BLACK FLYING DUCKS,4937.8,1228,120
21528,DAIRY MAID TRADITIONAL TEAPOT ,4937.650000000001,831,215
85038,6 CHOCOLATE LOVE HEART T-LIGHTS,4935.76,2502,282
22898,CHILDRENS APRON APPLES DESIGN,4934.6,2626,349
22737,RIBBON REEL CHRISTMAS PRESENT ,4925.54,2998,381
23154,SET OF 4 JAM JAR MAGNETS,4922.01,2441,214
23556,LANDMARK FRAME COVENT GARDEN ,4912.05,435,52
21069,VINTAGE BILLBOARD TEA MUG,4909.400000000001,4901,178
22335,HEART DECORATION PAINTED ZINC ,4895.1,8034,336
23310,BUBBLEGUM RING ASSORTED,4894.83,11891,213
22739,RIBBON REEL CHRISTMAS SOCK BAUBLE,4893.84,2944,380
22632,HAND WARMER RED POLKA DOT,4876.2,2592,46
22957,SET 3 PAPER VINTAGE CHICK PAPER EGG,4872.3,1746,196
22894,TABLECLOTH RED APPLES DESIGN ,4861.95,541,173
21155,RED SPOTTY PEG BAG,4858.62,2561,293
23543,WALL ART KEEP CALM ,4853.5,958,74
22378,WALL TIDY RETROSPOT ,4850.66,3046,288
22196,SMALL HEART MEASURING SPOONS,4850.5,5773,564
85132C,CHARLIE AND LOLA FIGURES TINS,4843.53,1919,191
22186,RED STAR CARD HOLDER,4840.84,1904,284
22842,BISCUIT TIN VINTAGE RED,4837.55,761,212
22534,MAGIC DRAWING SLATE SPACEBOY ,4833.3,11981,461
21832,CHOCOLATE CALCULATOR,4833.23,2995,281
84937,KASHMIR FOLKART TUMBLERS,4827.82,2486,83
22595,GINGHAM HEART DECORATION,4817.33,5951,331
22156,HEART DECORATION WITH PEARLS ,4816.42,5717,414
23109,PACK OF SIX LED TEA LIGHTS,4808.55,1715,174
23126,FELTCRAFT GIRL AMELIE KIT,4799.38,982,255
23263,SET OF 3 WOODEN HEART DECORATIONS,4791.58,3717,389
23162,REGENCY TEA STRAINER,4789.24,1362,142
21700,BIG DOUGHNUT FRIDGE MAGNETS,4786.83,5727,325
22610,PENS ASSORTED FUNNY FACE,4764.98,12170,223
84032A,CHARLIE+LOLA PINK HOT WATER BOTTLE,4745.26,2280,346
23555,LANDMARK FRAME NOTTING HILL ,4730.65,419,48
23554,LANDMARK FRAME OXFORD STREET,4730.65,419,54
22433,WATERING CAN GREEN DINOSAUR,4728.62,2622,347
22180,RETRO SPOT LAMP,4718.9,490,177
22243,"HOOK, 5 HANGER ,MAGIC TOADSTOOL RED",4718.849999999999,3081,140
22906,12 MESSAGE CARDS WITH ENVELOPES,4716.0,2960,346
84508A,CAMOUFLAGE DESIGN TEDDY,4714.950000000001,2221,62
85061W,WHITE JEWELLED HEART DECORATION,4714.5199999999995,5858,330
21588,RETROSPOT GIANT TUBE MATCHES,4713.6,2056,182
22956,36 FOIL HEART CAKE CASES,4699.370000000001,2438,225
82599,FANNY'S REST STOPMETAL SIGN,4695.3,2312,354
23052,RECYCLED ACAPULCO MAT TURQUOISE,4694.75,571,221
21056,DOCTOR'S BAG SOFT TOY,4681.63,525,179
37446,MINI CAKE STAND WITH HANGING CAKES,4677.4,3496,311
22244,3 HOOK HANGER MAGIC GARDEN,4672.049999999999,2623,140
23295,SET OF 12 MINI LOAF BAKING CASES,4670.63,5957,359
20682,RED RETROSPOT CHILDRENS UMBRELLA,4670.16,1462,265
22412,METAL SIGN NEIGHBOURHOOD WITCH ,4661.1,2286,308
22399,MAGNETS PACK OF 4 CHILDHOOD MEMORY,4659.84,3996,255
20978,36 PENCILS TUBE SKULLS,4654.17,3789,396
22434,BALLOON PUMP WITH 10 BALLOONS,4654.13,2521,262
22442,GROW YOUR OWN FLOWERS SET OF 3,4653.66,858,164
21577,SAVE THE PLANET COTTON TOTE BAG,4648.5,2210,330
22998,TRAVEL CARD WALLET KEEP CALM,4641.32,11645,437
22509,SEWING BOX RETROSPOT DESIGN ,4640.4,372,172
22115,METAL SIGN EMPIRE TEA,4639.530000000001,2709,350
23314,VINTAGE CHRISTMAS TABLECLOTH,4638.52,391,104
22175,PINK OWL SOFT TOY,4622.68,1654,295
84270,ASSTD DESIGN BUBBLE GUM RING,4622.099999999999,22410,385
22688,DOORMAT PEACE ON EARTH BLUE,4621.360000000001,856,85
21896,POTTING SHED TWINE,4618.08,2297,226
23165,LARGE CERAMIC TOP STORAGE JAR,4617.9,2950,220
22472,TV DINNER TRAY DOLLY GIRL,4614.57,1043,202
21407,BROWN CHECK CAT DOORSTOP ,4606.25,1128,329
23558,LANDMARK FRAME LONDON BRIDGE ,4604.2,410,47
22691,DOORMAT WELCOME SUNRISE,4602.26,718,182
22562,MONSTERS STENCIL CRAFT,4600.54,3938,362
21544,SKULLS  WATER TRANSFER TATTOOS ,4599.5,5750,366
22128,PARTY CONES CANDY ASSORTED,4588.65,3867,186
85049G,CHOCOLATE BOX RIBBONS ,4570.5,3761,459
21116,OWL DOORSTOP,4569.54,954,246
23234,BISCUIT TIN VINTAGE CHRISTMAS,4567.38,1632,232
22073,RED RETROSPOT STORAGE JAR,4566.42,1254,240
23159,SET OF 5 PANCAKE DAY MAGNETS,4562.7300000000005,2255,195
22242,"HOOK, 5 HANGER , MAGIC TOADSTOOL",4560.3,2902,209
22305,COFFEE MUG PINK PAISLEY DESIGN,4559.8,2230,126
21955,DOOR MAT UNION JACK GUNS AND ROSES,4547.29,725,163
22350,ILLUSTRATED CAT BOWL ,4540.86,1730,154
23286,BLUE VINTAGE SPOT BEAKER,4528.29,4901,164
22222,CAKE PLATE LOVEBIRD WHITE,4512.45,1219,297
21363,HOME SMALL WOOD LETTERS,4509.45,911,331
23569,TRADTIONAL ALPHABET STAMP SET,4497.3,926,174
22119,PEACE WOODEN BLOCK LETTERS,4492.31,749,283
21156,RED SPOTTY CHILDS APRON,4482.6,2434,271
47568,ENGLISH ROSE DESIGN PEG BAG,4478.78,2262,320
21713,CITRONELLA CANDLE FLOWERPOT,4472.25,2565,325
22772,PINK DRAWER KNOB ACRYLIC EDWARDIAN,4466.91,3776,213
22604,SET OF 4 NAPKIN CHARMS CUTLERY,4466.71,1906,218
20682,RED SPOTTY CHILDS UMBRELLA,4464.5,1430,213
22583,PACK OF 6 HANDBAG GIFT BOXES,4455.6,1764,284
85063,CREAM SWEETHEART MAGAZINE RACK,4455.25,275,150
22304,COFFEE MUG BLUE PAISLEY DESIGN,4455.110000000001,2330,142
21614,SET OF 12 ROSE BOTANICAL T-LIGHTS,4452.650000000001,1607,178
22199,FRYING PAN RED POLKADOT ,4447.21,1153,142
85184D,S/4 BLUE ROUND DECOUPAGE BOXES,4445.139999999999,8294,52
23010,CIRCUS PARADE BABY GIFT SET,4444.75,285,89
21718,RED METAL BEACH SPADE ,4412.57,3691,308
22218,CAKE STAND LACE WHITE,4406.75,1113,183
22027,TEA PARTY BIRTHDAY CARD,4395.65,10808,636
84467,ENGLISH ROSE DESIGN QUILTED THROW,4391.1,306,45
22203,MILK PAN RED RETROSPOT,4386.64,1227,270
23285,PINK VINTAGE SPOT BEAKER,4384.83,4679,132
22672,FRENCH BATHROOM SIGN BLUE METAL,4382.67,2723,298
15044B,BLUE PAPER PARASOL ,4376.400000000001,1624,148
23176,ABC TREASURE BOOK BOX ,4373.26,2088,186
22276,WASH BAG VINTAGE ROSE PAISLEY,4372.5,1780,303
20977,36 PENCILS TUBE WOODLAND,4357.64,3508,357
22241,GARLAND WOODEN HAPPY EASTER,4354.31,3703,326
23198,PANTRY MAGNETIC  SHOPPING LIST,4341.19,3063,374
21313,GLASS HEART T-LIGHT HOLDER ,4338.75,5823,258
82581,TOILET METAL SIGN,4337.97,8125,728
22571,ROCKING HORSE RED CHRISTMAS ,4336.8099999999995,5293,379
21471,STRAWBERRY RAFFIA FOOD COVER,4324.95,1225,229
21071,VINTAGE BILLBOARD DRINK ME MUG,4299.7,3981,314
21042,RED SPOTTY APRON ,4292.3,764,177
21243,PINK  SPOTTY PLATE ,4291.59,2703,205
23275,SET OF 3 HANGING OWLS OLLIE BEAK,4291.17,3613,270
22318,FIVE HEART HANGING DECORATION,4281.150000000001,1461,286
21578,WOODLAND DESIGN  COTTON TOTE BAG,4275.0,1908,276
22374,AIRLINE BAG VINTAGE JET SET RED,4273.34,894,341
21878,PACK OF 6 SANDCASTLE FLAGS ASSORTED,4273.17,5383,290
23288,GREEN VINTAGE SPOT BEAKER,4261.889999999999,4505,134
15044D,RED PAPER PARASOL,4252.84,1544,188
22908,PACK OF 20 NAPKINS RED APPLES,4246.44,5430,410
21967,PACK OF 12 SKULL TISSUES,4246.29,15449,371
22593,CHRISTMAS GINGHAM STAR,4246.11,5067,311
23503,PLAYING CARDS KEEP CALM & CARRY ON,4242.96,3432,327
22361,GLASS JAR DAISY FRESH COTTON WOOL,4242.650000000001,1535,264
21564,PINK  HEART SHAPE LOVE BUCKET ,4237.47,1897,254
22110,BIRD HOUSE HOT WATER BOTTLE,4233.11,1866,323
22611,VINTAGE UNION JACK SHOPPING BAG,4227.6,896,185
21249,WOODLAND  HEIGHT CHART STICKERS ,4215.35,1553,188
20747,PICCADILLY TEA SET,4212.55,309,70
21916,SET 12 RETRO WHITE CHALK STICKS,4211.9800000000005,10417,537
23530,WALL ART ONLY ONE PERSON ,4211.55,1031,73
23494,VINTAGE DOILY DELUXE SEWING KIT ,4194.900000000001,722,176
21506,"FANCY FONT BIRTHDAY CARD, ",4186.92,10430,544
23167,SMALL CERAMIC TOP STORAGE JAR ,4184.18,5666,177
22801,ANTIQUE GLASS PEDESTAL BOWL,4175.85,1144,226
22367,CHILDS APRON SPACEBOY DESIGN,4174.35,2247,289
22348,TEA BAG PLATE RED RETROSPOT,4171.19,5033,353
22653,BUTTON BOX ,4158.36,2198,231
22180,RETROSPOT LAMP,4149.2,424,181
22299,PIG KEYRING WITH LIGHT & SOUND ,4147.69,3795,128
20677,PINK POLKADOT BOWL,4147.58,3563,279
15060B,FAIRY CAKE DESIGN UMBRELLA,4138.17,1137,274
23389,SPACEBOY MINI BACKPACK,4134.5,1030,201
21590,KINGS CHOICE CIGAR BOX MATCHES ,4128.78,3438,280
21609,SET 12 LAVENDER  BOTANICAL T-LIGHTS,4127.450000000001,1487,207
21591,COSY HOUR CIGAR BOX MATCHES ,4124.33,3325,356
79341,WILLOW BRANCH LIGHTS.,4121.25,703,63
23404,HOME SWEET HOME BLACKBOARD,4108.58,969,136
48189,DOORMAT FRIENDSHIP ,4099.43,795,58
22476,EMPIRE UNION JACK TV DINNER TRAY,4079.47,1221,188
22070,SMALL RED RETROSPOT MUG IN BOX ,4078.51,1426,197
22426,ENAMEL WASH BOWL CREAM,4073.3,1182,273
21534,DAIRY MAID LARGE MILK JUG,4071.75,851,295
23397,FOOT STOOL HOME SWEET HOME ,4069.9,434,176
23241,TREASURE TIN GYMKHANA DESIGN,4060.0,2005,284
21474,SWEETHEART CREAM STEEL FOLDIN BENCH,4049.85,203,92
10135,COLOURING PENCILS BROWN TUBE,4048.14,3887,249
22760,"TRAY, BREAKFAST IN BED",4041.1499999999996,337,103
22075,6 RIBBONS ELEGANT CHRISTMAS ,4031.27,2801,256
22601,CHRISTMAS RETROSPOT ANGEL WOOD,4016.0699999999997,4923,330
22833,HALL CABINET WITH 3 DRAWERS,4013.59,118,11
22127,PARTY CONES CARNIVAL ASSORTED,3998.45,3445,146
21355,TOAST ITS - I LOVE YOU ,3982.15,3339,278
22574,HEART WOODEN CHRISTMAS DECORATION,3980.62,4684,309
21535,RETRO SPOT SMALL MILK JUG,3969.15,1637,243
22959,WRAP CHRISTMAS VILLAGE,3950.46,9663,280
23163,REGENCY SUGAR TONGS,3949.7000000000003,1714,134
22053,EMPIRE DESIGN ROSETTE,3948.92,4518,66
22721,SET OF 3 CAKE TINS SKETCHBOOK,3942.82,908,246
23129,HEART SHAPED HOLLY WREATH,3933.1800000000003,942,165
22851,SET 20 NAPKINS FAIRY CAKES DESIGN ,3931.8599999999997,4992,451
20982,12 PENCILS TALL TUBE SKULLS,3899.93,4601,487
22278,OVERNIGHT BAG VINTAGE ROSE PAISLEY,3899.05,799,239
22474,SPACEBOY TV DINNER TRAY,3898.44,888,188
85132A,CHARLIE + LOLA BISCUITS TINS,3896.65,1183,147
22612,TEA COSY VINTAGE UNION JACK,3885.93,988,96
72807B,SET/3 OCEAN SCENT CANDLE JEWEL BOX,3884.51,955,162
22790,"MIRROR, ARCHED GEORGIAN",3884.000000000001,200,1
20677,PINK SPOTTY BOWL,3882.65,3325,266
20979,36 PENCILS TUBE RED SPOTTY,3882.29,3225,202
23144,ZINC T-LIGHT HOLDER STARS SMALL,3879.98,4894,237
23340,VINTAGE CHRISTMAS CAKE FRILL,3879.4500000000003,2453,122
23486,ANTIQUE HEART SHELF UNIT,3879.15,267,68
21844,RETRO SPOT MUG,3878.2000000000003,1396,125
37447,CERAMIC CAKE DESIGN SPOTTED PLATE,3876.97,2693,264
22548,HEADS AND TAILS SPORTING FUN,3873.1,3315,375
23557,LANDMARK FRAME BAKER STREET ,3867.85,347,29
72802B,OCEAN SCENT CANDLE IN JEWELLED BOX,3862.88,1478,189
23255,CHILDRENS CUTLERY CIRCUS PARADE,3852.44,962,143
46000M,POLYESTER FILLER PAD 45x45cm,3851.75,2485,342
20961,STRAWBERRY BATH SPONGE ,3850.66,3138,314
21987,PACK OF 6 SKULL PAPER CUPS,3848.8,6320,347
84509A,SET OF 4 ENGLISH ROSE PLACEMATS,3842.84,1072,245
21901,"KEY FOB , BACK DOOR ",3833.42,6014,575
21153,RED SPOTTY TABLECLOTH ,3832.5,370,123
21523,FANCY FONT HOME SWEET HOME DOORMAT,3822.5,622,128
21143,ANTIQUE GLASS HEART DECORATION ,3819.45,2003,152
21068,VINTAGE BILLBOARD LOVE/HATE MUG,3817.23,3901,257
22896,PEG BAG APPLES DESIGN,3813.67,1586,263
21244,BLUE POLKADOT PLATE ,3805.6299999999997,2395,184
21539,RETRO SPOTS BUTTER DISH,3793.5,830,147
22600,CHRISTMAS RETROSPOT STAR WOOD,3793.3599999999997,4594,345
71038,WHITE HANGING BEADS CANDLE HOLDER,3789.25,717,144
22747,POPPY'S PLAYHOUSE BATHROOM,3789.0,1870,327
51014A,"FEATHER PEN,HOT PINK",3787.7599999999998,6048,247
21524,SPOTTY  HOME SWEET HOME DOORMAT,3785.5,650,108
23205,CHARLOTTE BAG VINTAGE ALPHABET ,3784.52,4750,323
22530,MAGIC DRAWING SLATE DOLLY GIRL ,3781.8,9438,371
22639,SET OF 4 NAPKIN CHARMS HEARTS,3776.2200000000003,1598,248
20967,GREY FLORAL FELTCRAFT SHOULDER BAG,3771.09,1023,272
23283,DOORMAT VINTAGE LEAF,3766.57,541,121
23012,GLASS APOTHECARY BOTTLE PERFUME,3763.6400000000003,1014,198
23050,RECYCLED ACAPULCO MAT GREEN,3763.55,459,176
23306,SET OF 36 DOILIES PANTRY DESIGN,3761.9199999999996,2653,195
22892,SET OF SALT AND PEPPER TOADSTOOLS,3759.2400000000002,3084,248
21679,SKULLS  STICKERS,3756.47,4691,268
22926,IVORY GIANT GARDEN THERMOMETER,3753.55,649,201
23193,BUFFALO BILL TREASURE BOOK BOX,3750.57,1847,137
23184,BULL DOG BOTTLE OPENER,3749.5,778,197
23534,WALL ART STOP FOR TEA ,3748.1800000000003,688,153
22573,STAR WOODEN CHRISTMAS DECORATION,3739.3399999999997,4502,290
21955,UNION JACK GUNS & ROSES  DOORMAT,3737.4500000000003,747,87
22736,RIBBON REEL MAKING SNOWMEN ,3735.2599999999998,2274,293
72349B,SET/6 PURPLE BUTTERFLY T-LIGHTS,3734.0400000000004,1914,237
20963,APPLE BATH SPONGE,3729.29,3038,293
22782,SET 3 WICKER STORAGE BASKETS ,3712.2999999999997,254,84
22797,CHEST OF DRAWERS GINGHAM HEART ,3711.24,222,125
22800,ANTIQUE TALL SWIRLGLASS TRINKET POT,3709.63,1003,189
21714,CITRONELLA CANDLE GARDEN POT,3707.37,3357,322
85040B,SET/4 BLUE FLOWER CANDLES IN BOWL,3703.95,2415,232
21810,CHRISTMAS HANGING STAR WITH BELL,3698.65,6281,241
23309,SET OF 60 I LOVE LONDON CAKE CASES ,3697.7,7670,294
21495,SKULLS AND CROSSBONES WRAP,3695.3,9065,267
23351,ROLL WRAP 50'S CHRISTMAS,3694.02,3054,271
20981,12 PENCILS TALL TUBE WOODLAND,3691.47,4431,427
21034,REX CASH+CARRY JUMBO SHOPPER,3689.7999999999997,3884,1857
72802A,ROSE SCENT CANDLE IN JEWELLED BOX,3689.2799999999997,900,169
21470,FLOWER VINE RAFFIA FOOD COVER,3687.1800000000003,1011,266
22723,SET OF 6 HERB TINS SKETCHBOOK,3686.1400000000003,1054,235
22272,FELTCRAFT DOLL MARIA,3684.9100000000003,1343,276
84950,ASSORTED COLOUR T-LIGHT HOLDER,3677.1400000000003,5610,221
85184C,S/4 VALENTINE DECOUPAGE HEART BOX,3675.55,1947,211
23110,PARISIENNE KEY CABINET ,3673.7,662,219
21472,LADYBIRD + BEE RAFFIA FOOD COVER,3669.45,999,235
85053,FRENCH ENAMEL CANDLEHOLDER,3667.29,1845,277
22284,HEN HOUSE DECORATION,3665.25,2341,233
22594,CHRISTMAS GINGHAM TREE,3661.12,4354,290
22980,PANTRY SCRUBBING BRUSH,3656.94,2286,242
21494,ROTATING LEAVES T-LIGHT HOLDER,3655.28,2813,241
22823,CHEST NATURAL WOOD 20 DRAWERS,3655.0,32,18
47580,TEA TIME DES TEA COSY,3651.91,1533,263
20675,BLUE POLKADOT BOWL,3649.9700000000003,3116,275
21238,RED SPOTTY CUP,3649.17,4473,360
21592,RETRO SPOT  CIGAR BOX MATCHES ,3648.25,3101,187
21795,SET OF 3 BLUE STRIPE BASKET,3632.9700000000003,436,76
22359,GLASS JAR KINGS CHOICE,3631.87,1185,147
85049C,ROMANTIC PINKS RIBBONS ,3630.32,2927,459
22830,UTILTY CABINET WITH HOOKS,3623.2,178,16
21064,BOOM BOX SPEAKER BOYS,3620.65,721,103
23064,CINDERELLA CHANDELIER ,3617.6000000000004,220,22
21243,PINK  POLKADOT PLATE ,3614.66,2282,172
22544,MINI JIGSAW SPACEBOY,3613.4,9209,261
22788,BROCANTE COAT RACK,3609.95,459,68
21911,GARDEN METAL SIGN ,3609.9,2374,256
21244,BLUE  SPOTTY PLATE ,3609.2799999999997,2272,179
21899,"KEY FOB , GARAGE DESIGN",3601.73,5785,408
22458,CAST IRON HOOK GARDEN FORK,3599.6099999999997,1487,151
22843,BISCUIT TIN VINTAGE GREEN,3591.73,573,161
22775,PURPLE DRAWERKNOB ACRYLIC EDWARDIAN,3590.06,2949,182
21913,VINTAGE SEASIDE JIGSAW PUZZLES,3590.02,988,204
20754,RETROSPOT RED WASHING UP GLOVES,3581.76,1804,341
22398,MAGNETS PACK OF 4 SWALLOWS,3573.95,4186,394
23049,RECYCLED ACAPULCO MAT RED,3572.75,435,169
23092,LARGE ANTIQUE WHITE PHOTO FRAME,3568.26,507,125
22245,"HOOK, 1 HANGER ,MAGIC GARDEN",3563.5499999999997,4371,273
21042,RED RETROSPOT APRON ,3556.15,637,159
35924,HANGING FAIRY CAKE DECORATION,3554.4,2003,100
22704,WRAP RED APPLES ,3553.0,8650,293
23299,FOOD COVER WITH BEADS SET 2 ,3545.17,977,121
84598,BOYS ALPHABET IRON ON PATCHES,3542.61,18241,41
22244,"HOOK, 3 HANGER ,MAGIC GARDEN",3533.2499999999995,1919,141
20750, RED/WHITE DOT MINI CASES,3528.18,478,138
21181,PLEASE ONE PERSON  METAL SIGN,3524.7000000000003,1787,150
22125,UNION JACK HOT WATER BOTTLE ,3514.6000000000004,608,157
22497,SET OF 2 TINS VINTAGE BATHROOM ,3511.5,838,205
22080,RIBBON REEL SPOTS DESIGN ,3509.05,2157,244
23236,STORAGE TIN VINTAGE DOILY ,3502.15,1235,158
22353,LUNCH BOX WITH CUTLERY FAIRY CAKES ,3498.15,1429,217
70006,LOVE HEART POCKET WARMER,3495.5,4184,171
23089,GLASS BON BON JAR,3495.27,2135,134
21499,BLUE POLKADOT WRAP,3493.5,8675,262
22744,MAKE YOUR OWN MONSOON CARD KIT,3489.4900000000002,1391,254
22057,CERAMIC PLATE STRAWBERRY DESIGN,3484.35,2903,173
71477,COLOURED GLASS STAR T-LIGHT HOLDER,3474.88,996,42
23081,GREEN METAL BOX ARMY SUPPLIES,3474.39,437,111
22591,CARDHOLDER GINGHAM CHRISTMAS TREE,3474.14,1284,174
22118,JOY WOODEN BLOCK LETTERS,3466.03,765,243
23111,PARISIENNE SEWING BOX,3464.8,296,124
22334,DINOSAUR PARTY BAG + STICKER SET,3460.24,2196,246
23349,ROLL WRAP VINTAGE CHRISTMAS,3450.39,2847,246
84558A,3D DOG PICTURE PLAYING CARDS,3445.4500000000003,1207,169
23085,ANTIQUE SILVER BAUBLE LAMP  ,3437.7000000000003,369,72
23112,PARISIENNE CURIO CABINET,3437.3,471,183
85206A,CREAM FELT EASTER EGG BASKET,3436.2,2148,283
21992,VINTAGE PAISLEY STATIONERY SET,3436.04,2064,308
23130,MISTLETOE HEART WREATH GREEN,3435.62,838,162
20692,FLORAL ELEPHANT SOFT TOY,3434.25,879,116
21743,STAR PORTABLE TABLE LIGHT ,3433.55,1229,139
23497,CLASSIC CHROME BICYCLE BELL ,3431.35,2451,170
84968B,S/16 VINTAGE IVORY CUTLERY,3420.0,276,76
23194,GYMKHANA TREASURE BOOK BOX,3417.83,1630,156
23535,WALL ART BICYCLE SAFETY,3412.52,644,120
21041,RED SPOTTY OVEN GLOVE DOUBLE,3408.4,1232,130
21509,COWBOYS AND INDIANS BIRTHDAY CARD ,3396.07,8455,498
23191,BUNDLE OF 3 RETRO NOTE BOOKS,3393.35,2099,240
22320,BIRDS MOBILE VINTAGE DESIGN,3390.46,578,169
22602,CHRISTMAS RETROSPOT HEART WOOD,3384.77,4217,241
20748,KENSINGTON COFFEE SET,3371.25,359,114
22764,"RUSTIC WOODEN CABINET, GLASS DOORS",3362.5699999999997,181,24
22356,"CHARLOTTE BAG , PINK/WHITE SPOTS",3360.0,4216,262
84508A,CAMOFLAGE DESIGN TEDDY,3358.8,1584,42
21717,EASTER TIN BUCKET,3355.95,1405,143
21238,RED RETROSPOT CUP,3355.05,4175,340
22425,ENAMEL COLANDER CREAM,3352.01,692,240
23032,DRAWER KNOB CRACKLE GLAZE IVORY,3348.6,2076,177
22047,EMPIRE GIFT WRAP,3340.5,8225,260
48197,DOOR MAT BIRD ON THE WIRE,3337.8,562,121
23294,SET OF 6 SNACK LOAF BAKING CASES,3336.94,4264,291
22478,BIRDHOUSE GARDEN MARKER ,3336.85,2537,216
23552,BICYCLE PUNCTURE REPAIR KIT ,3336.7200000000003,1730,103
22743,MAKE YOUR OWN FLOWERPOWER CARD KIT,3334.51,1309,263
47505,MINATURE COLOURED GARDENING SET,3331.7000000000003,716,160
22777,GLASS CLOCHE LARGE,3324.3500000000004,420,75
72807A,SET/3 ROSE CANDLE IN JEWELLED BOX,3320.31,815,137
23189,SET OF 12 FORK CANDLES,3319.35,1215,113
22314,OFFICE MUG WARMER CHOC+BLUE,3315.5400000000004,1020,180
23210,WHITE ROCKING HORSE HAND PAINTED,3311.5,2750,154
22445,PENCIL CASE LIFE IS BEAUTIFUL,3311.3,1138,208
84596B,SMALL DOLLY MIX DESIGN ORANGE BOWL,3304.59,5484,509
21067,VINTAGE RED TEATIME MUG,3302.7200000000003,4517,180
23571,TRADITIONAL NAUGHTS & CROSSES,3300.9,2018,216
21500,PINK POLKADOT WRAP ,3298.5,8125,260
23156,SET OF 5 MINI GROCERY MAGNETS,3297.2200000000003,1631,184
18097C,WHITE TALL PORCELAIN T-LIGHT HOLDER,3293.7,1534,159
22962,JAM JAR WITH PINK LID,3293.65,4141,257
21787,RAIN PONCHO WITH RED SPOTS,3288.7,4462,118
21556,CERAMIC STRAWBERRY MONEY BOX,3281.1,1370,174
23091,ZINC HERB GARDEN CONTAINER,3279.82,535,187
22536,MAGIC DRAWING SLATE PURDEY,3265.56,8378,313
23009,I LOVE LONDON BABY GIFT SET,3262.5499999999997,209,61
22807,SET OF 6 T-LIGHTS TOADSTOOLS,3257.0400000000004,1192,183
23332,IVORY WICKER HEART LARGE,3255.75,1979,267
22778,GLASS CLOCHE SMALL,3255.66,890,143
21902,"KEY FOB , FRONT  DOOR ",3244.59,5225,408
22603,CHRISTMAS RETROSPOT TREE WOOD,3239.65,3949,301
21559,STRAWBERRY LUNCHBOX WITH CUTLERY,3236.7,1402,153
22355,"CHARLOTTE BAG , SUKI DESIGN",3233.7,4072,234
84352,SILVER CHRISTMAS TREE BAUBLE STAND ,3232.1,198,118
20983,12 PENCILS TALL TUBE RED RETROSPOT,3229.71,3807,336
84580,MOUSE TOY WITH PINK T-SHIRT,3228.8,860,312
21794,CLASSIC FRENCH STYLE BASKET NATURAL,3226.87,677,152
21917,SET 12 KIDS  WHITE CHALK STICKS,3226.38,7892,381
22967,SET 3 SONG BIRD PAPER EGGS ASSORTED,3224.65,1159,131
22440,BALLOON WATER BOMB PACK OF 35,3224.52,8296,258
22353,LUNCHBOX WITH CUTLERY FAIRY CAKES ,3215.25,1371,154
22352,LUNCHBOX WITH CUTLERY RETROSPOT ,3214.35,1359,191
22461,SAVOY ART DECO CLOCK,3214.2999999999997,394,130
23013,GLASS APOTHECARY BOTTLE TONIC,3211.09,865,180
22765,NEWSPAPER STAND,3210.2999999999997,300,42
21732,RED HANGING METAL STAR TLIGHT HLDR,3199.17,923,56
22769,CHALKBOARD KITCHEN ORGANISER,3198.8,164,35
22589,CARDHOLDER GINGHAM STAR,3197.39,1225,197
20675,BLUE SPOTTY BOWL,3197.16,2700,258
23230,WRAP ALPHABET DESIGN,3196.5,7925,232
21349,IVY HEART WREATH,3193.0,492,127
21211,SET OF 72 SKULL PAPER  DOILIES,3192.6499999999996,2321,184
21112,"SWISS ROLL TOWEL, PINK  SPOTS",3190.4500000000003,1411,101
22312,OFFICE MUG WARMER POLKADOT,3186.7900000000004,995,188
23426,METAL SIGN DROP YOUR PANTS,3186.7799999999997,1230,171
20966,SANDWICH BATH SPONGE,3182.0,2576,232
20702,PINK PADDED MOBILE,3178.0,758,237
21584,RETRO SPOT SMALL TUBE MATCHES,3176.85,2001,128
21845,DAIRY MAID STRIPE MUG,3176.05,2419,144
21993,FLORAL FOLK STATIONERY SET,3171.4,2051,282
23127,FELTCRAFT GIRL NICOLE KIT,3169.79,645,170
22822,CREAM WALL PLANTER HEART SHAPED,3169.41,562,168
22459,CAST IRON HOOK GARDEN TROWEL,3164.96,1336,148
20886,BOX OF 9 PEBBLE CANDLES,3161.4,1686,244
22579,WOODEN TREE CHRISTMAS SCANDINAVIAN,3161.14,6566,457
84356,POMPOM CURTAIN,3155.0,660,94
23350,ROLL WRAP VINTAGE SPOT ,3154.4,2584,246
22356,CHARLOTTE BAG PINK WITH WHITE SPOTS,3151.2,3952,246
21469,POLKA DOT RAFFIA FOOD COVER,3148.16,1091,176
23239,SET OF 4 KNICK KNACK TINS POPPIES,3142.4,812,155
21648,ASSORTED TUTTI FRUTTI SMALL PURSE,3141.88,2612,120
23388,WOODLAND MINI BACKPACK,3133.6000000000004,784,133
85040A,S/4 PINK FLOWER CANDLES IN BOWL,3131.09,1905,314
22059,CERAMIC STRWBERRY DESIGN MUG,3130.25,2269,166
22700,BLACK AND WHITE DOG BOWL,3114.27,1377,92
21054,NURSE'S BAG SOFT TOY,3112.5,350,163
21500,PINK SPOTS  WRAP ,3102.5,7725,229
79323GR,GREEN CHERRY LIGHTS,3100.2000000000003,524,76
22494,EMERGENCY FIRST AID TIN ,3099.4,2502,294
22702,BLACK AND WHITE CAT BOWL,3097.7999999999997,1573,82
21154,RED SPOTTY OVEN GLOVE ,3095.44,2556,249
23308,SET OF 60 VINTAGE LEAF CAKE CASES ,3091.61,5955,305
22902,TOTE BAG I LOVE LONDON,3091.54,1610,140
20992,JAZZ HEARTS PURSE NOTEBOOK,3069.62,6030,377
23353,6 GIFT TAGS VINTAGE CHRISTMAS ,3068.82,3726,253
22059,CERAMIC STRAWBERRY DESIGN MUG,3064.3799999999997,2534,199
21830,ASSORTED CREEPY CRAWLIES,3059.95,7387,225
21986,PACK OF 12 PINK SPOT TISSUES ,3058.93,8151,155
21466,RED FLOWER CROCHET FOOD COVER,3057.89,823,240
22531,MAGIC DRAWING SLATE CIRCUS PARADE  ,3053.76,7504,332
22475,SKULL DESIGN TV DINNER TRAY,3052.9,690,200
22122,SET OF 2 FANCY FONT TEA TOWELS,3042.3500000000004,1053,156
84975,HEART SHAPED MIRROR,3041.07,1923,167
21179,NO JUNK MAIL METAL SIGN,3040.07,4039,359
23168,CLASSIC CAFE SUGAR DISPENSER,3037.1,2633,208
21588,RETRO SPOT GIANT  TUBE MATCHES,3034.9500000000003,1295,102
23342,MINT DINER WALL CLOCK,3034.5,363,154
21364,PEACE SMALL WOOD LETTERS,3031.65,439,144
22076,6 RIBBONS EMPIRE  ,3030.42,2100,240
37410,BLACK AND WHITE PAISLEY FLOWER MUG,3019.57,25685,18
21351,CINAMMON & ORANGE WREATH,3018.7,986,135
23253,16 PIECE CUTLERY SET PANTRY DESIGN,3018.2999999999997,210,46
21707,"FOLDING UMBRELLA , BLACK/BLUE  SPOT",3015.6,768,62
37501,TEA TIME TEA SET IN GIFT BOX,3006.2000000000003,436,146
22863,SOAP DISH BROCANTE,3002.9,1070,148
85232D,SET/3 DECOUPAGE STACKING TINS,2998.95,633,175
22732,3D VINTAGE CHRISTMAS STICKERS ,2995.59,2407,205
22862,LOVE HEART NAPKIN BOX ,2993.0,708,184
20681,PINK SPOTTY CHILDS UMBRELLA,2991.25,949,175
22136,LOVE HEART SOCK HANGER,2990.1,1882,191
22366,DOOR MAT AIRMAIL ,2988.53,427,114
23065,LARGE DECO JEWELLERY STAND,2977.8,246,88
21936,RED/WHITE SPOT PICNIC BAG,2974.45,1091,82
21473,SWEETHEART CREAM STEEL TABLE RECT,2972.5499999999997,149,86
23237,SET OF 4 KNICK KNACK TINS LEAF,2970.85,739,116
23346,SPACEBOY BEAKER,2970.75,2567,138
22176,BLUE OWL SOFT TOY,2968.05,1027,216
22477,WATERING CAN GARDEN MARKER,2967.45,2243,183
22402,MAGNETS PACK OF 4 VINTAGE COLLAGE,2962.81,3398,239
21477,STRING OF 20 ROSE LIGHTS,2962.5,262,37
22107,PIZZA PLATE IN BOX,2957.3,841,185
23323,WHITE WICKER STAR ,2954.7000000000003,1422,270
23014,GLASS APOTHECARY BOTTLE ELIXIR,2951.78,798,160
21864,UNION JACK FLAG PASSPORT COVER ,2947.02,1483,259
22965,3 TRADITIONAl BISCUIT CUTTERS  SET,2946.92,1423,218
21333,CLASSIC WHITE FRAME,2946.65,1007,197
22406,MONEY BOX KINGS CHOICE DESIGN,2942.78,2380,171
21829,DINOSAUR KEYRINGS ASSORTED,2940.0299999999997,14192,300
23236,DOILEY STORAGE TIN,2934.98,1082,112
48189,DOOR MAT FRIENDSHIP ,2934.31,431,149
84849B,FAIRY SOAP SOAP HOLDER,2932.99,1819,226
22774,RED DRAWER KNOB ACRYLIC EDWARDIAN,2918.71,2483,135
22194,BLACK DINER WALL CLOCK,2918.05,353,142
84837,WHITE SWEETHEARTS CABINET 4 DRAWERS,2915.25,239,133
21812,GARLAND WITH HEARTS AND BELLS,2913.15,597,124
22428,ENAMEL FIRE BUCKET CREAM,2910.9300000000003,421,158
23461,SWEETHEART BIRD HOUSE,2908.55,829,83
21467,CHERRY CROCHET FOOD COVER,2905.27,951,212
23188,VINTAGE  2 METER FOLDING RULER,2902.4700000000003,1775,155
22313,OFFICE MUG WARMER PINK,2899.54,952,106
21240,BLUE POLKADOT CUP,2898.75,3655,270
22733,3D TRADITIONAL CHRISTMAS STICKERS,2893.04,2296,217
22347,PIZZA SLICE DISH,2891.4500000000003,2605,74
21041,RED RETROSPOT OVEN GLOVE DOUBLE,2890.2000000000003,996,200
21055,TOOL BOX SOFT TOY ,2889.64,316,176
23242,TREASURE TIN BUFFALO BILL ,2886.0800000000004,1430,187
21592,RETROSPOT CIGAR BOX MATCHES ,2885.46,2760,279
21705,BAG 500g SWIRLY MARBLES,2883.21,2401,183
21447,12 IVORY ROSE PEG PLACE SETTINGS,2882.33,2377,228
21584,RETROSPOT SMALL TUBE MATCHES,2881.65,1761,219
82578,KITCHEN METAL SIGN,2879.3500000000004,5391,544
21519,GIN & TONIC DIET GREETING CARD ,2868.66,7017,436
21100,CHARLIE AND LOLA CHARLOTTE BAG,2864.05,2221,159
23035,DRAWER KNOB CERAMIC IVORY,2863.39,2035,165
21537,RED RETROSPOT PUDDING BOWL,2862.5,686,162
23393,HOME SWEET HOME CUSHION COVER ,2861.25,763,201
22794,SWEETHEART WIRE MAGAZINE RACK,2851.5,362,183
22309,TEA COSY RED  STRIPE,2850.93,1208,169
15039,SANDALWOOD FAN,2848.9,4146,180
21192,WHITE BELL HONEYCOMB PAPER ,2842.25,1845,113
22172,METAL SHELF WITH RAIL ,2839.0,339,156
23390,DOLLY GIRL MINI BACKPACK,2838.9500000000003,713,144
84968D,S/16 VINTAGE RED CUTLERY,2836.95,253,17
23283,DOORMAT VINTAGE LEAVES DESIGN ,2833.7000000000003,426,88
18098C,PORCELAIN BUTTERFLY OIL BURNER,2832.8500000000004,1123,177
85049D,BRIGHT BLUES RIBBONS ,2826.39,2283,372
22071,SMALL WHITE RETROSPOT MUG IN BOX ,2825.37,1125,159
84279B,CHERRY BLOSSOM DECORATIVE FLASK,2820.15,777,188
21206,STRAWBERRY HONEYCOMB  GARLAND ,2819.7,2058,190
21990,MODERN FLORAL STATIONERY SET,2818.3,1786,233
22154,ANGEL DECORATION 3 BUTTONS ,2816.16,6808,227
22944,CHRISTMAS METAL POSTCARD WITH BELLS,2813.03,4185,102
23182,TOILET SIGN OCCUPIED OR VACANT,2807.69,3378,254
22037,ROBOT BIRTHDAY CARD,2806.0,6751,474
22972,CHILDREN'S SPACEBOY MUG,2802.26,1722,186
21706,"FOLDING UMBRELLA , RED/WHITE SPOT",2799.0,900,90
21354,TOAST ITS - BEST MUM,2797.25,2401,169
23329,DECORATIVE WICKER HEART LARGE,2794.65,1701,215
22710,WRAP I LOVE LONDON ,2787.68,7104,168
84909A,PINK PAISLEY QUILT ,2784.8,208,29
21507,"ELEPHANT, BIRTHDAY CARD, ",2782.92,6890,398
22712,CARD DOLLY GIRL ,2777.73,7009,345
23056,FLOWERS CHANDELIER T-LIGHT HOLDER,2770.91,863,36
47504K,ENGLISH ROSE GARDEN SECATEURS,2769.64,2580,263
21796,SET OF 3 RED STRIPE BASKETS,2769.44,323,66
84279P,CHERRY BLOSSOM  DECORATIVE FLASK,2762.67,749,215
21626,VINTAGE UNION JACK PENNANT,2759.25,1415,159
23290,SPACEBOY CHILDRENS BOWL,2757.15,2367,174
21239,PINK  SPOTTY CUP,2756.7,3390,296
85114B,IVORY ENCHANTED FOREST PLACEMAT,2756.45,1753,157
23345, DOLLY GIRL BEAKER,2754.5,2394,133
23354,6 GIFT TAGS 50'S CHRISTMAS ,2750.9300000000003,3343,261
22925,BLUE GIANT GARDEN THERMOMETER,2743.77,465,171
22674,FRENCH TOILET SIGN BLUE METAL,2741.48,2267,243
23051,RECYCLED ACAPULCO MAT BLUE,2741.35,335,133
22095,LADS ONLY TISSUE BOX,2741.16,2820,188
22955,36 FOIL STAR CAKE CASES ,2740.04,1404,156
22963,JAM JAR WITH GREEN LID,2733.6,3450,220
22480,RED TEA TOWEL CLASSIC DESIGN,2730.56,2272,245
21820,GLITTER HEART GARLAND WITH BELLS ,2724.71,740,134
84813,SET OF 4 DIAMOND NAPKIN RINGS,2722.47,379,69
16161U,WRAP SUKI AND FRIENDS,2721.92,6676,208
22285,"DECORATION HEN ON NEST, HANGING",2718.4500000000003,1837,125
22067,CHOC TRUFFLE GOLD TRINKET POT ,2717.13,1765,180
22242,5 HOOK HANGER MAGIC TOADSTOOL,2707.05,1757,96
22757,LARGE RED BABUSHKA NOTEBOOK ,2703.73,2532,223
21272,SALLE DE BAIN HOOK,2703.11,2179,230
21328,BALLOONS  WRITING SET ,2691.4,1632,374
23190,BUNDLE OF 3 SCHOOL EXERCISE BOOKS  ,2691.14,1678,179
21949,SET OF 6 STRAWBERRY CHOPSTICKS,2682.79,2343,135
22949,36 DOILIES DOLLY GIRL,2681.85,1929,131
22667,RECIPE BOX RETRO SPOT DESIGN,2674.0000000000005,952,175
22162,HEART GARLAND RUSTIC PADDED,2671.15,925,133
21728,METAL MEDINA LANTERN ,2670.6,294,36
84510A,SET OF 4 ENGLISH ROSE COASTERS,2670.54,2166,307
22990,COTTON APRON PANTRY DESIGN,2670.54,602,140
23147,SINGLE ANTIQUE ROSE HOOK IVORY,2669.95,1843,250
21682,LARGE MEDINA STAMPED METAL BOWL ,2667.21,548,141
90057,DIAMANTE RING ASSORTED IN BOX.,2660.88,1800,34
22066,LOVE HEART TRINKET POT,2654.64,3406,254
84968A,SET OF 16 VINTAGE ROSE CUTLERY,2649.8999999999996,218,68
22436,12 COLOURED PARTY BALLOONS,2637.85,4157,255
21329,DINOSAURS  WRITING SET ,2635.99,1615,369
23427,STOOL HOME SWEET HOME ,2635.9,227,106
22754,SMALL RED BABUSHKA NOTEBOOK ,2635.81,3671,379
22277,COSMETIC BAG VINTAGE ROSE PAISLEY,2633.42,1303,189
23211,RED ROCKING HORSE HAND PAINTED,2631.5,2206,116
21360,JOY LARGE WOOD LETTERS,2631.35,433,92
22482,BLUE TEA TOWEL CLASSIC DESIGN,2627.09,2233,201
22755,SMALL PURPLE BABUSHKA NOTEBOOK ,2624.6,3543,395
84596F,SMALL MARSHMALLOWS PINK BOWL,2623.46,4174,410
21765,HANGING METAL BIRD BATH,2613.9,338,119
21508,VINTAGE KID DOLLY CARD ,2611.57,6472,409
21683,MEDIUM MEDINA STAMPED METAL BOWL ,2607.7000000000003,910,132
22046,TEA PARTY  WRAPPING PAPER ,2603.0,6350,207
22675,FRENCH KITCHEN SIGN BLUE METAL,2599.91,2146,226
22671,FRENCH LAUNDRY SIGN BLUE METAL,2599.46,1618,190
22167,"WALL MIRROR , DIAMANTE OVAL SHAPE",2591.85,387,99
23053,RECYCLED ACAPULCO MAT PINK,2589.9,318,129
21897,POTTING SHED CANDLE CITRONELLA,2588.27,857,100
85049B,LUSH GREENS RIBBONS,2585.36,2092,317
85183B,CHARLIE & LOLA WASTEPAPER BIN FLORA,2583.5,1696,154
22473,TV DINNER TRAY VINTAGE PAISLEY,2580.44,732,166
22177,5 HOOK BLACKBOARD ORGANISER ,2579.64,300,102
23164,REGENCY CAKE SLICE,2579.21,564,80
21214,SET OF 72 IVORY PAPER DOILIES,2578.2,1884,125
22696,WICKER WREATH LARGE,2577.2599999999998,1360,245
21439,BASKET OF TOADSTOOLS,2576.23,2123,162
79164,BLACK WINE GLASS,2573.76,3624,67
85132B,CHARLIE AND LOLA TABLE TINS,2573.35,893,100
21589,SWALLOW GIANT TUBE MATCHES,2573.25,1115,86
23534,STOP FOR TEA WALL ART,2572.7,518,41
21096,SET/6 FRUIT SALAD  PAPER PLATES,2572.34,15776,101
22080,RIBBON REEL POLKADOTS ,2572.2,1588,194
22145,CHRISTMAS CRAFT HEART STOCKING ,2566.0,1260,169
85049F,BABY BOOM RIBBONS ,2565.14,2074,295
22828,REGENCY MIRROR WITH SHUTTERS,2565.0,17,11
23212,HEART WREATH DECORATION WITH BELL,2562.63,2163,144
23100,SILVER BELLS TABLE DECORATION,2562.1,2090,213
22773,GREEN DRAWER KNOB ACRYLIC EDWARDIAN,2561.46,2106,170
22572,ROCKING HORSE GREEN CHRISTMAS ,2560.39,3115,264
21788,KIDS RAIN MAC BLUE,2559.0299999999997,3213,174
23395,BELLE JARDINIERE CUSHION COVER,2555.73,683,175
21499,BLUE SPOTS  WRAP,2555.0,6350,196
22519,CHILDS GARDEN BRUSH PINK,2554.98,1320,203
22372,AIRLINE BAG VINTAGE WORLD CHAMPION ,2554.08,526,228
21742,LARGE ROUND WICKER PLATTER ,2552.55,429,189
21240,BLUE  SPOTTY CUP,2542.23,3123,298
22905,CALENDAR IN SEASON DESIGN,2541.6400000000003,935,143
37340,MULTICOLOUR SPRING FLOWER MUG,2539.31,13083,95
20956,PORCELAIN T-LIGHT HOLDERS ASSORTED,2538.43,2120,140
22349,"DOG BOWL , CHASING BALL DESIGN",2537.13,695,118
21980,PACK OF 12 RED RETROSPOT TISSUES ,2533.77,8425,345
22762,CUPBOARD 3 DRAWER MA CAMPAGNE,2531.75,177,107
20985,HEART CALCULATOR,2531.53,2131,216
23266,SET OF 3 WOODEN STOCKING DECORATION,2529.64,1964,274
23146,TRIPLE HOOK ANTIQUE IVORY ROSE,2526.02,778,211
22208,WOOD STAMP SET THANK YOU,2525.87,2082,311
82600,N0 SINGING METAL SIGN,2523.78,1197,35
22132,RED LOVE HEART SHAPE CUP,2521.88,3044,238
22415,WHITE TISSUE REAM,2520.15,317,204
84012,MAGIC SHEEP WOOL GROWING FROM PAPER,2516.75,1781,155
22518,CHILDS GARDEN BRUSH BLUE,2515.38,1304,201
22930,BAKING MOULD HEART MILK CHOCOLATE,2513.12,1040,145
22179,SET 10 NIGHT OWL LIGHTS,2510.34,388,101
21688,SILVER PLATE CANDLE BOWL SMALL,2507.5000000000005,850,108
22974,CHILDRENS DOLLY GIRL MUG,2502.54,1550,163
23333,IVORY WICKER HEART MEDIUM,2498.65,2009,216
84944,SET OF 6 KASHMIR FOLKART BAUBLES,2493.75,911,149
21111,"SWISS ROLL TOWEL, CHOCOLATE  SPOTS",2493.3,1208,128
22152,PLACE SETTING WHITE STAR,2493.11,6129,219
21327,SKULLS WRITING SET ,2492.4,1512,333
84519A,TOMATO CHARLIE+LOLA COASTER SET,2488.8900000000003,1139,158
84849D,HOT BATHS SOAP HOLDER,2484.78,1518,227
21923,RED/CREAM STRIPE FRINGE HAMMOCK,2483.75,325,108
22200,FRYING PAN PINK POLKADOT ,2483.0,600,120
84968C,S/16 VINTAGE PISTACHIO CUTLERY,2482.0499999999997,215,30
22365,DOOR MAT RESPECTABLE HOUSE,2479.86,358,104
21239,PINK  POLKADOT CUP,2477.52,3090,255
22927,GREEN GIANT GARDEN THERMOMETER,2474.6,428,140
22664,TOY TIDY DOLLY GIRL DESIGN,2474.38,1304,178
22028,PENNY FARTHING BIRTHDAY CARD,2474.29,6083,365
85035C,ROSE 3 WICK MORRIS BOX CANDLE,2470.82,1302,168
21486,PINK HEART DOTS HOT WATER BOTTLE,2466.87,841,168
21188,3D HEARTS  HONEYCOMB PAPER GARLAND,2463.6000000000004,856,94
21171,BATHROOM METAL SIGN ,2461.2999999999997,1810,226
22576,SWALLOW WOODEN CHRISTMAS DECORATION,2456.77,2905,243
21465,PINK FLOWER CROCHET FOOD COVER,2456.36,695,157
22479,DAISY GARDEN MARKER,2453.7,1832,154
21422,PORCELAIN ROSE SMALL,2448.36,3056,107
47480,HANGING PHOTO CLIP ROPE LADDER,2441.68,1556,99
22073,RETRO SPOT STORAGE JAR,2439.09,675,120
22816,CARD MOTORBIKE SANTA,2438.4,5948,299
21224,SET/4 SKULL BADGES,2437.4,1956,207
22449,SILK PURSE BABUSHKA PINK,2437.08,729,157
23681,LUNCH BAG RED VINTAGE DOILY,2432.55,1547,118
22439,6 ROCKET BALLOONS ,2431.95,3699,307
22914,BLUE COAT RACK PARIS FASHION,2429.19,529,149
15044C,PURPLE PAPER PARASOL,2428.5,862,160
23407,SET OF 2 TRAYS HOME SWEET HOME,2426.72,248,118
22792,FLUTED ANTIQUE CANDLE HOLDER,2421.25,2951,171
22291,"SPRING DEC , HANGING CHICK CREAM",2419.2,1872,118
22503,CABIN BAG VINTAGE PAISLEY,2417.15,105,35
79320,FLAMINGO LIGHTS,2416.85,527,76
22081,RIBBON REEL FLORA + FAUNA ,2411.87,1455,212
21324,HANGING MEDINA LANTERN SMALL,2410.7000000000003,938,126
21821,GLITTER STAR GARLAND WITH BELLS ,2408.85,651,107
22650,CERAMIC PIRATE CHEST MONEY BANK,2403.45,1689,221
23542,WALL ART 70'S ALPHABET ,2399.58,334,55
85041,SET/4 PINK ORCHID CANDLES IN BOWL,2397.7799999999997,1818,79
21653,GLASS ETCHED T-LIGHT HOLDER LARGE,2397.3,1203,100
23264,SET OF 3 WOODEN SLEIGH DECORATIONS,2396.7,1842,249
21693,SMALL HAMMERED SILVER CANDLEPOT ,2387.1000000000004,810,99
22202,MILK PAN PINK RETROSPOT,2385.7200000000003,660,116
22500,SET OF 2 TINS JARDIN DE PROVENCE,2383.85,553,177
23535,BICYCLE SAFTEY WALL ART,2371.94,458,39
21792,CLASSIC FRENCH STYLE BASKET GREEN ,2368.1,478,132
22891,TEA FOR ONE POLKADOT,2362.0099999999998,549,155
22937,BAKING MOULD CHOCOLATE CUPCAKES,2358.89,915,133
22651,GENTLEMAN SHIRT REPAIR KIT ,2356.63,2923,150
22419,LIPSTICK PEN RED,2350.86,5641,287
21898,POTTING SHED ROSE CANDLE,2349.88,760,88
21813,GARLAND WITH STARS AND BELLS,2345.4,484,87
22197,"POPCORN HOLDER , SMALL ",2344.2999999999997,3070,81
23292,SPACEBOY CHILDRENS CUP,2343.07,1951,159
22146,EASTER CRAFT IVY WREATH WITH CHICK,2342.85,1343,99
22231,JIGSAW TREE WITH BIRDHOUSE,2340.58,1948,220
84754,S/15 SILVER GLASS BAUBLES IN BAG,2338.06,1958,161
21204,DAISIES  HONEYCOMB GARLAND ,2337.9,1478,144
22540,MINI JIGSAW CIRCUS PARADE ,2337.06,6063,151
22217,T-LIGHT HOLDER HANGING LACE,2336.02,2176,172
82597,BOMBS AWAY METAL SIGN,2332.7400000000002,1153,163
23131,MISTLETOE HEART WREATH CREAM,2332.13,575,103
22939,APRON APPLE DELIGHT,2330.4,492,112
22315,200 RED + WHITE BENDY STRAWS,2325.86,1930,296
21191,LARGE WHITE HONEYCOMB PAPER BELL  ,2323.7000000000003,1210,115
22495,SET OF 2 ROUND TINS CAMEMBERT ,2322.3300000000004,879,189
51014C,"FEATHER PEN,COAL BLACK",2321.47,3843,175
22818,CARD CHRISTMAS VILLAGE,2319.48,5574,288
23341,PINK DINER WALL CLOCK,2317.1,281,98
22270,HAPPY EASTER HANGING DECORATION,2314.41,631,129
22811,SET OF 6 T-LIGHTS CACTI ,2310.9300000000003,891,69
21924,BLUE/CREAM STRIPE FRINGE HAMMOCK,2307.8,304,112
22155,STAR DECORATION RUSTIC,2304.54,5487,221
85206B,PINK FELT EASTER EGG BASKET,2303.3,1474,162
22613,PACK OF 20 SPACEBOY NAPKINS,2302.48,2962,226
37502,TEA TIME MUG IN GIFT BOX,2300.9,806,148
22758,LARGE PURPLE BABUSHKA NOTEBOOK  ,2299.64,2292,221
21948,SET OF 6 CAKE CHOPSTICKS,2298.31,1990,114
84509F,SET OF 4 NEW ENGLAND PLACEMATS,2298.0,2744,33
21686,MEDINA STAMPED METAL STOOL,2296.9500000000003,61,29
23570,TRADITIONAL PICK UP STICKS GAME ,2295.0,1836,231
85036A,GARDENIA 1 WICK MORRIS BOXED CANDLE,2293.17,605,155
22911,PAPER CHAIN KIT LONDON,2292.9900000000002,817,143
22789,T-LIGHT HOLDER SWEETHEART HANGING,2292.09,1201,180
20668,DISCO BALL CHRISTMAS DECORATION,2292.04,20550,309
84912A,PINK ROSE WASHBAG,2291.25,891,97
21747,SMALL SKULL WINDMILL,2289.03,1983,128
22581,WOOD STOCKING CHRISTMAS SCANDISPOT,2282.2799999999997,2998,263
21431,GREEN GINGHAM FLOWER JEWELLERY BOX,2281.7999999999997,1412,225
84968E,S/16 VINTAGE BLACK CUTLERY,2278.0499999999997,199,27
21784,SHOE SHINE BOX ,2275.25,231,135
23437, 50'S CHRISTMAS GIFT BAG LARGE,2272.25,1885,109
22933,BAKING MOULD EASTER EGG MILK CHOC,2272.2000000000003,876,91
21642,ASSORTED TUTTI FRUTTI PEN,2270.85,4217,184
23412,HEART MIRROR ANTIQUE WHITE,2269.14,351,71
22805,BLUE DRAWER KNOB ACRYLIC EDWARDIAN,2266.68,1848,148
21464,DISCO BALL ROTATOR BATTERY OPERATED,2265.5,534,214
23526,WALL ART DOG LICENCE ,2265.18,474,62
21973,SET OF 36 MUSHROOM PAPER DOILIES,2253.9,1614,161
84795C,OCEAN STRIPE HAMMOCK ,2253.3,294,105
85015,SET OF 12  VINTAGE POSTCARD SET,2250.87,2709,144
23048,SET OF 10 LANTERNS FAIRY LIGHT STAR,2248.14,560,85
23400,SHELF WITH 4 HOOKS HOME SWEET HOME,2247.36,448,95
23489,VINTAGE BELLS GARLAND,2246.56,784,127
21789,KIDS RAIN MAC PINK,2245.68,2754,177
22537,MAGIC DRAWING SLATE DINOSAUR,2244.3,5563,282
22153,ANGEL DECORATION STARS ON DRESS,2243.2200000000003,5389,191
72799E,IVORY PILLAR CANDLE SILVER FLOCK,2242.84,1132,132
23196,VINTAGE LEAF MAGNETIC NOTEPAD,2242.65,1593,211
85035B,CHOCOLATE 3 WICK MORRIS BOX CANDLE,2242.12,916,98
21616,4 PEAR BOTANICAL DINNER CANDLES,2241.25,1081,155
21203,BUTTERFLIES  HONEYCOMB GARLAND,2240.25,1445,106
85034B,3 WHITE CHOC MORRIS BOXED CANDLES,2232.73,1105,111
21352,EUCALYPTUS & PINECONE  WREATH,2232.7000000000003,742,82
22642,SET OF 4 NAPKIN CHARMS STARS   ,2230.7000000000003,959,130
21462,"NURSERY A,B,C PAINTED LETTERS",2230.15,397,157
22742,MAKE YOUR OWN PLAYTIME CARD KIT,2227.4400000000005,960,161
21823,PAINTED METAL HEART WITH HOLLY BELL,2224.24,2268,166
85034C,3 ROSE MORRIS BOXED CANDLES,2223.73,1237,158
84031A,CHARLIE+LOLA RED HOT WATER BOTTLE ,2223.32,716,133
85199S,SMALL HANGING IVORY/RED WOOD BIRD,2222.99,5336,291
21437,24 HANGING EASTER EGGS FLORAL TUB,2222.1,654,99
22609,PENS ASSORTED SPACEBALL,2221.1,6758,152
22072,TEA CUP AND SAUCER RETRO SPOT,2218.98,614,103
22897,OVEN MITT APPLES DESIGN,2214.61,1549,218
22713,CARD I LOVE LONDON ,2214.2799999999997,5625,240
84912B,GREEN ROSE WASHBAG,2212.5,870,84
23316,RED REFECTORY CLOCK ,2212.25,235,95
21809,CHRISTMAS HANGING TREE WITH BELL,2202.69,2868,148
21323,HANGING MEDINA LANTERN LARGE,2201.25,704,54
72800E,4 IVORY DINNER CANDLES SILVER FLOCK,2200.2,1268,226
23498,CLASSIC BICYCLE CLIPS ,2200.15,1587,86
23188,VINTAGE  2 METRE FOLDING RULER,2197.69,1321,127
85183A,CHARLIE & LOLA WASTEPAPER BIN BLUE,2194.75,1497,132
84840,SWEETHEART CARRY-ALL BASKET,2194.7,263,126
22451,SILK PURSE BABUSHKA RED,2194.6000000000004,668,117
22731,3D CHRISTMAS STAMPS STICKERS ,2192.68,1756,169
22281,EASTER TREE YELLOW BIRDS,2192.25,423,98
21873,IF YOU CAN'T STAND THE HEAT MUG,2191.75,1943,150
23054,RECYCLED ACAPULCO MAT LAVENDER,2189.7,266,109
23330,DECORATIVE WICKER HEART MEDIUM,2181.19,1751,195
23079,TOADSTOOL BEDSIDE LIGHT ,2180.7,246,103
21680,WOODLAND  STICKERS,2179.3199999999997,2652,149
22711,WRAP CIRCUS PARADE,2178.84,5302,178
22776,SWEETHEART 3 TIER CAKE STAND ,2174.1,222,122
21819,GLITTER CHRISTMAS STAR ,2173.7599999999998,3780,231
85227,SET OF 6 3D KIT CARDS FOR KIDS,2172.1299999999997,2575,261
22375,AIRLINE BAG VINTAGE JET SET BROWN,2171.25,471,194
22566,FELTCRAFT HAIRBAND PINK AND PURPLE,2170.1,2654,242
20960,WATERMELON BATH SPONGE,2169.95,1739,141
79072,TEATIME CAKE TIN WITH HANDLE,2168.5,230,63
85014C,BLUE/BROWN DOTS RUFFLED UMBRELLA,2167.85,539,65
21696,SMALL SILVER TRELLIS CANDLEPOT,2165.3,734,95
21681,GIANT MEDINA STAMPED METAL BOWL ,2164.2,228,74
22831,WHITE BROCANTE SOAP DISH,2157.8500000000004,751,118
22306,SILVER MUG BONE CHINA TREE OF LIFE,2157.17,1578,148
23401,RUSTIC MIRROR WITH LACE HEART,2155.51,443,70
21615,4 LAVENDER BOTANICAL DINNER CANDLES,2154.5,1116,134
35001W,HAND OPEN SHAPE DECO.WHITE,2154.2400000000002,750,108
22824,3 TIER SWEETHEART GARDEN SHELF,2153.9500000000003,61,48
23265,SET OF 3 WOODEN TREE DECORATIONS,2153.71,1665,246
22091,EMPIRE TISSUE BOX,2152.81,3039,242
22539,MINI JIGSAW DOLLY GIRL,2150.5699999999997,5512,169
22952,72 CAKE CASES VINTAGE CHRISTMAS,2148.99,4293,99
23406,HOME SWEET HOME KEY HOLDER,2148.54,434,94
22376,AIRLINE BAG VINTAGE JET SET WHITE,2148.09,449,191
21126,SET OF 6 GIRLS CELEBRATION CANDLES,2147.93,2197,209
22735,RIBBON REEL SOCKS AND MITTENS,2146.38,1318,159
22829,SWEETHEART WIRE WALL TIDY,2146.35,223,103
22525,CHILDRENS GARDEN GLOVES PINK,2145.85,1741,240
85034A,3 GARDENIA MORRIS BOXED CANDLES,2145.11,819,110
21012,ANTIQUE ALL GLASS CANDLESTICK,2143.08,1470,141
22524,CHILDRENS GARDEN GLOVES BLUE,2142.91,1735,232
22325,MOBILE VINTAGE HEARTS ,2137.35,439,155
21468,BUTTERFLY CROCHET FOOD COVER,2136.67,619,118
84795B,SUNSET CHECK HAMMOCK,2135.85,283,83
21744,SNOWFLAKE PORTABLE TABLE LIGHT ,2134.0400000000004,708,154
21330,WOODLAND ANIMAL  WRITING SET ,2133.0499999999997,1357,127
23445,ICE CREAM BUBBLES,2131.0099999999998,2647,94
22708,WRAP DOLLY GIRL,2130.0,5300,158
23252,VINTAGE RED ENAMEL TRIM JUG ,2123.34,578,123
23093,SMALL PARISIENNE HEART PHOTO FRAME ,2122.67,915,123
84818,DANISH ROSE PHOTO FRAME,2122.61,1691,153
17091J,VANILLA INCENSE IN TIN,2122.19,3931,161
85107,CUT GLASS T-LIGHT HOLDER OCTAGON,2118.21,1169,64
22409,MONEY BOX BISCUITS DESIGN,2112.8999999999996,1590,119
85035A,GARDENIA 3 WICK MORRIS BOXED CANDLE,2112.17,613,154
22452,MEASURING TAPE BABUSHKA PINK,2111.3500000000004,749,124
21611,SET OF 12 LILY BOTANICAL T-LIGHTS,2110.65,735,134
23232,WRAP VINTAGE LEAF DESIGN,2109.42,5251,134
ADJUST,Adjustment by john on 26/01/2010 16,2107.41,18,18
22021,BLUE FELT EASTER EGG BASKET,2106.45,1305,208
23233,WRAP POPPIES  DESIGN,2105.5,5175,158
22983,CARD BILLBOARD FONT,2103.75,5122,335
23501,KEY RING BASEBALL BOOT UNION JACK,2103.3,1770,85
85045,GREEN CHRISTMAS TREE STRING 20LIGHT,2102.55,457,70
47570,ENGLISH ROSE TABLE CLOTH,2096.55,207,66
22200,FRYING PAN PINK POLKADOT,2094.29,549,108
85199L,LARGE HANGING IVORY & RED WOOD BIRD,2092.23,3303,188
23046,PAPER LANTERN 9 POINT DELUXE STAR,2091.55,347,34
84469,ROSE DES PADDED FLOOR CUSHION,2090.68,653,39
21125,SET 6 FOOTBALL CELEBRATION CANDLES,2087.77,2045,199
85054,FRENCH ENAMEL POT W LID,2083.9100000000003,843,159
21109,LARGE CAKE TOWEL CHOCOLATE SPOTS,2082.15,829,64
23526,DOG LICENCE WALL ART,2081.64,408,29
21245,GREEN  SPOTTY PLATE ,2077.7999999999997,1284,131
23504,PLAYING CARDS JUBILEE UNION JACK,2073.73,1661,190
21826,EIGHT PIECE DINOSAUR SET,2072.71,1691,188
23536,VILLAGE SHOW WALL ART,2072.42,386,18
22024,RAINY LADIES BIRTHDAY CARD,2069.53,5155,292
21866,UNION JACK FLAG LUGGAGE TAG,2068.4,1659,294
23436,VINTAGE CHRISTMAS GIFT BAG LARGE ,2066.65,1781,83
22716,CARD CIRCUS PARADE,2066.43,5020,341
21638,ASSORTED TUTTI FRUTTI NOTEBOOK,2062.2000000000003,982,118
21421,PORCELAIN ROSE LARGE ,2060.55,1767,88
23029,DRAWER KNOB CRACKLE GLAZE GREEN,2060.4,1272,136
21651,HANGING GLASS ETCHED TEALIGHT,2060.25,1301,107
22223,CAKE PLATE LOVEBIRD PINK,2060.25,559,125
22350,CAT BOWL ,2057.7,862,97
20665,RED SPOTTY PURSE ,2051.9,698,123
84670,JAPANESE CROCHETED ANIMAL,2045.04,5092,168
21288,STRIPEY CHOCOLATE NESTING BOXES,2036.8500000000001,851,130
84691,PACK 20 DOLLY PEGS,2036.3999999999999,2616,179
21531,RETRO SPOT SUGAR JAM BOWL,2034.75,853,141
22363,GLASS JAR MARMALADE ,2034.2900000000002,735,128
22191,EAU DE NIL DINER WALL CLOCK,2033.2,244,116
21811,CHRISTMAS HANGING HEART WITH BELL,2031.3899999999999,1647,132
22342,HOME GARLAND PAINTED ZINC ,2029.2,1608,115
22920,HERB MARKER BASIL,2027.0000000000002,3370,195
22973,CHILDREN'S CIRCUS PARADE MUG,2026.78,1254,117
21804,WHITE CHRISTMAS GARLAND STARS TREES,2025.45,543,106
22400,MAGNETS PACK OF 4 HOME SWEET HOME,2024.81,2440,224
21655,HANGING RIDGE GLASS T-LIGHT HOLDER,2024.7,1302,70
21709,FOLDING UMBRELLA  CHOC/WHITE  SPOT,2023.8,524,40
23438, RED SPOT GIFT BAG LARGE,2023.5,1686,92
21408,SPOTTY PINK DUCK DOORSTOP,2017.34,580,139
22471,TV DINNER TRAY AIR HOSTESS ,2017.33,553,122
22714,CARD BIRTHDAY COWBOY,2016.93,5097,253
84676,BATH DUCK WATERING CAN,2016.5200000000002,832,98
23543,KEEP CALM WALL ART ,2015.97,269,20
22336,DOVE DECORATION PAINTED ZINC ,2014.76,4442,150
51014L,"FEATHER PEN,LIGHT PINK",2014.56,3238,164
21274,EMBOSSED HEART 3 DRAWER SHELF,2012.85,159,89
22292,"SPRING DEC , HANGING CHICK  YELLOW",2009.8999999999999,1550,92
21808,"CHRISTMAS GARLAND STARS,TREES",2008.75,801,79
84990,60 GOLD AND SILVER FAIRY CAKE CASES,2006.23,4201,161
21246,RED SPOTTY BIG BOWL,2002.8000000000002,408,87
40018F,CHERRY DESIGN PAPERLANTERNS,2000.4399999999998,1064,97
23326,HANGING MINI COLOURED BOTTLES,1999.59,3369,55
22129,PARTY CONES CANDY TREE DECORATION,1998.56,2510,98
23152,IVORY SWEETHEART WIRE LETTER RACK ,1998.51,541,149
47503J,SET/3 FLORAL GARDEN TOOLS IN BAG,1994.0,280,42
21077,SET/20 WOODLAND PAPER NAPKINS ,1990.53,2745,167
22454,MEASURING TAPE BABUSHKA RED,1989.65,707,106
21106,CREAM SLICE FLANNEL CHOCOLATE SPOT ,1982.3000000000002,698,120
23302,KNEELING MAT HOUSEWORK  DESIGN,1980.71,1473,187
23403,LETTER HOLDER HOME SWEET HOME,1980.31,595,110
23268,SET OF 2 CERAMIC CHRISTMAS REINDEER,1980.1799999999998,1434,78
22514,CHILDS GARDEN SPADE BLUE,1978.68,1022,193
21905,MORE BUTTER METAL SIGN ,1977.8500000000001,1520,195
21617,4 LILY  BOTANICAL DINNER CANDLES,1970.0,778,142
17084R,ASSORTED INCENSE PACK,1968.45,10625,66
23031,DRAWER KNOB CRACKLE GLAZE PINK,1968.0,1216,136
23424,GINGHAM RECIPE BOOK BOX,1966.95,409,103
23490,T-LIGHT HOLDER HANGING LOVE BIRD,1965.63,533,95
23020,GLASS  SONGBIRD STORAGE JAR,1965.3,165,69
22935,BAKING MOULD ROSE MILK CHOCOLATE,1964.25,673,52
15058C,ICE CREAM DESIGN GARDEN PARASOL,1963.35,413,71
23352,ROLL WRAP 50'S RED CHRISTMAS ,1961.01,1593,162
16237,SLEEPING CAT ERASERS,1959.3,9730,340
23396,LE JARDIN BOTANIQUE CUSHION COVER,1948.23,521,139
23227,FILIGREE HEART BUTTERFLY WHITE ,1947.06,1592,87
21187,WHITE BELL HONEYCOMB PAPER GARLAND ,1946.55,1251,108
23374,RED SPOT PAPER GIFT BAG,1944.08,2444,122
21504,SKULLS GREETING CARD,1942.68,4838,284
23251,VINTAGE RED ENAMEL TRIM MUG ,1940.45,1633,101
22023,EMPIRE BIRTHDAY CARD,1939.47,4812,311
20703,BLUE PADDED SOFT MOBILE,1938.25,459,165
22190,LOCAL CAFE MUG,1935.93,1164,124
22932,BAKING MOULD TOFFEE CUP CHOCOLATE,1935.6000000000001,866,63
23360,SET 8 CANDLES VINTAGE DOILY,1932.0,1024,100
20674,GREEN POLKADOT BOWL,1931.56,1599,184
23500,KEY RING BASEBALL BOOT ASSORTED ,1928.8,1580,84
23213,STAR WREATH DECORATION WITH BELL,1921.94,1594,121
21824,PAINTED METAL STAR WITH HOLLY BELLS,1918.1599999999999,2304,159
22803,IVORY EMBROIDERED QUILT ,1915.65,51,30
23231,WRAP DOILEY DESIGN,1915.5,4675,162
22913,RED COAT RACK PARIS FASHION,1914.39,425,105
21359,RELAX LARGE WOOD LETTERS,1913.9,202,67
21612,SET 12 WILDFLOWER BOTANICAL T-LIGHT,1912.6000000000001,676,97
10133,COLOURING PENCILS BROWN TUBE,1910.79,3307,203
22515,CHILDS GARDEN SPADE PINK,1908.48,990,166
22251,BIRDHOUSE DECORATION MAGIC GARDEN,1906.69,1605,184
21811,HANGING HEART WITH BELL,1906.58,4112,138
85162B,BLACK RETRODISC LAMPSHADE,1905.15,977,13
84459B,YELLOW METAL CHICKEN HEART ,1903.05,1341,137
23197,SKETCHBOOK MAGNETIC SHOPPING LIST,1900.9399999999998,1318,180
23161,REGENCY CAKE FORK,1896.6,1608,68
23145,ZINC T-LIGHT HOLDER STAR LARGE,1896.54,2030,148
22859,EASTER TIN BUNNY BOUQUET,1895.4,1188,132
23315,IVORY REFECTORY CLOCK,1894.6999999999998,202,76
22362,GLASS JAR PEACOCK BATH SALTS,1893.9800000000002,658,177
16169E,WRAP 50'S  CHRISTMAS,1892.46,4563,149
21348,PINK SPOTS CHOCOLATE NESTING BOXES ,1891.2000000000003,816,115
21482,MUSHROOM BLUE HOT WATER BOTTLE,1889.7500000000002,665,136
20984,12 PENCILS TALL TUBE POSY,1887.29,5821,225
84797A,PINK HAWAIIAN PICNIC HAMPER FOR 4,1883.55,349,25
84536A,ENGLISH ROSE NOTEBOOK A7 SIZE,1881.58,4478,413
23291,DOLLY GIRL CHILDRENS CUP,1880.1399999999999,1548,144
22852,DOG BOWL VINTAGE CREAM,1878.42,444,137
20983,12 PENCILS TALL TUBE RED SPOTTY,1878.1899999999998,2239,210
85176,SEWING SUSAN 21 NEEDLE SET,1875.4999999999998,2408,174
22996,TRAVEL CARD WALLET VINTAGE TICKET,1875.12,4540,292
22931,BAKING MOULD HEART WHITE CHOCOLATE,1873.51,792,110
21846,PINK DIAMANTE PEN IN GIFT BOX,1873.42,944,87
23274,STAR T-LIGHT HOLDER WILLIE WINKIE,1870.11,1139,98
71459,HANGING JAM JAR T-LIGHT HOLDERS,1867.33,2413,69
22903,CALENDAR FAMILY FAVOURITES,1865.88,684,50
16016,LARGE CHINESE STYLE SCISSOR,1864.75,2307,105
23491,VINTAGE JINGLE BELLS HEART,1864.5,226,76
21476,STEEL SWEETHEART ROUND TABLE CREAM,1864.0,127,74
21538,DAIRY MAID  PUDDING BOWL,1860.0,1296,44
23289,DOLLY GIRL CHILDRENS BOWL,1854.8500000000001,1553,141
22451,SILK PURSE RUSSIAN DOLL RED,1854.25,575,80
22405,MONEY BOX POCKET MONEY DESIGN,1854.05,1573,190
22799,SWEETHEART WIRE FRUIT BOWL,1853.1,241,96
21245,GREEN POLKADOT PLATE ,1852.9399999999998,1150,123
23068,ALUMINIUM STAMPED HEART,1852.5500000000002,771,124
85106,CUT GLASS HEXAGON T-LIGHT HOLDER,1849.0,1022,44
72799F,IVORY PILLAR CANDLE GOLD FLOCK,1846.95,1065,72
22521,CHILDS GARDEN TROWEL PINK,1846.32,2196,324
21085,SET/6 WOODLAND PAPER CUPS,1843.1200000000001,13712,56
82567,"AIRLINE LOUNGE,METAL SIGN",1840.91,892,290
22520,CHILDS GARDEN TROWEL BLUE ,1840.09,2185,327
21627,ELEPHANT CARNIVAL POUFFE,1837.8999999999999,130,54
23094,LE GRAND TRAY CHIC SET,1837.5,147,74
21070,VINTAGE BILLBOARD MUG ,1836.16,1908,163
22199,FRYING PAN RED RETROSPOT,1834.5,508,131
21619,4 VANILLA BOTANICAL CANDLES,1832.5,1052,168
23357,HOT WATER BOTTLE SEX BOMB,1832.0,432,88
23066,SMALL DECO JEWELLERY STAND,1831.65,229,70
20770,ABSTRACT CIRCLE JOURNAL ,1831.2,902,113
23235,STORAGE TIN VINTAGE LEAF,1831.1,702,93
21692,SILVER LATTICE VANILLA CANDLE POT,1830.03,493,104
21389,IVORY HANGING DECORATION  BIRD,1826.9299999999998,2153,194
21058,PARTY INVITES WOODLAND,1824.32,2216,207
22695,WICKER WREATH SMALL,1822.02,1378,184
22133,PINK LOVE HEART SHAPE CUP,1819.9399999999998,2198,171
23075,PARLOUR CERAMIC WALL HOOK,1819.25,443,72
20686,DOLLY MIXTURE CHILDREN'S UMBRELLA,1817.63,561,160
21091,SET/6 WOODLAND PAPER PLATES,1817.16,13668,34
79323G,GOLD  CHERRY LIGHTS,1817.0,300,51
20674,GREEN SPOTTY BOWL,1816.53,1497,176
22522,CHILDS GARDEN FORK BLUE ,1815.1299999999999,2185,307
21761,WOOD AND GLASS MEDICINE CABINET,1814.75,65,24
85114A,BLACK ENCHANTED FOREST PLACEMAT,1813.35,1179,83
21741,COSY SLIPPER SHOES LARGE GREEN,1803.9000000000003,618,132
23367,SET 12 COLOUR PENCILS SPACEBOY ,1803.3,2778,231
21613,S/12 VANILLA  BOTANICAL T-LIGHTS,1802.6000000000001,620,135
84856S,SMALL TAHITI BEACH BAG,1802.49,457,29
21287,SCENTED VELVET LOUNGE CANDLE ,1799.82,4077,83
47591C,BLUE FAIRY CAKE CHILD'S APRON,1792.6499999999999,991,142
84969,BOX OF 6 ASSORTED COLOUR TEASPOONS,1790.74,418,105
22496,SET OF 2 ROUND TINS DUTCH CHEESE,1790.5400000000002,698,174
84327A,PINK JUMPER LARRY THE LAMB,1788.72,949,117
84828,JUNGLE POPSICLES ICE LOLLY HOLDERS,1788.15,1467,137
21841,BABY MOUSE RED GINGHAM DRESS,1785.25,427,123
22523,CHILDS GARDEN FORK PINK,1783.4199999999998,2122,313
21112,SWISS ROLL TOWEL PINK  SPOTS,1782.18,666,27
20684,STRAWBERRY DREAM CHILDS UMBRELLA,1781.0,560,157
84763,ZINC FINISH 15CM PLANTER POTS,1778.27,1467,148
21983,PACK OF 12 BLUE PAISLEY TISSUES ,1776.84,6000,263
20931,BLUE POT PLANT CANDLE ,1776.2500000000002,611,102
23371,SET 36 COLOUR PENCILS SPACEBOY ,1775.22,1498,133
85162C,WHITE RETRODISC LAMPSHADE,1775.1,898,41
47585A,PINK FAIRY CAKE CUSHION COVER,1773.75,913,83
84968C,SET OF 16 VINTAGE PISTACHIO CUTLERY,1772.25,139,67
23005,TRAVEL CARD WALLET I LOVE LONDON,1767.72,4346,175
22291,HANGING CHICK CREAM DECORATION,1766.1,1218,91
21082,SET/20 FRUIT SALAD PAPER NAPKINS ,1764.3,7062,117
22338,STAR DECORATION PAINTED ZINC ,1763.25,5509,180
21557,SET OF 6 FUNKY BEAKERS,1758.39,609,133
21540,DAIRY MAID BUTTER DISH,1758.25,1193,34
22454,MEASURING TAPE RUSSIAN DOLL RED,1755.0500000000002,647,57
22832,BROCANTE SHELF WITH HOOKS,1752.95,165,74
85217,ASSORTED ICE CREAM FRIDGE MAGNETS,1751.91,2811,136
23028,DRAWER KNOB CRACKLE GLAZE BLUE,1751.79,1079,111
85216,ASSORTED CAKES FRIDGE MAGNETS,1744.38,2790,149
21760,FRENCH STYLE WALL DRESSER,1740.0,15,12
21424,WOODLAND STORAGE BOX LARGE ,1739.5400000000002,782,61
21445,12 PINK ROSE PEG PLACE SETTINGS,1733.58,1458,115
35001G,HAND OPEN SHAPE GOLD,1731.42,600,60
22858,EASTER TIN KEEPSAKE,1727.1,1086,112
23228,FILIGREE HEART BIRD WHITE ,1726.3,1397,78
22853,CAT BOWL VINTAGE CREAM,1726.2,536,123
21200,MULTICOLOUR HONEYCOMB PAPER GARLAND,1724.3500000000001,1287,75
22948,METAL DECORATION NAUGHTY CHILDREN ,1724.31,1971,130
21088,SET/6 FRUIT SALAD PAPER CUPS,1723.3300000000002,16503,104
23090,VINTAGE GLASS T-LIGHT HOLDER,1722.7900000000002,2129,122
20764,ABSTRACT CIRCLES SKETCHBOOK ,1721.88,597,144
20772,GARDEN PATH JOURNAL,1721.56,926,130
84031B,CHARLIE LOLA BLUE HOT WATER BOTTLE ,1720.04,544,109
22466,FAIRY TALE COTTAGE NIGHT LIGHT,1717.1999999999998,912,81
23359,SET OF 12 T-LIGHTS VINTAGE DOILY,1715.85,915,70
21280,VINTAGE KITCHEN PRINT VEGETABLES,1714.2,3316,53
20871,OPULENT VELVET SET/3 CANDLES,1713.3,1202,76
23148,MINIATURE ANTIQUE ROSE HOOK IVORY,1711.5500000000002,2065,230
23128,FELTCRAFT BOY JEAN-PAUL KIT,1711.23,349,117
21039,RED SPOTTY SHOPPING BAG,1708.3500000000001,671,103
21947,SET OF 6 HEART CHOPSTICKS,1708.17,1371,169
22074,6 RIBBONS SHIMMERING PINKS ,1707.59,1741,152
22210,WOOD STAMP SET BEST WISHES,1707.56,1461,226
20716,PARTY FOOD SHOPPER BAG,1705.8,1392,169
22098,BOUDOIR SQUARE TISSUE BOX,1702.83,2762,231
22533,MAGIC DRAWING SLATE BAKE A CAKE ,1699.26,4399,197
22227,HANGING HEART MIRROR DECORATION ,1691.55,2607,213
22706,WRAP COWBOYS  ,1690.3,4215,123
21640,ASSORTED TUTTI FRUTTI  FOB NOTEBOOK,1689.2199999999998,2002,135
85172,HYACINTH BULB T-LIGHT CANDLES,1688.52,4178,137
22227,"DECORATION, HANGING HEART+MIRROR ",1688.0,2608,168
23358,HOT STUFF HOT WATER BOTTLE,1686.15,527,67
23073,GEORGIAN TRINKET BOX,1681.5,141,59
21677,HEARTS  STICKERS,1677.83,1973,197
21695,SMALL SILVER FLOWER CANDLE POT,1677.8000000000002,572,75
23109,LED TEA LIGHTS,1676.35,595,54
22513,DOORSTOP FOOTBALL DESIGN,1675.96,556,143
22614,PACK OF 12 SPACEBOY TISSUES,1673.6499999999999,5427,298
23155,KNICKERBOCKERGLORY MAGNET ASSORTED ,1669.38,2094,111
90167,BEADED LOVE HEART JEWELLERY SET,1667.86,2098,75
85221,ASSORTED COLOUR SILK COIN PURSE,1667.5900000000001,3551,43
21547,CERAMIC BIRDHOUSE CRESTED TIT SMALL,1662.45,684,90
21241,GREEN SPOTTY CUP,1662.25,2029,205
22753,SMALL YELLOW BABUSHKA NOTEBOOK ,1662.09,2176,331
22586,FELTCRAFT HAIRBAND PINK AND BLUE,1660.03,1975,235
20785,FUSCHIA RETRO BAR STOOL,1657.8,44,17
22354,RETRO SPOT PADDED SEAT CUSHION,1657.65,467,52
85059,FRENCH ENAMEL WATER BASIN,1655.31,536,142
21647,ASSORTED TUTTI FRUTTI LARGE PURSE,1654.8000000000002,788,109
84797B,BLUE SAVANNAH PICNIC HAMPER FOR 4,1654.5,310,24
84509B,SET OF 4 FAIRY CAKE PLACEMATS,1654.05,459,117
85049H,URBAN BLACK RIBBONS ,1653.3,1627,210
84968A,S/16 VINTAGE ROSE CUTLERY,1652.55,133,48
23160,REGENCY TEA SPOON,1651.8,1392,60
22453,MEASURING TAPE BABUSHKA BLUE,1651.3500000000001,585,82
84581,DOG TOY WITH PINK CROCHET SKIRT,1650.19,441,177
21123,SET/10 IVORY POLKADOT PARTY CANDLES,1647.06,1320,115
84796B,BLUE SAVANNAH PICNIC HAMPER FOR 2,1645.3,230,32
22307,GOLD MUG BONE CHINA TREE OF LIFE,1640.4099999999999,1153,101
85060,WOOD FAN WITH FLOWER DESIGN,1638.43,1391,74
22279,POCKET BAG BLUE PAISLEY RED SPOT,1636.86,1073,121
22438,BALLOON ART MAKE YOUR OWN FLOWERS,1636.65,1323,129
22416,SET OF 36 DOILIES SPACEBOY DESIGN ,1636.1999999999998,1188,95
35953,FOLKART STAR CHRISTMAS DECORATIONS,1636.1599999999999,3300,106
22319,HAIRCLIPS FORTIES FABRIC ASSORTED,1635.01,2957,163
35971,ROSE FOLKART HEART DECORATIONS,1633.45,1836,122
21357,TOAST ITS - DINOSAUR,1630.42,1310,164
21394,RED POLKADOT BEAKER ,1629.52,3876,116
21593,SWALLOW CIGAR BOX MATCHES ,1628.06,1390,93
20846,ZINC HEART LATTICE T-LIGHT HOLDER,1627.97,1321,127
21643,ASSORTED TUTTI FRUTTI MIRROR,1627.2,1320,103
21652,GLASS ETCHED T-LIGHT HOLDER MEDIUM,1625.85,867,72
22211,WOOD STAMP SET FLOWERS,1625.28,1281,202
23434,3 RAFFIA RIBBONS 50'S CHRISTMAS ,1624.5,1782,134
84507B,STRIPES DESIGN MONKEY DOLL,1622.85,1319,89
21687,SILVER PLATE CANDLE BOWL LARGE,1619.58,446,78
21158,MOODY GIRL DOOR HANGER ,1614.31,2509,260
23270,SET OF 2 CERAMIC PAINTED HEARTS ,1612.85,1157,118
21161,KEEP OUT BOYS DOOR HANGER ,1611.1699999999998,2285,161
22184,CAKE STAND VICTORIAN FILIGREE LARGE,1609.2,268,71
22035,VINTAGE CARAVAN GREETING CARD ,1608.22,3930,244
23096,PETIT TRAY CHIC,1606.73,993,117
21865,PINK UNION JACK  PASSPORT COVER ,1601.5800000000002,765,207
23214,JINGLE BELL HEART ANTIQUE GOLD,1599.8700000000001,760,91
79323S, SILVER CHERRY LIGHTS,1594.8000000000002,264,35
22026,BANQUET BIRTHDAY  CARD  ,1592.88,3880,261
22922,FRIDGE MAGNETS US DINER ASSORTED,1592.6999999999998,1968,99
21659,GLASS CAKE STAND,1591.7,110,56
22161,HEART DECORATION RUSTIC HANGING ,1590.98,5388,219
22535,MAGIC DRAWING SLATE BUNNIES ,1588.6200000000001,3995,251
35160,BUDDHA INCENSE HOLDER ASSORTED,1587.24,2176,53
22928,YELLOW GIANT GARDEN THERMOMETER,1583.17,259,91
84459A,PINK METAL CHICKEN HEART ,1582.7,1126,107
85231B,CINAMMON SET OF 9 T-LIGHTS,1581.56,1868,286
20990,SPRING FLOWER CHOPSTICKS SET/5,1581.1499999999999,857,87
22254,FELT TOADSTOOL LARGE,1581.02,1294,112
79302M,"ART LIGHTS,FUNK MONKEY",1579.95,589,76
22673,FRENCH GARDEN SIGN BLUE METAL,1577.34,1280,168
21163,DO NOT TOUCH MY STUFF DOOR HANGER ,1577.34,2734,212
85036C,ROSE 1 WICK MORRIS BOXED CANDLE,1575.68,862,120
84509G,SET OF 4 FAIRY CAKE PLACEMATS ,1574.7,686,104
84535B,FAIRY CAKES NOTEBOOK A6 SIZE,1570.97,2566,248
23101,SILVER STARS TABLE DECORATION,1569.6200000000001,1942,190
22163,HEART STRING MEMO HOLDER HANGING,1569.19,961,104
20996,JAZZ HEARTS ADDRESS BOOK,1568.46,6123,270
23217,LAUREL HEART ANTIQUE SILVER,1567.0,1290,84
21793,CLASSIC FRENCH STYLE BASKET BROWN,1564.44,344,93
85173,SET/6 FROG PRINCE T-LIGHT CANDLES,1563.27,954,102
10125,MINI FUNKY DESIGN TAPES,1562.7,1970,120
23370,SET 36 COLOURING PENCILS DOILY,1562.6100000000001,1289,102
22286,"DECORATION , WOBBLY RABBIT , METAL ",1561.5,1066,99
21123,SET/10 IVORY SPOTTY PARTY CANDLES,1555.88,1252,74
22705,WRAP GREEN PEARS ,1554.0,3700,147
22410,MONEY BOX HOUSEKEEPING DESIGN,1552.73,1304,168
23122,PARTY CHARMS 50 PIECES,1552.65,2091,94
23244,ROUND STORAGE TIN VINTAGE LEAF,1552.5099999999998,853,96
22602,RETROSPOT WOODEN HEART DECORATION,1552.22,1850,164
21281,VINTAGE KITCHEN PRINT SEAFOOD,1552.2,3644,37
22565,FELTCRAFT HAIRBANDS PINK AND WHITE ,1549.6899999999998,1825,214
85114C,RED ENCHANTED FOREST PLACEMAT,1549.65,961,127
21645,ASSORTED TUTTI FRUTTI ROUND BOX,1549.35,939,114
21786,RAIN HAT WITH RED SPOTS,1548.96,4288,89
23317,BLUE REFECTORY CLOCK ,1547.95,161,70
20767,BLUE PAISLEY JOURNAL ,1546.52,750,148
21039,RED RETROSPOT SHOPPING BAG,1544.76,612,97
21276,TWO EMBOSSED HEART MINI DRAWERS,1544.2,676,28
21895,POTTING SHED SOW 'N' GROW SET,1540.25,529,70
23399,HOME SWEET HOME HANGING HEART,1539.6299999999999,1815,176
21637,ASSORTED SANSKRIT MINI NOTEBOOK,1537.78,1274,45
21548,CERAMIC BIRDHOUSE FINCH BLUE ROOF,1535.6000000000001,641,77
21706,FOLDING UMBRELLA RED/WHITE POLKADOT,1535.53,310,94
85222,ASSORTED COLOUR SILK COSMETIC PURSE,1535.4,1394,41
21657,MILK BOTTLE WITH GLASS STOPPER ,1534.7,226,92
23273,HEART T-LIGHT HOLDER WILLIE WINKIE,1533.8400000000001,928,97
79160,HEART SHAPE WIRELESS DOORBELL,1530.18,813,137
16033,MINI HIGHLIGHTER PENS,1530.12,15001,49
84519B,CARROT CHARLIE+LOLA COASTER SET,1528.7900000000002,797,156
22934,BAKING MOULD EASTER EGG WHITE CHOC,1527.2,560,69
21545,CERAMIC BIRDHOUSE BUTTERFLY SMALL,1527.05,678,64
23483,HANGING  BUTTERFLY T-LIGHT HOLDER,1526.62,1310,66
22421,LIPSTICK PEN FUSCHIA,1526.48,3725,239
75131,METAL TUBE CHIME ON BAMBOO,1526.26,1210,62
82615,PINK MARSHMALLOW SCARF KNITTING KIT,1526.25,567,76
22209,WOOD STAMP SET HAPPY BIRTHDAY,1524.82,1263,193
22198,"POPCORN HOLDER , LARGE",1524.5,954,67
79320, FLAMINGO LIGHTS,1523.8500000000001,335,46
22025,RING OF ROSES BIRTHDAY CARD,1523.22,3817,203
23372,SET 36 COLOUR PENCILS DOLLY GIRL,1520.22,1294,99
22292,HANGING CHICK  YELLOW DECORATION,1520.0,1088,89
21043,APRON MODERN VINTAGE COTTON,1519.95,601,89
21618,4 WILDFLOWER BOTANICAL CANDLES,1519.0,594,98
21694,SMALL REGAL  SILVER CANDLEPOT ,1516.2000000000003,540,61
15059A,ENGLISH ROSE EDWARDIAN PARASOL,1515.0,505,1
21109,"LARGE CAKE TOWEL, CHOCOLATE SPOTS",1513.95,225,98
21099,SET/6 STRAWBERRY PAPER CUPS,1506.6000000000001,13284,29
21092,SET/6 STRAWBERRY PAPER PLATES,1504.94,12806,18
22587,FELTCRAFT HAIRBAND RED AND BLUE,1503.6299999999999,1791,239
72803A,ROSE SCENT CANDLE JEWELLED DRAWER,1498.19,715,91
85036B,CHOCOLATE 1 WICK MORRIS BOX CANDLE,1498.06,588,79
21283,NATURAL BARK CANDLE SMALL,1496.75,491,68
21628,TRIANGULAR POUFFE VINTAGE ,1494.5,106,40
21610,SET 12 PEAR BOTANICAL T-LIGHTS,1493.3500000000001,529,87
21710,FOLDING UMBRELLA  PINK/WHITE  SPOT,1493.1000000000001,578,43
21000,ROSE DU SUD COSMETICS BAG,1493.0,616,40
22516,CHILDS GARDEN RAKE BLUE,1490.58,786,126
85039B,S/4 IVORY MINI ROSE CANDLE IN BOWL,1488.43,1255,110
23181,BULL DOG BOTTLE TOP WALL CLOCK,1484.25,185,69
21581,SKULLS  DESIGN  COTTON TOTE BAG,1484.1499999999999,1027,128
21620,SET OF 4 ROSE BOTANICAL CANDLES,1481.25,873,142
23226,FILIGREE HEART DAISY WHITE,1478.59,1199,71
21927,BLUE/CREAM STRIPE CUSHION COVER ,1478.55,1195,171
21215,IVORY PAPER CUP CAKE CASES ,1477.99,2839,159
21275,ZINC TOP  2 DOOR WOODEN SHELF ,1477.9,242,48
22310,IVORY KNITTED MUG COSY ,1477.59,943,82
22770,MIRROR CORNICE,1477.3999999999999,100,63
22262,FELT EGG COSY CHICKEN,1477.02,1734,185
21448,12 DAISY PEGS IN WOOD BOX,1476.75,895,178
22804,PINK HANGING HEART T-LIGHT HOLDER,1476.13,823,66
21162,TOXIC AREA  DOOR HANGER ,1475.9499999999998,2325,239
72008,FROSTED BOX 9 WHITE T-LIGHT CANDLES,1470.42,3699,193
23394,POSTE FRANCE CUSHION COVER,1470.0,392,119
21541,DINOSAURS WATER TRANSFER TATTOOS ,1469.8999999999999,1782,147
21384,IVORY HANGING DECORATION  BUTTERFLY,1466.81,1733,113
21294,ETCHED GLASS COASTER,1465.3799999999999,2130,116
21785,RAIN PONCHO ,1465.1999999999998,1972,78
84789,ENCHANTED BIRD PLANT CAGE,1464.0,432,112
22929,SCHOOL DESK AND CHAIR ,1459.75,23,17
84795A,PASTEL STRIPE HAMMOCK ,1458.3000000000002,194,56
22517,CHILDS GARDEN RAKE PINK,1458.18,772,125
85016,SET OF 6 VINTAGE NOTELETS KIT,1457.3999999999999,1450,70
85185B,PINK HORSE SOCK PUPPET,1455.6000000000001,504,131
21205,MULTICOLOUR 3D BALLS GARLAND,1455.0,596,109
22802,FAUX FUR CHOCOLATE THROW,1454.7,86,46
21146,ANTIQUE GLASS RIDGED HANGING BALL,1453.6499999999999,775,52
21251,DINOSAUR HEIGHT CHART STICKER SET,1453.5000000000002,546,102
22975,SPACEBOY CHILDRENS EGG CUP,1453.47,1156,147
84472,PINK AND LILAC QUILTED THROW ,1450.4,33,25
21972,SET OF 36 DINOSAUR PAPER DOILIES,1450.0,1000,133
23391, I LOVE LONDON MINI BACKPACK,1449.8500000000001,359,68
21925,UNION STRIPE CUSHION COVER ,1449.7,1178,154
22449,SILK PURSE RUSSIAN DOLL PINK,1449.45,447,77
23287,RED VINTAGE SPOT BEAKER,1445.5,1774,146
22986,GINGHAM ROSE WRAP,1444.3,3515,121
84619,BLUE GINGHAM ROSE QUILT ,1444.15,69,26
21542,WOODLAND WATER TRANSFER TATTOOS ,1443.3999999999999,1748,145
21332,MOROCCAN BEATEN METAL MIRROR,1442.9,262,42
23462,ROCOCO WALL MIRROR WHITE,1442.25,75,43
85177,BASKET OF FLOWERS SEWING KIT,1442.11,1765,112
22450,SILK PURSE BABUSHKA BLUE,1441.45,431,101
22183,CAKE STAND VICTORIAN FILIGREE MED,1438.05,282,63
21550,CERAMIC BIRDHOUSE CRESTED TIT LARGE,1437.75,285,56
21262,WHITE GOOSE FEATHER CHRISTMAS TREE ,1435.1000000000001,458,81
44230,SQUARE MIRROR CURTAIN,1434.18,207,44
21446,12 RED ROSE PEG PLACE SETTINGS,1433.38,1154,182
ADJUST,Adjustment by john on 26/01/2010 17,1431.1100000000001,14,14
21869,POTTING SHED COFFEE MUG,1430.85,1245,103
90062,CARNIVAL BRACELET,1430.5,113,38
21066,VINTAGE RED MUG,1429.96,2258,110
23267,SET OF 4 SANTA PLACE SETTINGS,1427.34,1158,91
22052,VINTAGE CARAVAN GIFT WRAP,1427.32,3446,124
23280,FOLDING BUTTERFLY MIRROR HOT PINK ,1427.16,1838,128
22546,MINI JIGSAW PURDEY,1425.19,3637,125
21634,ASSORTED MINI MADRAS NOTEBOOK,1425.1,1718,49
21382,SET/4 SPRING FLOWER DECORATION,1423.2,1132,114
79323B,BLACK CHERRY LIGHTS,1421.45,231,48
85198,ASSORTED FARMYARD ANIMALS IN BUCKET,1421.24,3824,38
22157,ANGEL DECORATION WITH LACE PADDED,1420.35,1671,112
22261,FELT EGG COSY WHITE RABBIT ,1412.57,1753,150
21631,HIPPY CHIC DECORATIVE PARASOL,1412.1000000000001,206,42
40001,WHITE BAMBOO RIBS LAMPSHADE,1411.3,1942,66
21356,TOAST ITS - FAIRY FLOWER,1410.95,1148,177
21986,PACK OF 12 PINK POLKADOT TISSUES,1410.2199999999998,4952,221
48195,DOOR MAT GREEN PAISLEY ,1409.11,253,73
22137,BATHROOM SET LOVE HEART DESIGN,1407.85,583,31
21292,SMALL STRIPES CHOCOLATE GIFT BAG ,1407.1299999999999,2437,82
84006,MAGIC TREE -PAPER FLOWERS,1406.75,1655,142
22608,PENS ASSORTED FUNKY JEWELED ,1406.29,5401,98
84968E,SET OF 16 VINTAGE BLACK CUTLERY,1404.81,116,35
21495,SKULLS WRAP,1403.0,3350,108
22676,FRENCH BLUE METAL DOOR SIGN 1,1402.39,1119,154
21818,GLITTER CHRISTMAS HEART ,1400.78,1670,132
21894,POTTING SHED SEED ENVELOPES,1400.13,1144,151
85194L,HANGING SPRING FLOWER EGG LARGE,1399.8899999999999,1713,109
47503A,ASS FLORAL PRINT MULTI SCREWDRIVER,1396.61,2846,191
23368,SET 12 COLOUR PENCILS DOLLY GIRL ,1396.4,2152,178
22293,"SPRING DEC , HANGING CHICK  GREEN",1396.1499999999999,1087,71
22333,RETRO SPOT PARTY BAG + STICKER SET,1395.45,933,31
22071,SMALL RETRO SPOT MUG IN BOX  WHITE,1395.33,379,77
15058A,BLUE WHITE SPOTS GARDEN PARASOL,1394.45,271,55
84795D,SEASIDE STRIPE HAMMOCK,1387.05,179,73
22343,PARTY PIZZA DISH RED RETROSPOT,1380.94,2506,109
21662,VINTAGE GLASS COFFEE CADDY,1380.1000000000001,238,78
85170A,SET/6 IVORY BIRD T-LIGHT CANDLES,1378.32,799,62
22390,PAPERWEIGHT CHILDHOOD MEMORIES,1378.22,795,73
85180A,RED HEARTS LIGHT CHAIN ,1377.53,553,66
84843,WHITE SOAP RACK WITH 2 BOTTLES,1376.05,247,86
22599,CHRISTMAS MUSICAL ZINC STAR,1374.74,2562,131
22316,200 BENDY SKULL STRAWS,1370.4,1224,95
21282,NATURAL BARK CANDLE LARGE,1369.25,337,59
22103,MIRROR MOSAIC T-LIGHT HOLDER ROUND,1368.54,1598,50
20665,RED RETROSPOT PURSE ,1368.0500000000002,467,99
84919,BLUE CUSHION COVER WITH FLOWER,1365.3,254,19
23546,WRAP PAISLEY PARK ,1365.0,3250,120
84665,SQUARE CHERRY BLOSSOM CABINET,1364.7,226,47
23348,CHILDRENS TOY COOKING UTENSIL SET,1363.16,676,122
84965B,BLUE KASHMIRI COFFEE TABLE ,1359.95,27,4
84819,DANISH ROSE ROUND SEWING BOX,1359.79,907,94
22976,CIRCUS PARADE CHILDRENS EGG CUP ,1358.59,1083,118
85167B,BLACK GRAND BAROQUE PHOTO FRAME,1358.4,684,52
21532,DAIRY MAID SUGAR JAM BOWL,1358.3999999999999,1372,76
20768,GREEN FERN JOURNAL ,1357.81,702,117
23086,ZINC  STAR T-LIGHT HOLDER ,1357.79,1183,35
22050,PINK PAISLEY ROSE GIFT WRAP,1354.0,3300,115
22093,MOTORING TISSUE BOX,1353.21,2315,247
16161U,"WRAP,SUKI AND FRIENDS",1352.5,3325,109
21278,VINTAGE KITCHEN PRINT PUDDINGS,1352.25,2695,70
22912,YELLOW COAT RACK PARIS FASHION,1351.44,296,98
23414,ZINC BOX SIGN HOME,1348.01,139,62
20766,GARDEN PATH SKETCHBOOK,1345.98,475,123
22719,GUMBALL MONOCHROME COAT RACK,1345.55,1195,105
23334,IVORY WICKER HEART SMALL,1345.5,2154,95
21279,VINTAGE KITCHEN PRINT FRUITS,1343.85,3471,56
22396,MAGNETS PACK OF 4 RETRO PHOTO,1342.94,1830,159
22559,SEASIDE FLYING DISC,1340.85,1107,115
21579,LOLITA  DESIGN  COTTON TOTE BAG,1340.15,959,91
21426,WOODLAND STORAGE BOX SMALL,1338.6000000000001,962,51
21675,BUTTERFLIES STICKERS,1336.9099999999999,1571,160
85071A,BLUE CHARLIE+LOLA PERSONAL DOORSIGN,1336.41,1839,124
21991,BOHEMIAN COLLAGE STATIONERY SET,1333.98,874,137
21576,LETS GO SHOPPING COTTON TOTE BAG,1333.67,601,144
21910,WAY OUT METAL SIGN ,1331.7,1034,101
23104,IVORY CAFE HANGING LAMP ,1330.5,114,43
22099,CARAVAN SQUARE TISSUE BOX,1329.17,2019,214
23250,VINTAGE RED TRIM ENAMEL BOWL ,1328.59,1079,87
21561,DINOSAUR LUNCHBOX WITH CUTLERY,1327.8,544,99
22597,CHRISTMAS MUSICAL ZINC HEART ,1327.59,1683,92
23232,WRAP VINTAGE PETALS  DESIGN,1327.5,3275,104
20752,RETRO BLUE SPOTTY WASHING UP GLOVES,1326.6000000000001,846,114
22317,FIVE CATS HANGING DECORATION,1324.0200000000002,450,96
23470,CARD HOLDER LOVE BIRD LARGE ,1323.4,220,75
85160A,WHITE BIRD GARDEN DESIGN MUG,1323.2,8800,22
22051,BLUE SCANDINAVIAN PAISLEY WRAP,1317.5,3175,116
21289,LARGE STRIPES CHOCOLATE GIFT BAG,1315.15,1255,60
23034,DRAWER KNOB CERAMIC BLACK,1314.95,935,78
21232,STRAWBERRY CERAMIC TRINKET POT,1312.04,1036,75
22285,HANGING HEN ON NEST DECORATION,1310.1,794,87
84968F,SET OF 16 VINTAGE SKY BLUE CUTLERY,1308.3,106,39
21051,RIBBONS PURSE ,1308.23,663,93
37441,ASSORTED WHITE EMBOSSED CHINA MUGS,1307.4,674,39
22982,PANTRY PASTRY BRUSH,1307.05,1044,146
21159,MOODY BOY  DOOR HANGER ,1306.4399999999998,2060,214
20993,JAZZ HEARTS MEMO PAD,1305.49,10945,24
21198,WHITE HEART CONFETTI IN TUBE,1304.46,1190,82
85103,SILVER T-LIGHT SETTING,1303.45,211,39
84854,GIRLY PINK TOOL SET,1302.0,280,57
23271,CHRISTMAS TABLE SILVER CANDLE SPIKE,1301.05,1603,74
23057,BEADED CHANDELIER T-LIGHT HOLDER,1298.44,596,34
35809A,ENAMEL PINK TEA CONTAINER,1297.81,1037,110
21398,RED  SPOTTY COFFEE  MUG,1297.8,692,44
84616,SILVER ROCCOCO CHANDELIER,1297.75,69,22
21059,PARTY INVITES DINOSAURS,1294.1,1550,198
47503K,ASSORTED FLORAL SECATEURS,1293.75,3141,33
72816,SET/3 CHRISTMAS DECOUPAGE CANDLES,1293.32,1202,75
22337,ANGEL DECORATION PAINTED ZINC ,1292.05,2165,82
22393,PAPERWEIGHT VINTAGE COLLAGE,1289.23,800,89
23055,IVORY CHANDELIER T-LIGHT HOLDER,1286.72,560,36
84510B,SET OF 4 FAIRY CAKES COASTERS ,1285.8,1094,96
21837,CROSS STITCH ALPHABET CUSHION COVER,1285.2,216,70
21828,EIGHT PIECE SNAKE  SET,1283.96,1060,146
35810A,ENAMEL PINK COFFEE CONTAINER,1282.3600000000001,1117,104
35241,ENAMEL BLUE RIM BISCUIT BIN,1281.25,271,94
85006,SET 4 NURSERY DES ROUND BOXES,1280.45,3047,35
21661,VINTAGE GLASS TEA CADDY,1279.0500000000002,219,78
35004G,SET OF 3 GOLD FLYING DUCKS,1278.21,347,64
23119,PACK OF 6 LARGE FRUIT STRAWS ,1275.71,2155,116
21358,TOAST ITS - HAPPY BIRTHDAY,1275.3,1026,158
23000,TRAVEL CARD WALLET TRANSPORT,1274.76,3042,205
23538,WALL ART VINTAGE HEART,1273.92,326,27
22308,TEA COSY BLUE STRIPE,1273.39,515,98
21199,PINK  HEART CONFETTI IN TUBE,1271.46,1170,93
23378,PACK OF 12 50'S CHRISTMAS TISSUES,1270.59,3413,144
20738,GREEN MINI TAPE MEASURE ,1270.55,1585,65
20760,GARDEN PATH POCKET BOOK,1270.2,5484,59
22732,3D STICKERS VINTAGE CHRISTMAS,1268.0,1060,38
85141,JARDIN ETCHED GLASS FRUITBOWL,1267.4,180,69
21684,SMALL MEDINA STAMPED METAL BOWL ,1258.01,1656,88
21644,ASSORTED TUTTI FRUTTI HEART BOX,1257.5,1006,116
21842,PINK HEART CANDY BUTTON CALCULATOR,1257.1499999999999,541,38
23469,CARD HOLDER LOVE BIRD SMALL,1255.76,320,63
17091A,LAVENDER INCENSE IN TIN,1255.65,2073,110
22267,EASTER DECORATION EGG BUNNY ,1255.43,1457,105
23249,VINTAGE RED ENAMEL TRIM PLATE,1254.9,778,67
22068,BLACK PIRATE TREASURE CHEST,1254.18,892,166
85200,BUNNY EGG BOX,1253.95,1007,94
21807,WHITE CHRISTMAS STAR DECORATION,1251.36,3000,132
35637A,IVORY STRING CURTAIN WITH POLE ,1250.95,541,45
21011,GLITTER SNOW PEAR TREE DECORATION,1249.78,1774,101
23040,PAPER LANTERN 9 POINT SNOW STAR ,1249.5,234,32
20933,YELLOW POT PLANT CANDLE,1245.15,493,42
22543,MINI JIGSAW BAKE A CAKE ,1242.25,3198,87
23373,VINTAGE CHRISTMAS PAPER GIFT BAG,1241.6599999999999,1563,88
23221,REINDEER HEART DECORATION SILVER,1241.5900000000001,1461,110
22150, 3 STRIPEY MICE FELTCRAFT,1241.1,662,112
22827,GIANT SEVENTEEN DRAWER SIDEBOARD,1240.0,8,6
22167, OVAL WALL MIRROR DIAMANTE ,1239.05,139,67
23505,PLAYING CARDS I LOVE LONDON ,1238.5,1058,104
23237,SET OF 4 KNICK KNACK TINS LEAVES ,1237.2,304,53
85159B,"WHITE TEA,COFFEE,SUGAR JARS",1236.1,638,68
22339,CHRISTMAS TREE PAINTED ZINC ,1235.54,3308,102
22123,PING MICROWAVE APRON,1233.95,557,91
84748,FOLK FELT HANGING MULTICOL GARLAND,1231.8,980,31
84466,TOP SECRET PEN SET,1231.6999999999998,1210,49
22756,LARGE YELLOW BABUSHKA NOTEBOOK ,1231.21,1127,172
22182,CAKE STAND VICTORIAN FILIGREE SMALL,1229.05,359,65
20825,GOLD WINE GLASS,1229.04,360,6
85071B,RED CHARLIE+LOLA PERSONAL DOORSIGN,1226.57,2291,139
21689,SILVER VANILLA  FLOWER CANDLE POT,1226.31,337,55
21926,RED/CREAM STRIPE CUSHION COVER ,1224.8,992,136
22917,HERB MARKER ROSEMARY,1224.3,1902,198
85125,SMALL ROUND CUT GLASS CANDLESTICK,1222.95,267,43
21549,CERAMIC BIRDHOUSE RED ROOF SMALL,1222.8500000000001,539,44
22448,PIN CUSHION RUSSIAN DOLL RED,1220.55,393,34
22450,SILK PURSE RUSSIAN DOLL BLUE,1218.8500000000001,371,65
85232A,SET/3 POLKA DOT STACKING TINS,1215.75,249,85
21867,PINK UNION JACK  LUGGAGE TAG,1214.21,972,200
22181,SNOWSTORM PHOTO FRAME FRIDGE MAGNET,1212.33,1485,104
85162A,SILVER RETRODISC LAMPSHADE,1211.75,605,19
20893,HANGING BAUBLE T-LIGHT HOLDER SMALL,1210.3500000000001,538,63
84823,DANISH ROSE FOLDING CHAIR,1210.0,120,29
20761,BLUE PAISLEY SKETCHBOOK,1207.37,413,116
72818,CHRISTMAS DECOUPAGE CANDLE,1206.31,2341,106
22923,FRIDGE MAGNETS LES ENFANTS ASSORTED,1204.9499999999998,1491,84
79191C,RETRO PLASTIC ELEPHANT TRAY,1204.3799999999999,1566,131
23138,SINGLE WIRE HOOK IVORY HEART,1201.8999999999999,870,75
23536,WALL ART VILLAGE SHOW ,1201.6100000000001,227,56
20704,MR ROBOT SOFT TOY,1200.95,345,64
21383,PACK OF 12 STICKY BUNNIES,1200.9,1866,190
85032A,ROMANTIC IMAGES GIFT WRAP SET,1200.55,1383,118
23444,Next Day Carriage,1200.0,79,79
21529,RETRO SPOT CERAMIC TOASTRACK,1199.1000000000001,358,80
84816,DANISH ROSE BEDSIDE CABINET,1198.45,31,18
22916,HERB MARKER THYME,1197.65,1861,193
35649,VINTAGE BEAD COSMETIC BAG ,1195.82,1776,21
40003,WHITE BAMBOO RIBS LAMPSHADE,1195.25,1129,48
84830,LARGE ENGLISH ARBORETUM,1195.15,113,7
22269,EGG CUP NATURAL CHICKEN,1194.64,1400,149
21708,FOLDING UMBRELLA  CREAM/MULTI  SPOT,1193.4,372,47
21248,DOOR HANGER  MUM + DADS ROOM,1192.8,1008,132
22977,DOLLY GIRL CHILDRENS EGG CUP,1192.46,953,116
72232,FENG SHUI PILLAR CANDLE,1190.9199999999998,6268,118
22070,SMALL RETRO SPOT MUG IN BOX  RED,1188.75,317,78
21190,PINK HEARTS PAPER GARLAND,1188.3999999999999,756,84
22733,3D STICKERS TRADITIONAL CHRISTMAS ,1187.0,980,36
22293,HANGING CHICK GREEN DECORATION,1186.1,818,83
21317,GLASS SPHERE CANDLE STAND MEDIUM,1181.25,329,64
22097,SWALLOW SQUARE TISSUE BOX,1180.79,2021,211
77101A,UNION FLAG WINDSOCK,1180.48,1052,69
22094,RED RETROSPOT TISSUE BOX,1179.04,2453,170
20731,POSY CANDY BAG,1179.0,4100,46
22677,FRENCH BLUE METAL DOOR SIGN 2,1177.51,942,124
84856L,LARGE TAHITI BEACH BAG,1177.45,211,55
21438,TUB 24 HANGING EASTER EGGS SPOTTY,1177.2,360,33
23366,SET 12 COLOURING PENCILS DOILY,1177.1000000000001,1870,137
23598,PAPER BUNTING VINTAGE PARTY,1175.0,420,42
20986,BLUE CALCULATOR RULER,1173.76,994,130
85098B,BLUE FLYING SINGING CANARY,1172.4,328,84
22106,MIRROR MOSAIC HURRICANE LAMP ,1171.85,427,36
20762,GREEN FERN SKETCHBOOK ,1171.71,416,111
20840,FRENCH FLORAL CUSHION COVER ,1170.83,813,60
85231G,ORANGE SCENTED SET/9 T-LIGHTS,1170.0,1404,208
84967B,BLUE KASHMIRI OCCASIONAL TABLE,1169.5,23,10
47503E,ASS FLORAL PRINT SCISSORS,1169.4,6828,22
22290,STANDING METAL RABBIT WITH EGG,1168.2,657,68
23071,MARIE ANTOINETTE TRINKET BOX GOLD,1167.6,312,16
22048,BIRTHDAY BANQUET GIFT WRAP,1166.3,2815,102
37342,POLKADOT COFFEE CUP & SAUCER PINK,1165.89,1443,65
23392,SPACEBOY ROCKET LOLLY MAKERS,1165.28,587,78
21537,RETRO SPOTS PUDDING BOWL,1162.25,281,64
22389,PAPERWEIGHT SAVE THE PLANET,1160.16,624,80
21774,DECORATIVE CATS BATHROOM BOTTLE,1159.01,1261,108
22545,MINI JIGSAW BUNNIES,1158.09,2922,123
84596G,SMALL CHOCOLATES PINK BOWL,1157.93,1967,222
21763,VINTAGE WOODEN BAR STOOL,1157.8999999999999,43,17
22915,ASSORTED BOTTLE TOP  MAGNETS ,1157.28,3054,141
15034,PAPER POCKET TRAVELING FAN ,1156.1200000000001,9818,172
20729,RED SPOTTY CANDY BAG,1154.9,4626,67
21904,HOUSE WRECKING METAL SIGN ,1152.0,735,130
84536B,FAIRY CAKES NOTEBOOK A7 SIZE,1149.68,2861,224
22918,HERB MARKER PARSLEY,1148.4,1816,194
84968D,SET OF 16 VINTAGE RED CUTLERY,1146.42,88,42
22246,"GARLAND, MAGIC GARDEN 1.8M",1146.3,610,68
20681,PINK POLKADOT CHILDRENS UMBRELLA,1144.5,354,99
22040,BOTANICAL ROSE GIFT WRAP,1144.3,2815,94
72817,SET OF 2 CHRISTMAS DECOUPAGE CANDLE,1143.0900000000001,1197,116
85116,BLACK CANDELABRA T-LIGHT HOLDER,1139.66,1173,52
20802,SMALL GLASS SUNDAE DISH CLEAR,1137.99,895,76
23142,IVORY WIRE KITCHEN ORGANISER,1137.65,116,36
23067,HANGING ENGRAVED METAL HEART,1137.1000000000001,274,71
22731,3D STICKERS CHRISTMAS STAMPS,1137.0,940,34
21063,PARTY INVITES JAZZ HEARTS,1136.71,1363,198
85164B,BLACK BAROQUE CUCKOO CLOCK,1134.75,113,41
21157,RED SPOTTY WASHBAG,1133.28,542,92
21656,RIDGED GLASS POSY VASE ,1132.85,821,83
22739,"RIBBON REEL, XMAS SOCK/BAUBLE",1131.0,700,46
85055,FRENCH ENAMEL UTENSIL HOLDER,1130.6,316,79
22481,BLACK TEA TOWEL CLASSIC DESIGN,1130.24,1110,166
22265,EASTER DECORATION NATURAL CHICK,1129.65,1781,134
37343,SPOTS DESIGN MUG W PINK INSIDE,1129.44,784,51
21395,BLUE POLKADOT BEAKER ,1129.4399999999998,2824,80
22228,BUNNY WOODEN PAINTED WITH BIRD ,1129.4099999999999,1477,175
23559,WOODLAND BUNNIES LOLLY MAKERS,1129.28,563,75
23507,MINI PLAYING CARDS BUFFALO BILL ,1128.18,2839,101
23405,HOME SWEET HOME 2 DRAWER CABINET,1128.05,235,57
22985,"WRAP, BILLBOARD FONTS DESIGN",1125.8,2890,71
85110,BLACK SILVER FLOWER T-LIGHT HOLDER,1124.68,11512,19
20733,GOLD MINI TAPE MEASURE ,1123.7,1546,101
22924,FRIDGE MAGNETS LA VIE EN ROSE,1121.1,1374,81
21649,ASSORTED TUTTI FRUTTI PHOTO FRAME,1120.75,413,23
22232,JIGSAW TOADSTOOLS 3 PIECE,1120.6299999999999,1003,112
21738,COSY SLIPPER SHOES SMALL  RED ,1119.5,386,103
21773,DECORATIVE ROSE BATHROOM BOTTLE,1118.96,1264,106
21175,GIN AND TONIC DIET METAL SIGN,1118.46,474,37
21130,COLOURFUL STANDING GNOME,1115.7,706,39
70007,HI TEC ALPINE HAND WARMER,1114.89,1089,104
22252,BIRDCAGE DECORATION TEALIGHT HOLDER,1114.51,929,109
21291,SMALL POLKADOT CHOCOLATE GIFT BAG ,1113.5,1310,61
23431,NATURAL HANGING QUILTED HEARTS ,1113.13,1427,67
23506,MINI PLAYING CARDS SPACEBOY ,1106.28,2694,127
21009,ETCHED GLASS STAR TREE DECORATION,1106.25,885,79
20765,CHRYSANTHEMUM SKETCHBOOK ,1104.79,405,120
15058A,BLUE POLKADOT GARDEN PARASOL,1104.6,148,51
21822,GLITTER CHRISTMAS TREE WITH BELLS,1102.9,868,97
23061,VINTAGE EMBOSSED HEART,1102.46,886,84
79163,BLACK CHAMPAGNE GLASS,1102.17,1811,56
22166,"WALL MIRROR , RECT DIAMANTE, PINK/",1100.91,177,21
48197,DOORMAT BIRD ON THE WIRE,1100.15,223,16
35598D,PINK/WHITE CHRISTMAS TREE 60CM,1099.12,1642,52
23072,MARIE ANTOINETTE TRINKET BOX SILVER,1099.0,326,22
22808,SET OF 6 T-LIGHTS EASTER CHICKS,1098.9,394,61
22919,HERB MARKER MINT,1098.8500000000001,1709,197
21779,MA CAMPAGNE MINI WOODEN CHEST,1097.8000000000002,301,22
21397,BLUE  SPOTTY EGG CUP ,1097.78,922,63
21312,LARGE CHUNKY GLASS ROMAN BOWL,1097.75,293,20
22253,6 CROCHET STRAWBERRIES,1096.39,937,69
85039A,SET/4 RED MINI ROSE CANDLE IN BOWL,1095.35,1117,90
37482B,CUBIC MUG BLUE POLKA DOT,1093.95,1249,7
84674,FLYING PIG WATERING CAN,1093.8000000000002,444,92
20658,RED SPOTTY LUGGAGE TAG,1090.44,876,125
23225,CHERUB HEART DECORATION SILVER ,1089.6000000000001,1296,69
22709,WRAP WEDDING DAY,1089.5,2775,76
22448,PIN CUSHION BABUSHKA RED,1088.8600000000001,340,70
22984,CARD GINGHAM ROSE ,1088.86,2714,144
22422,TOOTHPASTE TUBE PEN,1088.1000000000001,2080,149
22921,HERB MARKER CHIVES ,1085.2,1688,173
22615,PACK OF 12 CIRCUS PARADE TISSUES ,1084.09,3643,136
22761,CHEST 7 DRAWER MA CAMPAGNE,1083.75,45,31
23539,WALL ART LOVES' SECRET ,1082.1100000000001,229,33
17096,ASSORTED LAQUERED INCENSE HOLDERS,1081.65,6157,35
21396,RED SPOTTY EGG CUP ,1081.53,909,58
22715,CARD WEDDING DAY,1081.08,2646,168
85017B,ENVELOPE 50 BLOSSOM IMAGES,1080.99,1859,118
22249,DECORATION WHITE CHICK MAGIC GARDEN,1080.71,1291,142
85130A,BEADED PEARL HEART WHITE LARGE,1080.0,656,74
20734,SILVER MINI TAPE MEASURE ,1079.85,1379,68
21806,WHITE CHRISTMAS HEART DECORATION,1079.1599999999999,2590,104
16225,RATTLE SNAKE EGGS,1078.64,1420,112
22233,JIGSAW RABBIT AND BIRDHOUSE,1077.35,881,127
22094,RED POLKA DOT TISSUE BOX,1076.15,943,62
23515,EMBROIDERED RIBBON REEL DAISY ,1075.3799999999999,558,59
84562A,PINK/WHITE RIBBED MELAMINE JUG,1073.25,143,63
23513,EMBROIDERED RIBBON REEL SUSIE ,1072.96,556,62
85118,HEART T-LIGHT HOLDER,1072.1499999999999,2027,62
84396,6 HOOK JEWELLERY STAND BLACK DRESS,1071.6,516,28
21955,  DOORMAT UNION JACK GUNS AND ROSES,1071.25,167,51
22214,CANDLE PLATE LACE WHITE,1069.3,462,52
84279P, CHERRY BLOSSOM  DECORATIVE FLASK,1068.6000000000001,308,26
23418,LAVENDER TOILETTE BOTTLE,1066.88,533,60
23269,SET OF 2 CERAMIC CHRISTMAS TREES,1065.3999999999999,748,76
21739,COSY SLIPPER SHOES SMALL GREEN,1064.5900000000001,364,100
85032D,YULETIDE IMAGES GIFT WRAP SET,1063.06,1008,90
21219,SET/4 BADGES BALLOON GIRL,1062.94,848,102
21413,PERIWINKLE T-LIGHT HOLDER,1062.1,3134,34
22287,"DECORATION , WOBBLY CHICKEN, METAL ",1061.55,763,60
84313C,ORANGE TV TRAY TABLE ,1061.15,497,47
22740,POLKA DOT PEN,1060.8,1248,24
84658,WHITE STITCHED CUSHION COVER,1060.78,198,56
22815,CARD PSYCHEDELIC APPLES,1060.44,2566,165
85131A,BEADED PEARL HEART WHITE ON STICK,1060.43,1375,77
35471D,SET OF 3 BIRD LIGHT PINK FEATHER ,1060.0,1950,205
23375,50'S CHRISTMAS PAPER GIFT BAG,1059.9399999999998,1317,88
22686,FRENCH BLUE METAL DOOR SIGN No,1059.7,909,81
21817,GLITTER CHRISTMAS TREE,1058.79,1671,121
22201,FRYING PAN BLUE POLKADOT ,1058.5,266,50
84910A,PINK PAISLEY CUSHION COVER ,1058.2,412,40
21839,MUMMY MOUSE RED GINGHAM RIBBON,1058.1000000000001,198,81
22817,CARD SUKI BIRTHDAY,1056.84,2578,169
21818,GLITTER HEART DECORATION,1056.34,2434,129
23529,DOLLY GIRL WALL ART,1055.94,318,11
23369,SET 36 COLOUR PENCILS LOVE LONDON,1053.29,901,95
22819,"BIRTHDAY CARD, RETRO SPOT",1052.64,2568,168
20771,CHRYSANTHEMUM  JOURNAL,1051.96,551,112
84609,TALL ROCOCO CANDLE HOLDER,1051.5,129,27
85224,ASSORTED COLOUR SILK GLASSES CASE,1051.14,1987,47
84965A,PINK KASHMIRI COFFEE TABLE ,1050.0,20,3
22806,SET OF 6 T-LIGHTS WEDDING CAKE ,1049.9,410,44
47587A,PINK FAIRY CAKE COASTER,1049.6399999999999,2676,9
22062,CERAMIC BOWL WITH LOVE HEART DESIGN,1048.49,711,93
21490,SET OF THREE 50'S GIFT WRAPS ,1047.6,598,37
23511,EMBROIDERED RIBBON REEL EMILY ,1046.42,524,85
21803,CHRISTMAS TREE STAR DECORATION,1045.3799999999999,2489,101
23432,PRETTY HANGING QUILTED HEARTS,1045.2,1272,70
16046,TEATIME PEN CASE & PENS,1043.53,9949,45
23542,70'S ALPHABET WALL ART,1043.1,150,15
84847,FLORAL BATHROOM SET,1043.01,2315,37
21246,RED RETROSPOT BIG BOWL,1042.5,214,50
21090,SET/6 COLLAGE PAPER PLATES,1042.03,2285,159
22532,MAGIC DRAWING SLATE LEAP FROG ,1041.3600000000001,2740,154
22403,MAGNETS PACK OF 4 VINTAGE LABELS ,1040.83,1601,161
22997,TRAVEL CARD WALLET UNION JACK,1038.9,2477,181
84828,JUNGLE POPSICLES ICE LOLLY MOULDS,1038.66,831,96
21633,SUNFLOWER DECORATIVE PARASOL,1038.45,127,34
21410,COUNTRY COTTAGE  DOORSTOP GREEN,1036.75,259,101
22204,MILK PAN BLUE RETROSPOT,1035.66,290,56
16235,RECYCLED PENCIL WITH RABBIT ERASER,1031.58,5088,160
20755,BLUE PAISLEY POCKET BOOK,1031.0,5084,86
79066K,RETRO MOD TRAY,1030.86,1272,173
72800F,4 IVORY DINNER CANDLES GOLD FLOCK,1029.72,816,62
85025C,PINK HEART SHAPE PHOTO FRAME,1029.1,642,92
23231,WRAP  VINTAGE DOILY ,1029.0,2450,93
21825,PAINTED METAL TREE WITH HOLLY BELLS,1027.6999999999998,722,67
22340,NOEL GARLAND PAINTED ZINC ,1027.41,1345,95
84989A,75 GREEN FAIRY CAKE CASES,1027.1,2066,121
22256,FELT FARM ANIMAL CHICKEN,1025.58,846,83
23516,EMBROIDERED RIBBON REEL SOPHIE  ,1025.01,291,40
84688,BEACH HUT DESIGN BLACKBOARD,1025.0,388,47
22102,MIRROR MOSAIC T-LIGHT HOLDER ,1024.5,1738,41
22382,LUNCHBAG SPACEBOY DESIGN ,1022.6,644,45
84815,SET OF 3 DANISH ROSE PLANTERS,1022.5,906,36
21849,SILVER DIAMANTE PEN IN GIFT BOX,1020.34,460,59
22718,CARD CAT AND TREE ,1020.24,2460,170
21195,PINK  HONEYCOMB PAPER BALL ,1018.6800000000001,622,55
18007,ESSENTIAL BALM 3.5g TIN IN ENVELOPE,1017.18,11335,51
23026,DRAWER KNOB VINTAGE GLASS STAR,1016.97,503,53
23411, TRELLIS COAT RACK,1016.5500000000001,217,46
21209,MULTICOLOUR HONEYCOMB FAN,1016.52,1354,84
20777,CHRYSANTHEMUM NOTEBOOK,1016.25,3525,94
23544,WALL ART MID CENTURY MODERN ,1015.78,164,20
16047,POP ART PEN CASE & PENS,1015.59,10587,23
21883,STARS GIFT TAPE ,1015.3600000000001,2038,165
72819,CUPID DESIGN SCENTED CANDLES,1015.1,660,64
22101,MIRROR MOSAIC VOTIVE HOLDER,1014.72,1088,49
23508,MINI PLAYING CARDS DOLLY GIRL ,1013.0400000000001,2472,106
23327,HANGING CLEAR MINI BOTTLE,1012.02,1710,34
21065,BOOM BOX SPEAKER GIRLS,1011.6,516,57
37479B,CUBIC MUG FLOCK BLUE ON BROWN,1011.48,1240,24
21040,MODERN VINTAGE COTTON SHOPPING BAG,1011.45,855,46
21316,SMALL CHUNKY GLASS ROMAN  BOWL,1008.19,669,34
21827,EIGHT PIECE CREEPY CRAWLIE SET,1007.94,810,119
21010,ETCHED GLASS BIRD TREE DECORATION,1007.5,806,66
23460,SWEETHEART WALL TIDY ,1007.0799999999999,108,43
15058B,PINK WHITE SPOTS GARDEN PARASOL,1007.0,180,47
22857,ASSORTED EASTER GIFT TAGS,1004.66,1226,62
22202,MILK PAN PINK POLKADOT,1003.38,286,40
21786,POLKADOT RAIN HAT ,1003.33,2578,127
23433,HANGING QUILTED PATCHWORK APPLES,1003.1700000000001,1215,82
21802,CHRISTMAS TREE HEART DECORATION,1002.9599999999999,2388,99
22678,FRENCH BLUE METAL DOOR SIGN 3,1001.18,799,113
84569D,PACK 6 HEART/ICE-CREAM PATCHES,1001.17,799,96
22258,FELT FARM ANIMAL RABBIT,1000.77,1113,71
85179B,WHITE BITTY LIGHT CHAIN ,1000.0799999999999,240,39
23347,I LOVE LONDON BEAKER,999.75,827,70
85169A,IVORY LOVE BIRD CANDLE,999.07,913,97
23087,ZINC  HEART T-LIGHT HOLDER,997.1800000000001,830,49
23131,MISELTOE HEART WREATH CREAM,996.0,240,1
23376,PACK OF 12 VINTAGE CHRISTMAS TISSUE,995.4599999999999,2630,113
23102,SILVER HEARTS TABLE DECORATION,995.33,1231,139
22049,WRAP CHRISTMAS SCREEN PRINT,994.75,3450,112
20832,RED FLOCK LOVE HEART PHOTO FRAME,994.0999999999999,1576,103
21145,ANTIQUE GLASS PLACE SETTING,994.03,839,39
85136C,RED SHARK HELICOPTER,993.75,125,80
22416,36 DOILIES SPACEBOY DESIGN ,993.4499999999999,705,52
23365,SET 12 COLOUR PENCILS LOVE LONDON,991.45,1529,128
23452,HEART MINI PORTRAIT FRAME,990.9,510,81
85212,MINI PAINTED GARDEN DECORATION ,990.6199999999999,2766,96
84964B,BLUE PAINTED KASHMIRI TABLE ,990.0,17,2
21399,BLUE POLKADOT COFFEE MUG,989.9399999999999,2113,70
21530,DAIRY MAID TOASTRACK,989.72,860,114
84678,CLASSICAL ROSE SMALL VASE,989.5500000000001,541,64
20752,BLUE POLKADOT WASHING UP GLOVES,989.1,471,156
84559A,3D SHEET OF DOG STICKERS,987.63,1161,151
17021,NAMASTE SWAGAT INCENSE,982.44,3714,75
22856,ASSORTED EASTER DECORATIONS  BELLS,980.5600000000001,872,27
85124C,GREEN JUICY FRUIT PHOTO FRAME,979.95,397,97
21202,DOLLY HONEYCOMB GARLAND,975.9,814,56
22323,PINK POLKADOT KIDS BAG,975.9,474,72
37424,WHITE WITH BLACK CATS MUG,975.41,5153,47
72815,3 WICK CHRISTMAS BRIAR CANDLE ,975.0,260,59
22260,FELT EGG COSY BLUE RABBIT ,973.0699999999999,1187,108
21752,GLASS CAKE STAND MIRRORED BASE,972.6,68,30
20705,MRS ROBOT SOFT TOY,972.5500000000001,269,49
20866,BLUE ROSE FABRIC MIRROR,972.29,963,87
23041,PAPER LANTERN 9 POINT SNOW STAR,971.1,234,42
20784,RED RETRO BAR STOOL,970.7,26,8
22680,FRENCH BLUE METAL DOOR SIGN 5,969.97,775,107
84559B,3D SHEET OF CAT STICKERS,969.0,1140,150
21277,FRENCH STYLE EMBOSSED HEART CABINET,968.8,45,40
21759,METAL WALL SHELF UNIT WITH HOOKS,968.08,27,11
22321,BIRD DECORATION RED SPOT,966.5899999999999,1139,84
84969,ASSORTED COLOUR SET 6 TEASPOONS,964.75,227,63
84800L,LARGE WHITE/PINK ROSE ART FLOWER,964.4300000000001,647,37
85008,SET OF 3 CONEY ISLAND OVAL BOXES,961.8,259,89
84687,BEACH HUT SHELF W 3 DRAWERS,961.4,292,52
23281,FOLDING BUTTERFLY MIRROR RED  ,961.2800000000001,1252,89
85126,LARGE ROUND CUTGLASS CANDLESTICK,960.6,148,32
23121,PACK OF 6 COCKTAIL PARASOL STRAWS,958.32,2460,87
22266,EASTER DECORATION HANGING BUNNY,958.3,2476,123
72484,ROSES IN WHITE HEART CANDLE ,958.21,1805,54
22860,EASTER TIN CHICKS PINK DAISY,957.0,580,88
84750B,BLACK SMALL GLASS CAKE STAND,956.64,564,55
82001S,SILVER RECORD COVER FRAME,955.86,272,19
85197,SET OF 12 MINI BUNNIES IN A BUCKET,955.26,1667,73
23518,EMBROIDERED RIBBON REEL RACHEL ,954.93,357,41
22701,PINK DOG BOWL,954.7800000000001,552,86
21250,SET OF SKULL WALL STICKERS,950.5,394,53
84664,CHERRY BLOSSOM BATHROOM CABINET,950.4,192,50
72753B,S/3 FLWR FAIRY LAVENDER CANDLES,949.95,444,13
22717,CARD DOG AND BALL ,949.32,2322,152
23088,ZINC HEART FLOWER T-LIGHT HOLDER,947.18,760,57
22986,WRAP GINGHAM ROSE ,943.92,2276,82
23033,DRAWER KNOB CERAMIC RED,943.75,679,59
22597,MUSICAL ZINC HEART DECORATION ,943.64,2498,113
22280,POCKET BAG PINK PAISELY BROWN SPOT,943.03,579,87
78124,MAGAZINE RACK GEBRA ASSORTED ,942.5,718,26
47504H,ENGLISH ROSE SPIRIT LEVEL ,940.83,989,105
85019B,BLOSSOM  IMAGES NOTEBOOK SET,940.0,704,36
22105,MIRROR MOSAIC GOBLET CANDLE HOLDER,937.25,613,26
37492B,BLUE YELLOW FLOWER PIGGY BANK,937.1999999999999,488,43
35648,VINTAGE BEAD PINK PURSE ,937.0100000000001,867,68
23533,WALL ART GARDEN HAVEN ,936.34,210,31
35958,FOLKART ZINC STAR CHRISTMAS DEC,935.0,1100,69
85160B,BLACK BIRD GARDEN DESIGN MUG,934.87,6149,30
23402,HOME SWEET HOME 3 PEG HANGER ,934.1700000000001,255,51
21636,MADRAS NOTEBOOK MEDIUM,934.05,1003,88
22995,TRAVEL CARD WALLET SUKI,932.88,2228,183
23525,WALL ART BUFFALO BILL ,932.6700000000001,321,29
23331,DECORATIVE WICKER HEART SMALL,932.28,1492,81
20932,PINK POT PLANT CANDLE,932.0500000000001,305,56
21690,SILVER  CANDLEPOT JARDIN ,929.2,248,75
21425,SKULLS STORAGE BOX LARGE,928.1400000000001,450,58
21562,HAWAIIAN GRASS SKIRT ,926.71,664,63
22116,METAL SIGN HIS DINNER IS SERVED,924.69,735,127
21814,HEART T-LIGHT HOLDER ,924.15,639,71
23527,ANIMALS AND NATURE WALL ART,923.97,267,17
23153,ZINC SWEETHEART WIRE LETTER RACK,923.63,248,78
21711,FOLDING UMBRELLA  WHITE/RED  SPOT,922.05,259,26
23512,EMBROIDERED RIBBON REEL ROSIE,921.46,484,49
20758,ABSTRACT CIRCLES POCKET BOOK,920.9,5378,74
84817,DANISH ROSE DECORATIVE PLATE,920.64,1051,77
23566,EGG CUP MILKMAID HEIDI,919.52,784,46
21061,PARTY INVITES FOOTBALL,919.27,1303,124
21702,SET 5 MINI GATEAUX  FRIDGE MAGNETS,918.6800000000001,2636,8
21707,FOLDING UMBRELLA BLACKBLUE POLKADOT,918.02,184,70
22119, PEACE WOODEN BLOCK LETTERS,917.15,133,47
22529,MAGIC DRAWING SLATE GO TO THE FAIR ,916.38,2295,136
84929,ASSTD FRUIT+FLOWERS FRIDGE MAGNETS,915.12,2928,90
20707,CRAZY DAISY HEART DECORATION,914.12,1279,63
15058B,PINK POLKADOT GARDEN PARASOL,913.95,121,44
21131,GOLD STANDING GNOME,910.25,253,28
84358,FLOOR LAMP SHADE WOOD BASE,909.63,113,22
23514,EMBROIDERED RIBBON REEL SALLY ,909.14,458,62
85189,HANGING BUTTERFLY  EGG,908.89,1117,58
21630,FLOOR CUSHION ELEPHANT CARNIVAL,908.8,104,47
22324,BLUE POLKADOT KIDS BAG,906.81,447,66
72045D,ROSES ON BLUE TEACUP CANDLE ,905.84,536,3
22786,CUSHION COVER PINK UNION JACK,903.89,163,58
22321,BIRD DECORATION RED RETROSPOT,903.53,1085,73
22707,WRAP MONSTER FUN ,903.0,2150,81
23510,MINI PLAYING CARDS GYMKHANA,901.74,2297,95
85018D,YULETIDE IMAGES S/6 PAPER BOXES,901.5,762,63
21269,ANTIQUE CREAM CUTLERY SHELF ,901.0,106,58
46000P,POLYESTER FILLER PAD 65CMx65CM,901.0,212,48
35962,12 ASS ZINC CHRISTMAS DECORATIONS,900.9000000000001,429,45
84405A,S/3 PINK COL METAL BASKET W HANDLE,900.3000000000001,122,45
20671,BLUE TEATIME PRINT BOWL ,900.07,731,106
84625A,PINK NEW BAROQUECANDLESTICK CANDLE,898.7,788,61
21691,SILVER VANILLA FLOWER CANDLE POT,898.56,240,66
23529,WALL ART DOLLY GIRL ,896.3700000000001,311,19
84760L,LARGE HANGING GLASS+ZINC LANTERN,896.0,560,1
23419,HOME SWEET HOME BOTTLE ,895.0400000000001,437,61
17109B,FLOWER FAIRY INCENSE LAVENDER,892.91,4541,16
84666,SQUARE CHERRY BLOSSOM CABINET,892.7,226,33
22939,ADULT APRON APPLE DELIGHT,891.9300000000001,179,40
20778,GARDEN PATH NOTEBOOK ,891.75,3595,80
84360,TABLE LAMP WHITE SHADE WOOD BASE,891.5500000000001,173,35
37475,SET/4 COLOURFUL MIXING BOWLS,891.5,94,51
21725,SWEETIES  STICKERS,889.9499999999999,1047,109
20773,BLUE PAISLEY NOTEBOOK,889.9499999999999,3303,95
85104,SILVER GLASS T-LIGHT SET,888.9300000000001,327,51
22512,DOORSTOP RACING CAR DESIGN,888.23,375,63
21746,SMALL RED SPOT  WINDMILL,886.46,742,52
22096,PINK PAISLEY SQUARE TISSUE BOX ,886.28,1646,163
23528,SPACEBOY WALL ART,885.9000000000001,306,13
22643,SET OF 4 NAPKIN CHARMS LEAVES   ,882.99,405,76
22994,TRAVEL CARD WALLET RETROSPOT,882.24,2104,160
22598,CHRISTMAS MUSICAL ZINC TREE,881.72,1562,93
21291,SMALL SPOTTY CHOCOLATE GIFT BAG ,881.5699999999999,1049,65
46775D,SUNSET COLOUR CHUNKY KNITTED THROW,881.4,52,32
85111,SILVER GLITTER FLOWER VOTIVE HOLDER,879.92,2872,63
84974,S/2 ZINC HEART DESIGN PLANTERS,879.55,89,57
72799A,BLACK PILLAR CANDLE SILVER FLOCK,877.8000000000001,612,18
20934,SET/3 POT PLANT CANDLES,877.1500000000001,167,47
85019A,ROMANTIC IMAGES NOTEBOOK SET,876.75,639,41
23540,WALL ART THE MAGIC FOREST ,876.64,144,9
21708,FOLDING UMBRELLA CREAM POLKADOT,875.5000000000001,178,42
21805,WHITE CHRISTMAS TREE DECORATION ,874.8,2124,82
23107,WHITE HEARTS WIRE PLANT POT HOLDER,873.5600000000001,324,59
47504E,ENGLISH ROSE SCISSORS,871.4,4372,37
84625C,BLUE NEW BAROQUE CANDLESTICK CANDLE,870.95,743,57
22679,FRENCH BLUE METAL DOOR SIGN 4,870.57,695,102
20798,CLEAR MILKSHAKE GLASS,869.7,445,41
21726,MULTI HEARTS  STICKERS,869.3,1038,127
17033,"BROCADE PURSE,SMALL ARCH BUTTON",867.55,3279,68
84637,KITCHEN FLOWER POTS WALL PLAQUE,867.25,487,33
21189,WHITE HONEYCOMB PAPER GARLAND ,866.75,543,61
35923,CANDY HEART HANGING DECORATION,866.71,1453,66
22896,PEG BAG APPLE DESIGN,866.7,384,28
35599D,PINK AND WHITE CHRISTMAS TREE 120CM,866.58,322,39
84826,ASSTD DESIGN 3D PAPER STICKERS,866.53,1731,50
22647,CERAMIC LOVE HEART MONEY BANK,866.5,1042,68
23545,WRAP RED VINTAGE DOILY,866.0,2100,68
22264,FELT FARM ANIMAL WHITE BUNNY ,865.7099999999999,1803,88
21060,PARTY INVITES BALLOON GIRL,864.1999999999999,1208,123
20617,FIRST CLASS PASSPORT COVER ,863.88,452,74
84791,GINGHAM HEART DECORATION,863.6000000000001,296,75
20759,CHRYSANTHEMUM POCKET BOOK ,863.5,5734,44
21391,FRENCH LAVENDER SCENT HEART,861.3,972,77
23517,EMBROIDERED RIBBON REEL REBECCA ,860.88,312,51
23002,TRAVEL CARD WALLET SKULLS,860.4,2052,140
21945,STRAWBERRIES  DESIGN FLANNEL ,859.64,1518,73
23099,FRENCH CARRIAGE LANTERN,858.9000000000001,132,54
22814,CARD PARTY GAMES ,858.36,2126,135
22069,BROWN  PIRATE TREASURE CHEST ,858.33,603,82
84925F,PSYCHEDELIC WALL THERMOMETER,857.9300000000001,711,31
20780,BLACK EAR MUFF HEADPHONES,857.6,174,58
84796A,PINK HAWAIIAN PICNIC HAMPER FOR 2,856.5,150,25
20757,RED DAISY POCKET BOOK ,856.23,5301,55
21815,STAR  T-LIGHT HOLDER ,855.9999999999999,592,60
21720,CAKE SHOP  STICKER SHEET,854.99,1023,87
23532,WALL ART WORK REST AND PLAY  ,853.47,205,26
22288,"DECORATION , HANGING METAL RABBIT",851.25,813,47
21007,ETCHED GLASS DROPLET DECORATION,851.23,1905,39
21721,CANDY SHOP  STICKER SHEET,851.13,1005,89
20991,JAZZ HEARTS MAGNETIC MEMO PAD,850.9000000000001,7058,16
85129D,BEADED CRYSTAL HEART PINK SMALL,850.35,655,85
84596E,SMALL LICORICE DES PINK BOWL,850.2,880,124
85226A,WHITE/BLUE PULL BACK RACING CAR,849.5,1658,114
21303,FILIGREE WALL MIRROR  ANTIQUE WHITE,848.8,92,26
21338,MARAKESH LANTERN SMALL ,848.35,196,11
22255,FELT TOADSTOOL  SMALL,848.3,998,87
21284,RETROSPOT CANDLE  SMALL,847.88,1116,60
85032B,BLOSSOM IMAGES GIFT WRAP SET,846.0,929,106
20801,LARGE PINK GLASS SUNDAE DISH,845.86,902,69
22821,GIFT BAG PSYCHEDELIC APPLES,845.36,1300,103
23525,BUFFALO BILL WALL ART ,845.22,246,15
85124A,PINK JUICY FRUIT PHOTO FRAME,843.75,339,70
21836,GINGHAM OVEN GLOVE RED HEART ,843.75,225,80
20774,GREEN FERN NOTEBOOK,841.35,3419,76
20622,VIPPASSPORT COVER ,840.6800000000001,488,71
84782A,PINK 3 TIER GLASS PLATE STAND,840.45,119,26
21127,COLOURFUL FISHING GNOME,838.6,284,36
23178,JAM CLOCK MAGNET,838.47,309,55
21299,EDWARDIAN TOILET ROLL UNIT ,838.35,161,29
84985A,SET OF 72 GREEN PAPER DOILIES,838.0999999999999,578,119
23179,CLOCK MAGNET MUM'S KITCHEN,837.88,304,40
85025B,EAU DE NILE HEART SHAPE PHOTO FRAME,837.45,525,65
21635,MADRAS NOTEBOOK LARGE ,836.25,395,39
22250,DECORATION  BUTTERFLY  MAGIC GARDEN,836.18,1018,109
21780,MA CAMPAGNE 4 DRAWER WALL SHELF,835.55,125,17
21261,GREEN GOOSE FEATHER CHRISTMAS TREE ,834.7500000000001,245,43
22143,CHRISTMAS CRAFT HEART DECORATIONS,834.0,420,53
20878,SET/9 CHRISTMAS T-LIGHTS SCENTED ,833.89,689,67
90200D,PINK SWEETHEART BRACELET,833.75,199,55
21062,PARTY INVITES SPACEMAN,833.53,1009,120
23523,TREASURE AHOY WALL ART,833.46,270,16
20786,BLACK RETRO BAR STOOL,830.9,22,9
72529W,WHITE ADVENT CANDLE,829.08,443,39
35599B,BLACK CHRISTMAS TREE 120CM,828.5699999999999,249,38
84820,DANISH ROSE TRINKET TRAYS,828.15,317,49
85124B,BLUE JUICY FRUIT PHOTO FRAME,827.85,331,84
21392,RED SPOTTY PUDDING BOWL,827.04,3818,24
21650,ASSORTED TUTTI FRUTTI BRACELET,826.99,2791,101
21664,RIDGED GLASS STORAGE JAR CREAM LID,825.3299999999999,227,54
84341B,SMALL PINK MAGIC CHRISTMAS TREE,825.03,1690,94
85130D,BEADED CRYSTAL HEART PINK LARGE,824.28,734,80
22682,FRENCH BLUE METAL DOOR SIGN 7,823.11,658,85
23502,PLAYING CARDS VINTAGE DOILY ,822.73,677,85
22310,KNITTED MUG COSY IVORY COLOUR ,821.7,546,28
23338,EGG FRYING PAN RED ,820.32,405,91
23479,WIRE EGG BASKET ,819.65,109,40
22893,MINI CAKE STAND T-LIGHT HOLDER,819.48,2006,93
23186,FRENCH STYLE STORAGE JAR CAFE ,819.4599999999999,1982,70
85135C,RED DRAGONFLY HELICOPTER,818.85,103,65
22268,EASTER DECORATION SITTING BUNNY,817.9399999999999,1010,110
22681,FRENCH BLUE METAL DOOR SIGN 6,816.82,652,86
20756,GREEN FERN POCKET BOOK,816.7499999999999,5679,44
72598,SET/12 TAPER CANDLES,815.14,1042,89
84660A,WHITE STITCHED WALL CLOCK,814.4,851,42
84750A,PINK SMALL GLASS CAKE STAND,814.05,447,49
17039,INLAID WOOD INCENSE HOLDER,813.0899999999999,3641,30
22164,STRING OF STARS CARD HOLDER,812.2500000000001,303,42
20833,SHAKER THROW  QUILTED,811.8,52,5
85159A,"BLACK TEA,COFFEE,SUGAR JARS",811.1999999999999,456,48
21944,KITTENS DESIGN FLANNEL,811.0999999999999,1538,75
85231L,LAVENDER SCENTED SET/9 T-LIGHTS,810.6999999999999,1018,101
85145,JARDIN ETCHED GLASS LARGE BELL JAR,809.05,91,30
22953,BIRTHDAY PARTY CORDON BARRIER TAPE,807.52,665,96
47589,CONGRATULATIONS BUNTING,806.6,148,70
35957,SMALLFOLKART BAUBLE CHRISTMAS DEC,806.3399999999999,3313,62
21552,CERAMIC BIRDHOUSE BLACK ROSE  LARGE,805.6500000000001,162,32
85130B,BEADED CRYSTAL HEART GREEN LARGE,805.0500000000001,875,59
84660B,BLACK STITCHED WALL CLOCK,804.65,727,44
84632,DECORATIVE HANGING SHELVING UNIT,799.3000000000001,14,10
85166B,BLACK METAL BAROQUE PHOTO FRAME,798.75,501,31
23524,HORSE & PONY WALL ART,797.3100000000001,256,17
23022,SMALL BONNE JAM JAR  T-LIGHT HOLDER,795.6800000000001,416,21
82616B,FRAPPUCINO SCARF KNITTING KIT,794.9300000000001,533,75
21580,RABBIT  DESIGN  COTTON TOTE BAG,794.25,361,89
21331,MOROCCAN BEATEN METAL DISH LARGE,793.74,104,24
35598B,BLACK CHRISTMAS TREE 60CM,792.85,919,48
22247,BUNNY DECORATION MAGIC GARDEN,792.0699999999999,971,102
20867,PINK ROSE FABRIC MIRROR,791.72,844,75
82616C,MIDNIGHT GLAMOUR SCARF KNITTING KIT,791.22,539,78
21676,FLOWERS  STICKERS,787.3599999999999,1102,98
20913,SET/5 BLUE SPOTTY LID GLASS BOWLS,787.05,295,30
84685,BEACH HUT KEY CABINET,786.25,359,54
21555,CERAMIC STRAWBERRY TRINKET TRAY,784.2,316,51
85196,EASTER BUNNIES ON A STICK,783.96,1536,66
85194S,HANGING SPRING FLOWER EGG SMALL,783.8,1680,95
84767,ZINC POLICE BOX LANTERN,783.7,193,4
23380,PACK OF 12 VINTAGE DOILY TISSUES,783.6899999999999,2087,92
21264,WHITE GOOSE FEATHER TREE 60CM ,782.4,352,57
20669,RED HEART LUGGAGE TAG,781.47,627,132
21801,CHRISTMAS TREE DECORATION WITH BELL,781.1999999999999,1860,80
21318,GLASS CHALICE BLUE SMALL ,780.3,936,77
23004,TRAVEL CARD WALLET PANTRY,779.9,1853,123
21414,SCALLOP SHELL SOAP DISH,779.4,1614,20
85135B,BLUE DRAGONFLY HELICOPTER,779.1,98,76
21724,PANDA AND BUNNIES STICKER SHEET,778.5999999999999,916,126
84660C,PINK STITCHED WALL CLOCK,778.07,689,55
23472, NINE DRAWER OFFICE TIDY,777.9,54,30
22216,T-LIGHT HOLDER WHITE LACE,775.5699999999999,1069,57
23220,REINDEER HEART DECORATION GOLD,774.4300000000001,929,77
84907,PINK YELLOW PATCH CUSHION COVER,774.1500000000001,359,11
21551,CERAMIC BIRDHOUSE BUTTERFLY LARGE,772.95,165,19
85163A,WHITE BAROQUE WALL CLOCK ,772.65,79,41
21632,VINTAGE PINK DECORATIVE PARASOL,772.5,102,32
85170D,SET/6 PINK BIRD T-LIGHT CANDLES,772.1899999999999,574,77
85032C,CURIOUS IMAGES GIFT WRAP SET,772.1,793,100
23409,PHOTO FRAME LINEN AND LACE LARGE,771.72,208,41
84908A,PINK 5 PATCH FLOWER CUSHION COVER ,769.65,387,7
22936,BAKING MOULD ROSE WHITE CHOCOLATE,766.88,258,33
16259,PIECE OF CAMO STATIONERY SET,766.09,5473,55
84659A,WHITE TRAVEL ALARM CLOCK,765.66,311,71
85188A,GREEN METAL SWINGING BUNNY,765.28,904,81
21444,BLUE CHALET BIRDFEEDER,763.75,273,20
23458,DOLLY CABINET 3 DRAWERS ,762.4499999999999,51,30
22820,GIFT BAG BIRTHDAY,761.98,1172,76
23550,WRAP ALPHABET POSTER  ,761.0,1850,63
47593B,SCOTTIE DOGS BABY BIB,760.14,1730,107
37327,ASSTD MULTICOLOUR CIRCLES MUG,759.59,1535,52
22420,LIPSTICK PEN BABY PINK,758.87,1818,149
23423,PANTRY 3 HOOK ROLLING PIN HANGER,757.5,202,51
22985,WRAP BILLBOARD FONTS DESIGN,756.0,1800,62
21298,EDWARDIAN 2 DRAWER WALL CABINET ,755.8,52,14
84908B,BLUE 5 PATCH FLOWER CUSHION COVER,755.75,385,5
23519,EMBROIDERED RIBBON REEL CLAIRE,755.01,219,19
21335,LIBRARY LAMP,754.1999999999999,36,22
23487,SWEET HEART CAKE CARRIER,754.0,78,42
35646,VINTAGE BEAD PINK EVENING BAG,753.88,533,51
21629,SQUARE FLOOR CUSHION VINTAGE RED,753.2,96,46
22547,MINI JIGSAW DINOSAUR ,752.43,1864,109
23017,APOTHECARY MEASURING JAR,751.4000000000001,64,21
22825,DECORATIVE PLANT POT WITH FRIEZE,751.2,96,34
17165B,ASS COL LARGE SAND GECKO P'WEIGHT,750.63,809,56
72755C,FLOWER FAIRY OIL BURNER SET ROSE,750.0,588,13
20775,DAISY NOTEBOOK ,749.85,3509,53
82613D,METAL SIGN CUPCAKE SINGLE HOOK,749.6,852,126
22058,CERAMIC LOVE HEARTS DESIGN MUG,749.47,503,92
22683,FRENCH BLUE METAL DOOR SIGN 8,749.32,598,83
84922,PINK BUTTERFLY WASHBAG,748.75,335,10
17012C,ORIGAMI LAVENDER INCENSE/CANDL SET ,747.25,777,56
23106,ZINC HEARTS PLANT POT HOLDER,746.15,275,49
37330,SPOTS MUG,744.2999999999998,426,17
20989,URBAN CHIC CHOPSTICKS SET/5,744.15,397,48
21641,ASSORTED TUTTI FRUTTI KEYRING BALL,741.1299999999999,1541,48
21503,TOYBOX  WRAP ,740.42,1801,64
21014,SWISS CHALET TREE DECORATION ,737.66,1662,107
21300,ANTIQUE EDWARDIAN DRESSER,737.4,52,11
21851,LILAC DIAMANTE PEN IN GIFT BOX,736.67,383,46
84247E,PACK/12 XMAS FUN CARD,736.0000000000001,256,56
21286,RETROSPOT CANDLE  LARGE,735.82,690,37
84625D,WHITE NEWBAROQUE CANDLESTICK CANDLE,734.25,639,46
21458,2 PICTURE BOOK EGGS EASTER BUNNY,732.5,718,57
21456,2 PICTURE BOOK EGGS EASTER CHICKS,732.5,718,51
ADJUST2,Adjustment by Peter on Jun 25 2010 ,731.0500000000001,3,3
22230,JIGSAW TREE WITH WATERING CAN,731.02,1366,123
21398,RED POLKADOT COFFEE  MUG,730.9499999999999,1541,53
71279,PINK GLASS CANDLEHOLDER,730.8500000000001,251,52
47503F,ASS FLORAL PRINT TORCH,729.9499999999999,2567,11
21554,CERAMIC BIRDHOUSE RED ROOF LARGE,729.85,163,19
21285,RETROSPOT CANDLE  MEDIUM,729.62,726,50
21880,RED RETROSPOT TAPE,727.44,1548,111
21320,GLASS CHALICE GREEN  LARGE ,726.6600000000001,358,36
85180B,PINK HEARTS LIGHT CHAIN ,726.63,279,32
22408,MONEY BOX CONFECTIONERY DESIGN,726.35,614,75
90147,CHUNKY SILVER NECKLACE PASTEL FLOWE,726.3499999999999,73,38
22785,SQUARECUSHION COVER PINK UNION FLAG,725.8,108,44
85230F,JASMINE VOTIVE CANDLE,725.1199999999999,2944,61
85187,S/12 MINI RABBIT EASTER,724.9499999999999,451,88
22493, PAINT YOUR OWN CANVAS SET,724.8,480,17
23335,EGG FRYING PAN IVORY ,722.5600000000001,358,81
85121C,RETRO LAUNDRY TUB PISTACHIO,722.5,85,42
84821,DANISH ROSE DELUXE COASTER,722.5,1306,67
21185, HOME SWEET HOME  BLACKBOARD,722.3100000000001,117,33
84596L,BISCUITS SMALL BOWL LIGHT BLUE,720.9399999999999,1262,130
20941,FROG CANDLE,719.62,928,69
16011,ANIMAL STICKERS,718.47,3427,100
84600,NEW BAROQUE JEWELLERY BOX ,717.3000000000001,94,39
21376,LARGE  TALL CAMPHOR WOOD TOADSTOOL ,717.15,171,38
37423,WHITE WITH BLACK CATS PLATE,716.23,6091,25
84631,FRUIT TREE AND BIRDS WALL PLAQUE,715.35,253,24
22492,MINI PAINT SET VINTAGE  BOY+ GIRL,714.5999999999999,1188,17
84638,SMALL KITCHEN FLOWER POTS PLAQUE,714.2,356,31
20850,ZINC HEART LATTICE PLANTER BOWL,713.8000000000001,820,23
84963A,PINK PAINTED KASHMIRI CHAIR,713.4000000000001,22,8
35965,FOLKART HEART NAPKIN RINGS,713.3700000000001,375,82
16015,MEDIUM CHINESE STYLE SCISSOR,711.38,1572,65
90200E,GREEN SWEETHEART BRACELET,710.5,170,53
21208,PASTEL COLOUR HONEYCOMB FAN,709.89,981,75
23006,TRAVEL CARD WALLET FLOWER MEADOW,709.62,1693,130
21129,SILVER FISHING GNOME ,709.3000000000001,105,42
20769,DAISY JOURNAL ,708.47,403,61
22685,FRENCH BLUE METAL DOOR SIGN 0,708.15,567,74
85130C,BEADED CRYSTAL HEART BLUE  LARGE,707.86,650,61
21344,MOROCCAN BEATEN METAL DISH,707.8000000000001,164,24
85136A,YELLOW SHARK HELICOPTER,707.55,89,67
23123,COCKTAIL SWORDS 50 PIECES,705.2500000000001,899,68
20936,FORKED CACTUS CANDLE,704.33,309,55
23564,EGG CUP MILKMAID INGRID,703.51,587,42
21417,COCKLE SHELL DISH,702.88,424,58
10134,COLOURING PENCILS BROWN TUBE,702.3,612,48
85208,SET/12 FUNKY FELT FLOWER PEG IN BAG,701.94,353,59
84849A,HELLO SAILOR BLUE SOAP HOLDER,700.78,430,68
22676,"FRENCH BLUE METAL DOOR SIGN, 1",700.0,560,67
21374,MIRRORED WALL ART SKULLS,700.0,454,61
20892,SET/3 TALL GLASS CANDLE HOLDER PINK,699.7,86,23
22486,PLASMATRONIC LAMP,698.89,85,25
21719,LOVELY BONBON STICKER SHEET,698.8399999999999,824,92
20776,ABSTRACT CIRCLES NOTEBOOK,698.55,3187,53
37461,FUNKY MONKEY MUG,697.9,710,66
21654,RIDGED GLASS FINGER BOWL,696.2099999999999,1129,62
23187,FRENCH STYLE STORAGE JAR BONBONS,695.06,2338,74
21427,SKULLS STORAGE BOX SMALL,694.5,441,73
22104,MIRROR MOSAIC CANDLE PLATE,694.26,1026,41
21393,BLUE  SPOTTY PUDDING BOWL,694.08,2672,24
72755D,FLOWER FAIRY OIL BURNER SET SUMMER,693.25,533,13
85093,CANDY SPOT EGG WARMER HARE,692.74,1044,59
85214,TUB 24 PINK FLOWER PEGS,691.35,419,135
21133,PAINTED BIRD ASSORTED CHRISTMAS,691.21,409,41
21942,SKULLS DESIGN FLANNEL,691.2,1322,64
23183,MOTHER'S KITCHEN SPOON REST ,690.71,178,58
23222,CHRISTMAS TREE HANGING GOLD,690.64,776,64
84707A,SILVER JEWELLED MIRROR TRINKET TRAY,689.49,91,40
79342B,BROWN FLOWER LIGHTS,688.95,109,24
72131,COLUMBIAN CANDLE RECTANGLE,688.38,746,55
21723,ALPHABET HEARTS STICKER SHEET,685.9499999999999,807,93
82607A,GLASS BONBON JAR PARFUME AUX FLEURE,684.73,568,88
84715,SET OF 6 ICE CREAM SKITTLES,684.4000000000001,232,39
23115,RED APPLES CHOPPING BOARD   ,684.0,144,38
23114,VINTAGE LEAF CHOPPING BOARD  ,684.0,144,41
85127,SMALL SQUARE CUT GLASS CANDLESTICK,683.1,138,37
79030G,"TUMBLER, NEW ENGLAND",683.04,472,52
22847,"BREAD BIN, DINER STYLE, IVORY",682.7499999999999,45,10
17165D,ASS COL LARGE SAND FROG P'WEIGHT,682.32,716,89
21443,OLIVE CHALET BIRDFEEDER,681.25,251,20
20803,SMALL PINK GLASS SUNDAE DISH,680.91,1091,61
21674,RIDGED GLASS PENDANT LAMPSHADE,680.8499999999999,43,9
84971L,LARGE HEART FLOWERS HOOK   ,680.36,568,43
85023B,EAU DE NILE JEWELLED PHOTOFRAME,679.8000000000001,292,37
21480,PINK STRIPE HOT WATER BOTTLE,679.5500000000001,245,38
23562,SET OF 6 RIBBONS PERFECTLY PRETTY  ,678.27,243,37
84925D,LA PALMIERA WALL THERMOMETER,677.4499999999999,452,26
21255,"FRENCH BOTTLE , LAVENDER",677.1,422,55
72800A,S/4 BLACK DINNER CANDLE SILVER FLOC,676.71,661,34
21850,BLUE  DIAMANTE PEN IN GIFT BOX,675.75,321,43
84842,HELLO SAILOR BATHROOM SET,675.05,1495,26
21222,SET/4 BADGES BEETLES,672.18,530,84
21391,FRENCH EMROIDR LAVENDER SCENT HEART,672.0,320,55
21286,RETRO SPOT CANDLE  LARGE,672.0,272,30
84689,S/2 BEACH HUT TREASURE CHESTS,671.65,305,34
35951,FOLKART BAUBLE CHRISTMAS DECORATION,671.51,1339,40
22965,3 TRADITIONAL COOKIE CUTTERS  SET,671.4000000000001,354,10
72799C,PINK PILLAR CANDLE SILVER FLOCK,670.28,452,39
21265,PINK GOOSE FEATHER TREE 60CM,670.25,315,28
23223,CHRISTMAS TREE HANGING SILVER ,670.11,745,67
85071C,"CHARLIE+LOLA""EXTREMELY BUSY"" SIGN",669.8199999999999,1197,98
23025,DRAWER KNOB VINTAGE GLASS BALL,669.61,317,46
85213,MINI  ZINC GARDEN DECORATIONS ,669.5799999999999,1270,49
22036,DINOSAUR BIRTHDAY CARD,668.76,1618,110
84615,PINK ROUND BUTTERFLY MIRROR ,667.8299999999999,235,18
72753A,S/3 FLWR FAIRY LILLY CANDLES,666.9000000000001,312,11
84029C,BROWN FURRY HOT WATER BOTTLE,665.05,191,38
23568,EGG CUP HENRIETTA HEN CREAM ,664.52,580,28
37492D,PURPLE GREEN FLOWER PIGGY BANK,664.35,359,24
21457,2 PICTURE BOOK EGGS EASTER DUCKS,663.75,663,48
21478,SILVER SKULL HOT WATER BOTTLE ,662.61,179,76
23024,LARGE BONNE JAM JAR  T-LIGHT HOLDER,662.0600000000001,254,10
23597,PAPER BUNTING PAISLEY PARK,661.7,246,28
85231E,STRAWBERRY SCENTED SET/9 T-LIGHTS,661.55,815,93
23547,WRAP FLOWER SHOP  ,661.5,1575,62
17109C,FLOWER FAIRY INCENSE ROSE,661.23,3124,15
72750B,FLOWER FAIRY SET 3 CANDLES LAVENDER,660.9,302,29
84620,BLUE GINGHAM ROSE CUSHION COVER,660.45,111,46
72800B,S/4 PURPLE DINNER CANDLE BLK FLOCK,660.12,636,26
35095B,RED VICTORIAN FABRIC OVAL BOX,659.87,1824,92
21764,VINTAGE WOODEN PLATE RACK,659.1500000000001,17,11
23140,TRIPLE WIRE HOOK IVORY HEART,658.54,160,35
23042,PAPER LANTERN 7 POINT SNOW STAR,658.35,99,25
21220,SET/4 BADGES DOGS,658.31,516,82
20783,HEART EAR MUFF HEADPHONES,658.26,130,34
84976,RECTANGULAR SHAPED MIRROR,656.9,652,42
84686,BEACH HUT MIRROR,654.54,344,37
21308,LOUVRE VANITY MIRROR,653.85,129,3
84595E,LARGE TORTILLA DESIGN RED BOWL,653.0999999999999,350,27
20862,PINK PATCH PENCIL CASE BLUE HEART,652.5300000000001,316,28
35647,VINTAGE BEAD PINK SHADE ,652.5,525,43
23482,PEARLISED IVORY HEART LARGE ,651.15,415,36
20894,HANGING BAUBLE T-LIGHT HOLDER LARGE,650.45,227,60
21084,SET/6 COLLAGE PAPER CUPS,650.4000000000001,2486,136
22248,DECORATION  PINK CHICK MAGIC GARDEN,648.73,773,85
22383,LUNCHBAG SUKI  DESIGN ,648.25,405,32
16169K,WRAP FOLK ART,648.25,2050,59
47591B,SCOTTIES CHILDRENS APRON,647.55,423,76
21758,VINTAGE SHELLS PRINT,647.45,101,45
85028S,FRENCH CHATEAU SMALL FRUITBOWL,646.65,429,32
21350,GINGHAM HEART WREATH,644.8000000000001,224,41
23408,PHOTO FRAME LINEN AND LACE SMALL,644.8000000000001,310,59
23524,WALL ART HORSE & PONY ,644.6700000000001,209,34
22033,BOTANICAL ROSE GREETING CARD,644.64,1552,107
23120,PACK OF 6 SMALL FRUIT STRAWS,644.58,1617,79
22229,BUNNY WOODEN PAINTED WITH FLOWER ,644.52,860,114
22785,CUSHION COVER PINK UNION FLAG,643.35,101,22
23325,RUSTIC STRAWBERRY JAM POT SMALL,642.0,408,27
16169M,WRAP DAISY CARPET ,640.95,2060,59
21319,GLASS CHALICE GREEN  SMALL ,640.26,474,48
22638,SET OF 4 NAPKIN CHARMS CROWNS ,640.12,357,59
85163B,BLACK BAROQUE WALL CLOCK ,639.6,68,37
84766,SILVER ROCOCO CANDLE STICK,638.0,200,27
20998,ROSE DU SUD OVEN GLOVE,637.35,217,58
22034,ROBIN CHRISTMAS CARD,635.22,1533,83
23298,"BUNTING , SPOTTY ",634.7,146,7
85019C,CURIOUS  IMAGES NOTEBOOK SET,634.25,421,23
85031A,ROMANTIC IMAGES SCRAP BOOK SET,634.2,386,38
17164B,ASS COL SMALL SAND GECKO P'WEIGHT,633.24,1584,80
84869,CANDY BUTTON PHOTO ALBUM,631.25,295,21
40018E,TEA TIME PAPER LANTERNS,630.5,334,48
84964A,PINK PAINTED KASHMIRI TABLE,630.0,11,2
22640,SET OF 4 NAPKIN CHARMS 3 KEYS ,629.82,298,69
23551,PACK OF 12 PAISLEY PARK TISSUES ,629.4599999999999,1614,95
84709B,PINK OVAL JEWELLED MIRROR,629.25,111,41
23019,SMALL APOTHECARY MEASURING JAR ,629.05,81,28
84033,FLAG OF ST GEORGE ,628.65,381,44
22446,PIN CUSHION BABUSHKA PINK,627.2900000000001,219,58
72023F,RED ORGANIC CANDLE IN GLASS,627.05,613,38
16169N,WRAP BLUE RUSSIAN FOLKART,626.25,2025,56
71101E,STANDING FAIRY POLE SUPPORT ,626.13,777,47
85218,S/5 MINI ICE CREAM FRIDGE MAGNETS,625.1999999999999,1992,2
84968F,S/16 VINTAGE SKY BLUE CUTLERY,624.75,49,26
22999,TRAVEL CARD WALLET RETRO PETALS,623.94,1489,88
22510,GINGHAM BABUSHKA DOORSTOP,623.86,270,60
35954,SMALL FOLKART STAR CHRISTMAS DEC,621.81,1975,66
85028L,FRENCH CHATEAU LARGE FRUIT BOWL ,621.75,269,25
85230E,STRAWBRY SCENTED VOTIVE CANDLE,621.4499999999999,2421,65
23224,CHERUB HEART DECORATION GOLD,620.45,719,59
20898,VINTAGE NOTEBOOK TRAVELOGUE,620.0500000000001,307,37
22056,CERAMIC PLATE LOVE HEART DESIGN,619.84,596,25
84708B,PINK JEWELLED PHOTO FRAME ,618.1,126,45
22837,HOT WATER BOTTLE BABUSHKA LARGE,618.0,136,14
22677,"FRENCH BLUE METAL DOOR SIGN, 2",616.25,493,65
85170C,SET/6 EAU DE NIL BIRD T-LIGHTS,615.83,428,48
84932C,SMALL ORIENTAL BLUE FOLDING STOOL,615.4,282,34
17107D,"FLOWER FAIRY,5 SUMMER B'DRAW LINERS",614.55,241,61
84761,IVORY HANGING BIRD PLANTER ,613.9499999999999,245,46
20897,VINTAGE NOTEBOOK PARIS DAYS,613.9000000000001,298,37
21415,CLAM SHELL SMALL ,613.69,320,56
23216,LAUREL HEART ANTIQUE GOLD,613.51,518,40
22511,RETROSPOT BABUSHKA DOORSTOP,613.37,287,67
16244B,MAXWELL 2 TONE BLUE 60 PAGE PHOTO A,612.85,309,8
84534B,FAIRY CAKE NOTEBOOK A5 SIZE,612.8499999999999,721,107
35651,VINTAGE BEAD PINK SCARF ,612.75,337,37
23453,OVAL  MINI PORTRAIT FRAME,611.85,315,46
90175A,WHITE GLASS CHUNKY CHARM BRACELET,611.1,69,28
22684,FRENCH BLUE METAL DOOR SIGN 9,610.65,489,66
23492,VINTAGE JINGLE BELLS WREATH,610.5,74,26
47594B,SCOTTIES DESIGN WASHBAG,610.3499999999999,313,83
23070,EDWARDIAN HEART PHOTO FRAME,610.0500000000001,147,33
90209C,PINK ENAMEL+GLASS HAIR COMB,609.0,330,24
16156N,"WRAP, FRIENDSHIP ON GREEN",609.0,1450,55
84601A,NEW BAROQUE IVORY CUSHION COVER ,607.7,254,12
22678,"FRENCH BLUE METAL DOOR SIGN, 3",607.5,486,59
20763,DAISY SKETCHBOOK ,606.86,245,59
35915B,BLUE KNITTED HEN ,606.66,434,31
23435,3 RAFFIA RIBBONS VINTAGE CHRISTMAS,606.28,676,44
85044,RED REINDEER STRING OF 20 LIGHTS,605.75,131,26
35095A,BLUE VICTORIAN FABRIC OVAL BOX,605.57,1665,78
85135A,YELLOW DRAGONFLY HELICOPTER,604.2,76,50
72814,SET OF 3 CHRISTMAS BRIAR CANDLES,602.85,171,28
84932A,SMALL GREEN PEONY FOLDING STOOL,602.6,262,24
21366,MIRRORED WALL ART PHOTO FRAMES,602.25,153,26
22981,PANTRY APPLE CORER,601.9499999999999,435,72
84986B,SET OF 36 SILVER PAPER DOILIES,601.75,415,67
84952C,MIRROR LOVE BIRD T-LIGHT HOLDER,601.65,343,24
21197,MULTICOLOUR  CONFETTI IN TUBE,601.56,412,31
21378,SMALL TALL CAMPHOR WOOD TOADSTOOL,601.5,522,57
85017A,ENVELOPE 50 ROMANTIC IMAGES,599.64,924,53
21284,RETRO SPOT CANDLE  SMALL,599.57,365,35
90200B,BLACK SWEETHEART BRACELET,599.25,141,45
21775,DECORATIVE FLORE BATHROOM BOTTLE,598.91,511,79
85031B,BLOSSOM IMAGES SCRAP BOOK SET,598.8,408,26
21253,SET OF PICTURE FRAME  STICKERS,598.59,225,51
23282,FOLDING BUTTERFLY MIRROR IVORY ,597.7800000000001,735,100
23027,DRAWER KNOB VINTAGE GLASS HEXAGON,596.96,287,27
21386,IVORY HANGING DECORATION  EGG,596.6899999999999,1097,82
21247,SET OF RED SALAD SERVERS ,596.0,400,61
23471,SIX DRAWER OFFICE TIDY,596.0,64,26
84578,ELEPHANT TOY WITH BLUE T-SHIRT,595.68,160,78
23124,18PC WOODEN CUTLERY SET DISPOSABLE,595.15,503,24
20831,GOLD PHOTO FRAME,594.84,394,51
84507C,BLUE CIRCLES DESIGN MONKEY DOLL,594.15,425,62
72772,SET/4 SCENTED CANDLES IN RAMEKINS,592.5,454,8
21558,SKULL LUNCHBOX WITH CUTLERY ,592.5,250,42
84963B,BLUE PAINTED KASHMIRI CHAIR,591.5,18,6
17012B,ORIGAMI JASMINE INCENSE/CANDLE SET,590.8499999999999,617,48
85017C,ENVELOPE 50 CURIOUS IMAGES,590.11,931,56
84663A,GRASS HOPPER WOODEN WALL CLOCK ,589.79,345,39
20735,BLACK MINI TAPE MEASURE ,588.0,824,63
21816,CHRISTMAS TREE T-LIGHT HOLDER,587.25,405,41
23018,LARGE APOTHECARY MEASURING JAR ,587.2,50,20
17012A,ORIGAMI VANILLA INCENSE/CANDLE SET ,586.6,644,34
20714,POSY SHOPPER BAG,586.25,1513,12
22289,"DECORATION , HANGING METAL CHICKEN",586.25,601,30
23520,EMBROIDERED RIBBON REEL RUBY ,585.63,165,30
17109D,FLOWER FAIRY INCENSE BOUQUET,584.87,1253,36
21076,SET/20 COLLAGE PAPER NAPKIN ,584.67,759,73
21750,LARGE SKULL WINDMILL,584.4000000000001,284,49
84684,BEACH HUT PHOTO FRAME,583.1,574,21
22043,CHRISTMAS CARD SCREEN PRINT ,583.08,2112,92
21263,GREEN GOOSE FEATHER TREE 60CM,581.7,286,44
35811A,ENAMEL PINK SUGAR CONTAINER,581.58,391,47
84934,ASSTD DESIGN POP ART SLIM PEN,581.4,684,12
21440,12 MINI TOADSTOOL PEGS,581.25,465,88
22680,"FRENCH BLUE METAL DOOR SIGN, 5",581.25,465,56
20854,BLUE PATCH PURSE PINK HEART,581.15,363,83
22538,MINI JIGSAW GO TO THE FAIR,580.74,1409,62
21134,VICTORIAN METAL POSTCARD CHRISTMAS,579.15,351,42
21221,SET/4 BADGES CUTE CREATURES,578.39,454,61
22042,CHRISTMAS CARD SINGING ANGEL,577.62,1625,96
82616A,BUBBLE GUM SCARF KNITTING KIT,576.3000000000001,306,46
22641,SET OF 4 NAPKIN CHARMS INSTRUMENT,576.17,255,51
84858C,PINK RIVIERA HANDBAG,575.7,344,27
85144,JARDIN ETCHED GLASS CHEESE DISH,575.45,219,40
22685,"FRENCH BLUE METAL DOOR SIGN, 0",575.0,460,53
84762B,PINK PICNIC BARBECUE BUCKET,574.3000000000001,82,21
22100,SKULLS SQUARE TISSUE BOX,574.17,943,81
20839,FRENCH PAISLEY CUSHION COVER ,574.09,507,60
22679,"FRENCH BLUE METAL DOOR SIGN, 4",573.75,459,54
21709,FOLDING UMBRELLA CHOCOLATE POLKADOT,573.61,116,39
21416,CLAM SHELL LARGE,572.7,746,17
21307,SET/4 BUTTERFLY MIRROR MAGNETS,572.3,726,54
37351,ORANGE FLOWER MUG ,571.7099999999999,5395,7
20658,RED RETROSPOT LUGGAGE TAG,571.25,457,98
21392,RED POLKADOT PUDDING BOWL,571.17,3708,13
75013B,"STRING OF 8 BUTTERFLIES,PINK",571.05,360,58
21710,FOLDING UMBRELLA PINKWHITE POLKADOT,570.8100000000001,116,44
85078,SCANDINAVIAN 3 HEARTS NAPKIN RING,570.2,2044,84
85188B,PINK METAL SWINGING BUNNY,568.65,669,51
16169C,WRAP BLUE REINDEER,567.0,1350,43
22699,TEACUP AND SAUCER REGENCY ROSES,566.7,210,14
20619,TROPICAL PASSPORT COVER ,566.33,373,68
85113,POLKA DOT PISTACHIO PAIL,566.22,279,43
20849,ZINC HEART LATTICE DOUBLE PLANTER,566.1,670,20
22414,DOOR MAT NEIGHBOURHOOD WITCH ,565.89,79,35
90200C,BLUE SWEETHEART BRACELET,565.25,133,40
82613B,"METAL SIGN,CUPCAKE SINGLE HOOK",565.1,638,94
22288,HANGING METAL RABBIT DECORATION,565.0,452,39
21223,SET/4 BADGES WOODLAND ANIMAL,564.5,482,35
85146,JARDIN ETCHED GLASS SMALL BELL JAR,564.25,115,27
85119,WATERING CAN SINGLE HOOK PISTACHIO,564.12,412,38
84993A,75 GREEN PETIT FOUR CASES,564.06,1343,126
85088,CANDY SPOT HAND BAG,563.77,273,44
84569A,PACK 3 IRON ON DOG PATCHES,563.71,450,64
79315W,FLYING SAUCER TABLE LIGHT IN WHITE,563.45,191,7
20863,BLUE PATCH PENCIL CASE PINK HEART,563.19,284,42
90160C,TURQ+RED BOUDICCA LARGE BRACELET,562.95,81,32
21322,GLASS SPHERE CANDLE STAND LARGE ,562.45,299,13
47583A,SET OF 3 WICKER BASKET ROSE,561.8,70,5
47421,ASSORTED COLOUR LIZARD SUCTION HOOK,561.78,1437,72
21442,GREEN BIRDHOUSE DECORATION,561.67,883,80
21365,MIRRORED WALL ART STARS,561.6,444,60
84859A,SILVER DISCO HANDBAG,560.76,284,50
84086C,PINK/PURPLE RETRO RADIO,560.5,190,34
82613A,"METAL SIGN,CUPCAKE SINGLE HOOK",560.0,448,81
37474,SET/4 2 TONE EGG SHAPE MIXING BOWLS,559.5799999999999,58,39
23428,IVORY RETRO KITCHEN WALL CLOCK,559.5,70,26
21147,JINGLE BELLS TREE DECORATION,559.14,331,46
22683,"FRENCH BLUE METAL DOOR SIGN, 8",558.75,447,54
22950,SET OF 36 DOILIES VINTAGE CHRISTMAS,557.4,444,2
20782,CAMOUFLAGE EAR MUFF HEADPHONES,556.25,101,51
85084,HOLLY TOP CHRISTMAS STOCKING,554.5699999999999,605,62
84247G,"DECOUPAGE,GREETING CARD,",554.4,1332,87
22999,TRAVEL CARD WALLET VINTAGE LEAF,554.4,1320,97
90199C,5 STRAND GLASS NECKLACE CRYSTAL,553.9,94,26
85230B,CINNAMON SCENTED VOTIVE CANDLE,553.79,2095,66
16162L,THE KING GIFT BAG,553.79,8083,17
84931B,BLUE SCOTTIE DOG W FLOWER PATTERN,553.05,219,52
22684,"FRENCH BLUE METAL DOOR SIGN, 9",552.5,442,49
84773,RED ROSE AND LACE C/COVER,551.6500000000001,187,46
23456,MEDIUM PARLOUR PICTURE FRAME ,550.0,136,34
85205B,PINK FELT EASTER RABBIT GARLAND,548.25,215,43
22092,BLUE PAISLEY TISSUE BOX,548.05,903,133
22703,PINK CAT BOWL,547.92,310,74
20856,DENIM PATCH PURSE PINK BUTTERFLY,547.8,332,88
84805B,BLUE CLIMBING HYDRANGA ART FLOWER,547.6500000000001,339,8
84876D,BLUE HEART COMPACT MIRROR,547.5,324,28
22682,"FRENCH BLUE METAL DOOR SIGN, 7",547.5,438,53
85186A,EASTER BUNNY GARLAND OF FLOWERS,546.84,1302,81
47594A,CAROUSEL DESIGN WASHBAG,546.0,280,74
23549,WRAP BIRD GARDEN ,546.0,1300,51
37333,"RETRO ""TEA FOR ONE"" ",545.4,120,34
22391,PAPERWEIGHT HOME SWEET HOME,545.3100000000001,305,50
23381,PACK OF 12 VINTAGE LEAF TISSUES ,544.62,1474,64
21339,MARAKESH LANTERN LARGE,544.5,30,12
23069,EDWARDIAN PHOTO FRAME,543.75,87,31
20819,SILVER TEDDY BEAR,543.71,208,50
85031C,CURIOUS IMAGES SCRAP BOOK SET,543.45,343,28
84806B,WHITE CANDYSTUFT ARTIFICIAL FLOWER,543.37,433,30
16049,TEATIME GEL PENS ASST,542.88,3144,25
84859C,PINK DISCO HANDBAG,542.64,302,37
84051,ASS COLOUR GLOWING TIARAS,542.05,697,52
45008C,DECORATIVE NET CANOPY CREAM,541.6,68,20
84932D,SMALL ORIENTAL RED FOLDING STOOL,540.75,237,19
21304,ARCHED GREY MIRROR,540.6,84,16
21441,BLUE BIRDHOUSE DECORATION,540.2099999999999,855,83
35653,VINTAGE BEAD NOTEBOOK,539.85,183,56
21293,MIRRORED DOVE WALL DECORATION,539.63,256,42
22246,MAGIC GARDEN FELT GARLAND ,539.5799999999999,270,37
21016,LIGHT BIRD HOUSE TREE DECORATION,538.92,804,65
85027L,FRENCH CHATEAU LARGE PLATTER ,538.5,190,40
22108,PING! MICROWAVE PLATE,537.89,197,49
21397,BLUE POLKADOT EGG CUP ,537.76,1090,53
84920,PINK FLOWER FABRIC PONY,537.35,145,54
22044,CHRISTMAS CARD STACK OF PRESENTS,536.82,1909,85
37345,ASSTD HEARTS DESIGN MUGS,536.1,318,6
21419,CONCH SHELL,535.8,1252,13
20935,ROUND CACTUS CANDLE,535.5500000000001,293,39
23454,THREE MINI HANGING FRAMES,535.35,129,44
85129A,"WHITE PEARL BEADED HEART, SMALL",535.0,428,62
85092,CANDY SPOT TEA COSY,534.7,374,14
20657,TROPICAL LUGGAGE TAG,534.14,1692,71
16169P,WRAP GREEN RUSSIAN FOLKART ,533.75,1750,48
85096,HILDA CANDY SPOT RABBIT,532.5,142,50
23324,RUSTIC STRAWBERRY JAM POT LARGE ,531.84,261,33
21666, RIDGED GLASS T-LIGHT HOLDER,531.8000000000001,940,12
85030,FRENCH CHATEAU OVAL PLATTER,531.4499999999999,211,29
84762C,GREEN PICNIC BARBECUE BUCKET,531.3,78,18
23473,WOODLAND SMALL RED FELT HEART,530.83,665,43
35915C,PEACH KNITTED HEN ,530.76,388,23
22134,LADLE LOVE HEART RED ,529.98,1351,72
84712B,PINK JEWELLED PHOTO FRAME,529.47,67,36
84682,CLASSICAL ROSE DISH,528.85,283,38
21373,MIRRORED WALL ART SNOWFLAKES,528.15,629,57
84584,PINK GINGHAM CAT WITH SCARF,527.85,207,50
47367B,PAIR PADDED HANGERS PINK CHECK,527.85,151,38
22425,ENAMEL COLLANDER CREAM,527.25,115,21
21173,LOO ROLL  METAL SIGN ,527.25,321,60
90082D,DIAMANTE BOW BROOCH BLACK COLOUR,527.05,83,35
21454,PAINTED PINK RABBIT ,526.15,619,85
22681,"FRENCH BLUE METAL DOOR SIGN, 6",525.0,420,46
20730,STRAWBERRY CANDY BAG,524.25,1659,41
79190B,RETRO PLASTIC POLKA TRAY,523.38,1389,96
37494A,FAIRY CAKE CERAMIC BUTTER DISH,523.2,192,25
21893,POTTING SHED SEED TIN,523.0,164,13
23272,TREE T-LIGHT HOLDER WILLIE WINKIE,522.74,352,35
23499,SET 12 VINTAGE DOILY CHALK ,522.48,1244,93
21879,HEARTS GIFT TAPE,522.38,1366,93
22166,WALL MIRROR RECTANGLE DIAMANTE PINK,521.7,126,20
21215, IVORY PAPER CUP CAKE CASES ,521.1,1146,23
22898,CHILDRENS APRON APPLE DESIGN,520.5,290,25
22054,MINI CAKE STAND HANGING HEARTS,520.05,321,51
20699,MOUSEY LONG LEGS SOFT TOY,519.6,208,45
23451,SQUARE MINI PORTRAIT FRAME,519.0,268,44
17013D,ORIGAMI ROSE INCENSE IN TUBE,515.46,1048,21
84799,SPRIG LAVENDER ARTIFICIAL FLOWER,515.03,667,29
84916,HAND TOWEL PALE BLUE W FLOWERS,514.5,230,30
22983,"CARD, BILLBOARD FONT",514.44,1266,74
22584,PACK OF 6 PANETTONE GIFT BOXES,513.9100000000001,226,14
84313B,BLUE TV TRAY TABLE ,513.74,158,45
84824,DANISH ROSE UMBRELLA STAND,513.55,33,27
20823,GOLD WINE GOBLET,513.2,248,17
23016,GLASS TWIST BON BON JAR,512.85,69,19
47469,ASSORTED SHAPES PHOTO CLIP SILVER ,512.38,1094,27
84913A,SOFT PINK ROSE TOWEL ,511.5,110,32
21015,DARK BIRD HOUSE TREE DECORATION,511.38999999999993,1431,90
22201,FRYING PAN BLUE POLKADOT,510.5,142,54
85121B,RETRO LAUNDRY TUB PINK,510.0,60,27
84782C,GREEN 3 TIER GLASS PLATE STAND,509.9,74,18
72800D,S/4 BLUE DINNER CANDLE SILVER FLOCK,508.95,413,32
84569B,PACK 3 FIRE ENGINE/CAR PATCHES,508.75,407,63
90058B,CRYSTAL STUD EARRINGS ASSORTED COL ,508.7,1081,28
85232A,SET/3 POLKADOT STACKING TINS,507.9,106,37
23060,HEART BEADED TRELLIS DECORATION,507.52000000000004,244,39
84520D,PACK OF 20 FAIRY CAKE PAPER NAPKINS,505.98999999999995,619,61
23219,LAUREL STAR ANTIQUE SILVER ,504.6,404,49
37352,BIRD IN TREE MUG ,504.55,4643,8
72122,COFFEE SCENT PILLAR CANDLE,504.45,531,93
16236,KITTY PENCIL ERASERS,503.65,2425,143
21285,RETRO SPOT CANDLE  MEDIUM,502.80000000000007,248,23
23139,SINGLE WIRE HOOK PINK HEART,502.38,406,22
21117,BLOND DOLL DOORSTOP,502.08000000000004,328,26
84804B,BLUE DELPHINIUM ARTIFICIAL FLOWER,501.9700000000001,355,19
20830,SILVER PHOTO FRAME,501.59999999999997,296,46
90200A,PURPLE SWEETHEART BRACELET,501.5,118,43
20888,SET 3 JARDIN DE FEMME SCENT CANDLES,499.81,359,11
22394,PAPERWEIGHT KINGS CHOICE ,499.34999999999997,337,47
16048,TEATIME ROUND PENCIL SHARPENER ,498.66,3413,69
21194,PINK  HONEYCOMB PAPER FAN,498.64000000000004,501,60
72728,ROSE SCENT CANDLES IN GLASS,498.49999999999994,614,50
85161,ACRYLIC GEOMETRIC LAMP,497.65,27,20
21270,ANTIQUE CREAM CUTLERY CUPBOARD,497.25,39,27
84414B,FUSCHIA/GREEN STRIPE WOOLLY BLANKET,497.15,77,8
85230A,OPIUM SCENTED VOTIVE CANDLE,497.03999999999996,1992,48
84657,GREEN ROSE CUSHION COVER,496.25,245,19
23398,HANGING HEART BONHEUR,495.83,587,57
23528,WALL ART SPACEBOY,495.48,156,21
85186C,BUNNY EGG GARLAND,495.18,1179,79
72800B, 4 PURPLE FLOCK DINNER CANDLES,495.16,324,51
21377,SMALL CAMPHOR WOOD FIELD  MUSHROOM,494.76,444,43
21026,SPACE OWL,493.62,396,55
85117,NIGHTINGALE COATHOOK WHITE,493.45,317,40
79337,BLUE FLOCK GLASS CANDLEHOLDER,491.95,1191,19
90161C,ANT COPPER LIME BOUDICCA BRACELET,490.05,99,34
21711,FOLDING UMBRELLA WHITE/RED POLKADOT,489.40000000000003,100,28
21899,GARAGE KEY FOB,489.2,730,115
20910,VINTAGE PHOTO ALBUM PARIS DAYS,488.79999999999995,80,28
84827,ASS DES PHONE SPONGE CRAFT STICKER,488.49,1025,28
51020B,STRIPY DESIGN SHOWER CAP,488.11999999999995,1084,60
22322,BIRD DECORATION GREEN  SPOT,487.9,574,47
35964,FOLKART CLIP ON STARS,487.53,1005,56
85091,CANDY SPOT BREAD BASKETS,487.35,337,14
84846A,SCENTED CANDLE IN DIGITALIS TIN,487.20000000000005,232,42
72586,SET OF 6 HALLOWEEN GHOST T-LIGHTS,487.2,1160,68
35972,DAISY FOLKART HEART DECORATION,486.25,389,51
20652,BLUE SPOTTY LUGGAGE TAG ,486.0,1056,44
17084N,FAIRY DREAMS INCENSE ,485.86,2391,67
23413,VINTAGE COFFEE GRINDER BOX,485.7,102,23
20865,PATCHWORK PENCIL CASE BUTTERFLY ,485.49,247,30
84952B,BLACK LOVE BIRD T-LIGHT HOLDER,485.36,311,21
21160,KEEP OUT GIRLS DOOR HANGER ,485.22999999999996,763,49
85215,ASSORTED CHEESE FRIDGE MAGNETS,484.99,755,46
22263,FELT EGG COSY LADYBIRD ,484.34,722,43
21740,COSY SLIPPER SHOES LARGE RED,483.80000000000007,164,48
84875D,BLUE SQUARE COMPACT MIRROR,483.75,371,37
85185D,FROG SOCK PUPPET,483.6000000000001,168,45
84913B,MINT GREEN ROSE TOWEL,483.6,104,30
23660,HENRIETTA HEN MUG ,483.45000000000005,293,31
20864,DENIM PATCH PENCIL CASE BUTTERFLY,483.33,247,26
84798B,PURPLE FOXGLOVE ARTIIFCIAL FLOWER,482.70000000000005,322,9
85071D,CHARLIE+LOLA MY ROOM DOOR SIGN,482.34,838,87
22861,EASTER TIN CHICKS IN GARDEN,481.8,292,38
22038,BOTANICAL LAVENDER GIFT WRAP ,481.0,1150,45
20794,BLUE  TILE HOOK,480.9,190,30
84592,CROCHET ROSE PURSE WITH SUEDE BACK,480.8500000000001,163,38
84984B,RED PEONY CUSHION COVER ,480.85,309,10
84218,BOX/12 CHICK & EGG IN BASKET,479.7,254,89
21666,RIDGED GLASS T-LIGHT HOLDER,479.7,738,56
90160D,PINK BOUDICCA LARGE BRACELET,479.55,69,21
23169,CLASSIC GLASS SWEET JAR,479.45,119,14
84989B,75 BLACK FAIRY CAKE CASES,479.34999999999997,985,46
72267,PREMIUM CHURCH CANDLE,479.34000000000003,247,40
84917,WHITE HAND TOWEL WITH BUTTERFLY,477.85,183,17
22892,SALT AND PEPPER SHAKERS TOADSTOOLS,477.57,393,26
84706D,CHERRY BLOSSOM TABLE CLOCK ,477.2,216,14
72750C,"F.FAIRY S/3 CANDLE/GLASS, ROSE",476.4,232,15
84875B,GREEN SQUARE COMPACT MIRROR,476.25,367,35
21311,SET/4 BIRD MIRROR MAGNETS ,476.11,682,75
35600D,PINK AND WHITE CHRISTMAS TREE 180CM,476.00000000000006,140,12
23021,GLASS BONNE JAM JAR,475.95000000000005,117,25
79030G,TUMBLER NEW ENGLAND,475.79999999999995,1220,41
21665,TRIANGULAR RIDGED GLASS POSY HOLDER,475.1,766,40
84762A,WHITE PICNIC BARBECUE BUCKET,474.9,54,24
37492C,GREEN BLUE FLOWER PIGGY BANK,472.65,241,23
22697,TEACUP AND SAUCER REGENCY GREEN,472.5,174,13
23180,MUM'S KITCHEN CLOCK,471.90000000000003,104,36
22951,72 CAKE CASES DOLLY GIRL DESIGN,471.84999999999997,943,25
22541,MINI JIGSAW LEAP FROG,471.56,1192,40
85144,JARDIN ETCHED GLASS BUTTER DISH,471.4,68,30
23527,WALL ART ANIMALS AND NATURE ,471.0,148,26
85020,ROUND PINK HEART MIRROR,470.4,224,44
21620,S/4 ROSE    BOTANICAL  CANDLE,469.5,126,37
16238,PARTY TIME PENCIL ERASERS,469.42,2232,135
16202B,PASTEL BLUE PHOTO ALBUM ,469.21,1034,18
72800C,S/4 PINK DINNER CANDLE SILVER FLOCK,468.87,389,24
22897,OVEN MITT APPLE DESIGN,468.65,337,30
16239,BALLERINA HEART DECORATION.,468.4,338,13
23377,PACK OF 12 DOLLY GIRL TISSUES,468.0,1200,80
84675,FROG KING WATERING CAN,467.65000000000003,187,44
21002,ROSE DU SUD DRAWSTRING BAG,467.5,110,26
23136,IVORY WIRE SWEETHEART LETTER TRAY,467.05,127,44
21459,YELLOW EASTER EGG HUNT START POST,465.9,250,37
23218,LAUREL STAR ANTIQUE GOLD,465.81,372,33
21128,GOLD FISHING GNOME,464.71000000000004,96,28
84596J,MIXED NUTS LIGHT GREEN BOWL,464.03000000000003,676,68
85129C,BEADED CRYSTAL HEART BLUE SMALL,463.85,370,48
20845,ZINC HEART LATTICE 2 WALL PLANTER,463.55,73,21
47310M,"SMALL POP BOX,FUNKY MONKEY",462.85,401,47
85109,PINK BOUDOIR T-LIGHT HOLDER,462.15000000000003,4203,18
51020A,SUMMER FUN DESIGN SHOWER CAP,462.05999999999995,1302,49
22407,MONEY BOX FIRST ADE DESIGN,461.76,384,55
84926E,FLOWERS TILE COASTER,461.63,1077,48
20696,FLORAL SOFT CAR TOY,461.25,123,34
85226C,BLUE PULL BACK RACING CAR,461.2,952,66
23691,WRAP KEEP CALM BIRTHDAY,460.5,1125,36
72132,COLUMBIAN CUBE CANDLE,460.2,548,27
23455,SMALL PARLOUR PICTURE FRAME,459.56,164,32
22193,RED WALL CLOCK,459.0,60,1
22191,IVORY WALL CLOCK,459.0,60,1
23561,SET OF 6 RIBBONS PARTY,458.63,167,13
21884,CAKES AND BOWS GIFT  TAPE,457.36,1232,68
84247L,FAWN AND MUSHROOM GREETING CARD,456.96,1088,82
85203,HANGING WOOD AND FELT BUTTERFLY ,454.5,1089,111
72225C,LAVENDER SCENT CAKE CANDLE,454.09,1877,35
72789,BASKET/8 SCENTED LOVE TOKEN CANDLES,453.75,121,44
90209B,GREEN ENAMEL+GLASS HAIR COMB,453.6,248,18
84653,GREEN ROSE QUILT ,453.5,10,8
72801G,S/4 BURGUNDY WINE DINNER CANDLES,453.33,777,21
23548,WRAP MAGIC FOREST ,451.5,1075,43
21536,DAIRY MAID  SMALL  MILK JUG,451.5,215,55
17012F,ORIGAMI SANDLEWOOD INCENSE/CAND SET,451.45,493,47
21881,CUTE CATS TAPE,450.75,1183,65
90203,SILVER CHARM NECKLACE 70CM,450.0,60,24
21507,ELEPHANT BIRTHDAY CARD ,449.88,1080,72
84924A,WAKE UP COCKEREL CALENDAR SIGN ,449.88,117,46
84865,NEW BAROQUE BLACK PHOTO ALBUM,449.65,64,37
84683,CLASSICAL ROSE CANDLESTAND,449.05,509,27
22452,MEASURING TAPE RUSSIAN DOLL PINK,448.4000000000001,152,41
21847,GREEN  DIAMANTE PEN IN GIFT BOX,448.2,252,22
23560,SET OF 6 RIBBONS COUNTRY STYLE,447.07,163,20
21256,"FRENCH BOTTLE, BRASSERIE DES ARTIST",446.09999999999997,282,35
35810B,ENAMEL BLUE RIM COFFEE CONTAINER,446.03000000000003,307,50
72800D,4 BLUE DINNER CANDLES SILVER FLOCK,445.35,205,44
21393,BLUE POLKADOT PUDDING BOWL,445.05,2564,14
16012,FOOD/DRINK SPONGE STICKERS,444.78,2118,62
17164D,ASS COL SMALL SAND FROG P'WEIGHT,444.48,1144,27
23074,EMBOSSED HEART TRINKET BOX,444.02000000000004,221,35
20661,BLUE SPOTTY PURSE ,443.3500000000001,433,30
23125,6PC WOOD PLATE SET DISPOSABLE,443.25,405,16
21399,BLUE  SPOTTY  COFFEE MUG,443.1,227,25
84972L,GIANT PINK HEART MEMO HOLDER,442.40000000000003,112,44
84948,SILVER HANGING T-LIGHT HOLDER DOME,442.2,268,33
47574A,ENGLISH ROSE SCENTED HANGING FLOWER,442.0,440,60
82613C,"METAL SIGN,CUPCAKE SINGLE HOOK",441.7,526,71
85184C,SET 4 VALENTINE DECOUPAGE HEART BOX,441.53000000000003,151,44
21403,BLUE EGG  SPOON,440.58,2151,108
23045,PAPER LANTERN 5 POINT STAR MOON ,439.90000000000003,106,18
62096A,PINK/YELLOW FLOWERS HANDBAG,439.45,337,51
84809A,WHITE CHRYSANTHEMUMS ART FLOWER,439.14,259,18
16161M,WRAP  PINK FLOCK,439.0,1050,39
82605,OLD DOC RUSSEL METAL SIGN,438.90000000000003,209,83
84569C,PACK 4 FLOWER/BUTTERFLY PATCHES,438.75,351,50
20804,GLASS CHICKEN BUTTER DISH,438.15,283,24
20868,SILVER FABRIC MIRROR,437.66,789,46
21540,DAIRY MAID CERAMIC BUTTER DISH,437.25,105,39
20689,RETRO SISTERS EXPRESSO CUPS,436.00000000000006,400,27
20787,BLUE RETRO BAR STOOL,435.45000000000005,11,8
23425,STORAGE TIN HOME SWEET HOME,435.43,237,35
72586,"S/6 HALLOWEEN GHOST T LIGHTS, 5CM H",435.12,1036,40
23565,EGG CUP MILKMAID HELGA ,435.0,348,31
23509,MINI PLAYING CARDS FUN FAIR ,433.2,1040,54
37444A,YELLOW BREAKFAST CUP AND SAUCER,433.16,2684,26
23043,PAPER LANTERN 9 POINT HOLLY STAR L,431.25,69,16
84858B,BLUE RIVIERA HANDBAG,431.0,326,9
90154,LAZER CUT NECKLACE W PASTEL BEADS,430.7,58,6
90161B,ANT COPPER TURQ BOUDICCA BRACELET,430.65,87,26
85169C,EAU DE NIL LOVE BIRD CANDLE,429.97,397,38
72127,COLUMBIAN CANDLE ROUND ,429.64,358,59
90184C,BLACK CHUNKY BEAD BRACELET W STRAP,429.59999999999997,48,26
20653,CHERRY BLOSSOM LUGGAGE TAG,428.89,1927,31
23379,PACK OF 12 RED APPLE TISSUES,428.01,1175,50
16045,POPART WOODEN PENCILS ASST,428.0,9300,72
84966B,BLUE KASHMIRI BOXED MIRROR,428.0,33,4
84801A,PINK HYDRANGEA ART FLOWER,427.44000000000005,272,15
17012D,ORIGAMI ROSE INCENSE/CANDLE SET ,426.7,426,51
21455,PAINTED YELLOW WOODEN DAISY,426.7,502,63
22344,PARTY PIZZA DISH PINK POLKADOT,426.28999999999996,1109,53
23522,DOG AND BALL WALL ART,425.88,252,4
85230G,ORANGE VOTIVE CANDLE,425.75999999999993,1680,46
16168M,FUNKY MONKEY GIFT BAG MEDIUM,425.16,1578,53
21167,WHITE SAGE INCENSE,424.68,2058,50
20715,LITTLE FLOWER SHOPPER BAG,424.0,400,1
84876B,GREEN HEART COMPACT MIRROR,423.75,327,27
22124,SET OF 2 TEA TOWELS PING MICROWAVE,422.97,179,39
16008,SMALL FOLDING SCISSOR(POINTED EDGE),422.96,3141,85
22686,"FRENCH BLUE METAL DOOR SIGN, No",421.25,337,35
22840,"CAKE TIN, ROUND, VINTAGE RED,CREAM",421.05,59,10
23058,CHRISTMAS HANGING SNOWFLAKE,421.02000000000004,486,44
84597C,RETRO PINK BALL ASHTRAY ,420.8,352,36
47581B,FAIRY CAKE WICKER PICNIC BASKET ,420.75,33,26
23117,POPPY FIELDS CHOPPING BOARD,420.75,85,39
37476,CONDIMENT TRAY 4 BOWLS AND 4 SPOONS,420.28,44,27
84596K,JELLY BABIES YELLOW SMALL BOWL,420.14,358,64
BANK CHARGES,Bank Charges,420.001,29,28
20700,GREEN CAT FLORAL CUSHION COVER ,420.0,288,12
84967C,GREEN KASHMIRI OCCASIONAL TABLE,419.85,9,4
84770,ROUND GEORGIAN SILVER MIRROR,419.25000000000006,135,16
17129F,BLUE GLASS GEMS IN BAG,418.38,624,25
90120D,WHITE MURANO TWIST BRACELET,418.25,102,20
20621,ECONOMY PASSPORT COVER ,417.90000000000003,199,29
72750A,FLOWER FAIRY SET OF 3 LILY CANDLES,417.7,206,8
20851,ZINC HEART LATTICE TRAY OVAL ,417.7,334,27
84859B,BLUE DISCO HANDBAG,417.43,279,15
72780,BLACK SILOUETTE CANDLE PLATE,417.33,513,43
21518,BANK ACCOUNT  GREETING  CARD ,416.64,1016,70
23336,EGG FRYING PAN PINK ,415.97,199,63
47422,ASSORTED MONKEY SUCTION CUP HOOK,415.92,1076,61
84510F,SET OF 4 NEW ENGLAND COASTERS ,415.0,1092,31
20943,SET/6 GINGERBREAD STAR T-LIGHTS,415.0,332,48
20654,FIRST CLASS LUGGAGE TAG ,414.63,339,84
85169D,PINK LOVE BIRD CANDLE,413.98,374,45
72799B,PURPLE PILLAR CANDLE BLACK FLOCK,413.35,313,9
22322,BIRD DECORATION GREEN POLKADOT,413.09999999999997,486,45
85227,SET/6 3D KIT CARDS FOR KIDS,412.84999999999997,545,28
90160B,RED BOUDICCA LARGE BRACELET,412.55,60,23
23459,DOLLY CABINET 2 DRAWERS ,412.5,33,19
90184B,AMETHYST CHUNKY BEAD BRACELET W STR,411.7,46,26
23023,RIDGED BONNE JAM JAR T-LIGHT HOLDER,411.44,260,23
84798A,PINK FOXGLOVE ARTIIFCIAL FLOWER,409.50000000000006,186,9
16169F,WRAP BLIZZARD,409.5,975,34
20857,BLUE ROSE PATCH PURSE PINK BUTTERFL,409.2,248,72
22031,BOTANICAL LAVENDER BIRTHDAY CARD,409.17,963,80
20694,FLORAL PINK MONSTER,408.48,112,25
90195A,PURPLE GEMSTONE BRACELET,408.45,51,26
22324,BAG FOR CHILDREN VINTAGE BLUE ,408.0,96,1
22323,BAG FOR CHILDREN VINTAGE PINK ,408.0,96,1
23422,PANTRY HOOK BALLOON WHISK ,407.68,196,31
35240,ENAMEL BLUE RIM OVAL TRAY SET/2,407.52,48,38
23415,HOME SWEET HOME HOOK,405.6,326,45
22776,"CAKESTAND, 3 TIER, LOVEHEART",405.5,46,7
84508B,STRIPES DESIGN TEDDY,405.45,159,65
84595B,LARGE TRIFLE DESIGN L BLUE BOWL,405.15,229,15
62094B,TURQ ICE CREAM BUM BAG ,405.05,251,27
21663,VINTAGE GLASS SUGAR CADDY,404.55,69,25
22346,PARTY PIZZA DISH GREEN POLKADOT,404.31,1005,39
84984A,GREEN PEONY CUSHION COVER,403.75,255,12
22204,MILK PAN BLUE POLKADOT,403.75,123,41
20793,BLUE TILED TRAY,402.75,273,15
90010B,BLACK/WHITE GLASS/SILVER BRACELET,402.75,45,17
84857C,PINK MONTE CARLO HANDBAG,402.54999999999995,193,14
21336,GOLD WASHBAG,401.64,1788,24
21379,CAMPHOR WOOD PORTOBELLO MUSHROOM,401.52,498,45
84932B,SMALL PINK PEONY FOLDING STOOL,401.3,189,17
71270,PHOTO CLIP LINE,401.21,320,54
79071B,ENGLISH ROSE METAL WASTE BIN,401.20000000000005,136,60
20997,ROSE DU SUD CUSHION COVER ,400.95,81,28
20618,QUEEN OF THE SKIES PASSPORT COVER ,400.38,193,74
90143,SILVER BRACELET W PASTEL FLOWER,400.0,54,18
16243B,BROWN COZY SQUARE PHOTO ALBUM,399.75,205,1
21882,SKULLS TAPE,398.73,921,70
21001,ROSE DU SUD WASHBAG ,398.65000000000003,67,31
D,Discount,397.89,196,5
20701,PINK CAT FLORAL CUSHION COVER ,397.5,282,13
85142,JARDIN ETCHED GLASS GINGER JAR,397.5,50,27
72128,COLUMBIAN CANDLE ROUND,397.46,686,78
90195B,BLACK GEMSTONE BRACELET,396.75,45,20
90149,SILVER FLOWR PINK SHELL NECKLACE,395.28000000000003,60,7
84726,LILLIES CANVAS PICTURE,394.85,233,5
84563A,PINK & WHITE BREAKFAST TRAY,394.40000000000003,92,33
22343,PARTY PIZZA DISH RED WHITE SPOT ,394.4,464,22
20662,FIRST CLASS HOLIDAY PURSE ,394.27000000000004,697,25
21553,CERAMIC BIRDHOUSE FINCH BLUE  LARGE,393.6,75,27
84951A,SET OF 4 PISTACHIO LOVEBIRD COASTER,393.32,393,41
20889,JARDIN DE FEMME SCENTED CANDLE,392.0,656,12
20753,RETRO PINK SPOT WASHING UP GLOVES,391.1,187,38
47562,ENGLISH ROSE IRONING BOARD COVER,390.0,104,41
84016,FLAG OF ST GEORGE CAR FLAG,389.76,978,46
85136B,BLUE SHARK HELICOPTER,389.55,49,39
47591B,SCOTTIES DES CHILD'S APRON,389.4,236,61
21371,MIRRORED WALL ART POPPIES,389.4,368,41
16044,POP-ART FLUORESCENT PENS,388.8,6192,2
35004S,SET OF 3 SILVER FLYING DUCKS,388.4,136,16
84007,MAGIC GARDEN MOUNT FUJI,387.6,152,37
40046A,RED DAISY PAPER LAMPSHADE,387.57,321,34
84804A,CREAM DELPHINIUM ARTIFICIAL FLOWER,387.53000000000003,215,17
23537,WALL ART I LOVE LONDON ,387.3,86,19
20838,FRENCH LATTICE CUSHION COVER ,387.29,391,39
23103,BELL HEART DECORATION,387.0,252,9
72800C,4 PINK DINNER CANDLE SILVER FLOCK,385.51,257,42
22698,TEACUP AND SAUCER REGENCY PINK,384.0,144,9
22838,"CAKE TIN, 3 TIER RED/IVORY",383.4,28,8
84306,S/3 PINK SQUARE PLANTERS ROSES,383.24999999999994,35,19
46776B,WOVEN BERRIES CUSHION COVER ,383.1,194,20
22785,SQUARECUSHION COVER PINK UNION JACK,382.14,150,29
79030D,"TUMBLER, BAROQUE",382.11,479,16
84509A,ENGLISH ROSE PLACEMATS,382.05,107,25
22446,PIN CUSHION RUSSIAN DOLL PINK,381.90000000000003,114,26
85090,CANDY SPOT APRON,381.3,82,35
90035B,"PEARL & SHELL 42""NECKL. PINK",380.89,43,4
20659,ECONOMY LUGGAGE TAG,380.81,287,89
72750B,"F.FAIRY S/3 CANDLE/GLASS,LAVENDER",380.35,193,9
84802B,PURPLE ANEMONE ARTIFICIAL FLOWER,379.65000000000003,405,16
85167A,WHITE GRAND BAROQUE PHOTO FRAME,379.5,174,12
85097B,BLUE ROCKING SINGING CANARY,378.75,101,36
22032,BOTANICAL LILY GREETING CARD,378.42,903,74
72801E,S/4 FESTIVE GREEN DINNER CANDLES,378.33,717,21
85211,S/4 GROOVY CAT MAGNETS,377.96999999999997,279,51
35969,FOLKART CROWN TABLE DECORATIONS,376.74,450,40
85007,SET OF 3 VINTAGE TEA TIME BOXES,376.35,139,19
23457,LARGE PARLOUR PICTURE FRAME,375.75,77,27
21252,SET OF MEADOW  FLOWER STICKERS,375.65000000000003,161,16
16218,CARTOON  PENCIL SHARPENERS,375.6,4525,70
22286,DECORATION WOBBLY RABBIT METAL ,375.57,753,45
21418,STARFISH SOAP DISH,375.35,161,35
71403,"PINK/WHITE ""KEEP CLEAN"" BULLET BIN",374.65000000000003,127,27
84951B,SET OF 4 BLACK LOVEBIRD COASTERS,374.54,356,37
84422,PINK/BLUE DISC/MIRROR STRING,374.31,749,25
84661B,BLACK SQUARE TABLE CLOCK,374.29,207,26
72803B,OCEAN SCENT CANDLE JEWELLED DRAWER,374.0,88,34
23128,DOLLCRAFT BOY JEAN-PAUL ,373.9,82,12
20781,GOLD EAR MUFF HEADPHONES,373.17,77,41
22135,LADLE LOVE HEART PINK,372.54,935,58
84680,CLASSICAL ROSE URN,372.3,94,17
47021G,SET/6 BEAD COASTERS GAUZE BAG GOLD,371.65,631,45
22345,PARTY PIZZA DISH BLUE POLKADOT,371.46,1032,48
46126A,ELVIS WALLHANGING / CURTAIN,371.25,297,34
16219,HOUSE SHAPE PENCIL SHARPENER,371.01,3206,66
23039,T-LIGHT HOLDER SILVER HEART HANDLE,370.79999999999995,192,22
84563B,BLUE & WHITE BREAKFAST TRAY,370.20000000000005,96,37
84931A,PINK SCOTTIE DOG W FLOWER PATTERN,369.6,146,47
21375,LARGE CAMPHOR WOOD FIELD MUSHROOM ,368.25,93,28
21520,BOOZE & WOMEN GREETING CARD ,368.04,890,68
35915A,CREAM KNITTED HEN,365.76,288,1
84901,BLACK FACE LAMB WITH PANTS,365.34,98,56
22447,PIN CUSHION BABUSHKA BLUE,364.65000000000003,117,29
85204,HANGING WOOD AND FELT FLOWER,364.62,2150,78
90161D,ANT COPPER PINK BOUDICCA BRACELET,363.85,74,24
22511,DOORSTOP RUSSIAN DOLL RETROSPOT,363.48,100,34
46776A,WOVEN BUBBLE GUM CUSHION COVER,363.3,190,20
46776F,WOVEN ROSE GARDEN CUSHION COVER ,363.0,172,17
84905,PINK BUTTERFLY CUSHION COVER ,362.55,145,17
35922,EASTER BUNNY WREATH,362.2,76,21
90082B,DIAMANTE BOW BROOCH RED COLOUR,361.95,57,24
90198B,VINTAGE ROSE BEAD BRACELET BLACK,361.25,85,32
22559,SEASIDE FRISBEE ,360.51,303,21
21678,PAISLEY PATTERN  STICKERS,358.78999999999996,515,46
23429,RED RETRO KITCHEN WALL CLOCK,358.6,44,20
22259,FELT FARM ANIMAL HEN,358.46,478,33
21017,RED BIRD HOUSE TREE DECORATION,358.28,548,39
16216,LETTER SHAPE PENCIL SHARPENER,358.18,4135,78
84707B,PINK JEWELLED MIRROR TRINKET TRAY,357.65999999999997,47,22
22555,PLASTERS IN TIN MR STRONG ,357.0,228,11
47579,TEA TIME BREAKFAST BASKET,357.0,170,43
37482P,CUBIC MUG PINK POLKADOT,356.52,532,43
84918,CREAM CUSHION COVER WITH FLOWERS,355.85,103,14
84509B,FAIRY CAKE PLACEMATS,355.8,100,22
84800M,MEDIUM WHITE/PINK ROSE ART FLOWER,355.53000000000003,249,26
35004P,SET OF 3 PINK FLYING DUCKS,354.6,84,21
21729,SMALL MARAKESH METAL  LANTERN ,354.5,114,23
22039,BOTANICAL LILY GIFT WRAP,353.0,850,30
78033,FLAG OF ST GEORGE CHAIR,352.75,73,14
79191B,RETRO PLASTIC POLKA TRAY,351.66999999999996,451,53
72487,ROSES WHITE ROUND CANDLE,351.62,826,13
84809B,PINK CHRYSANTHEMUMS ART FLOWER,351.6,296,8
18094C,WHITE AND BLUE CERAMIC OIL BURNER,351.6,312,39
23337,EGG FRYING PAN MINT ,351.52000000000004,169,60
84741C,CITRUS GARLAND FELT FLOWERS ,351.0,180,47
21529,RED RETROSPOT TOASTRACK,349.8,104,35
35471A,SET OF 3 BIRD L.BLUE FEATHER,349.2,360,54
72750A,"F.FAIRY S/3 CANDLE/GLASS,LILY/VALLY",349.15000000000003,177,8
85168B,BLACK BAROQUE CARRIAGE CLOCK,348.66999999999996,37,23
23057,GEMSTONE CHANDELIER T-LIGHT HOLDER,347.7,78,7
47563A,RETRO LONGBOARD IRONING BOARD COVER,347.5,224,62
16258A,SWIRLY CIRCULAR RUBBERS IN BAG,347.19,1026,74
84402D,PINK DRESS JEWELLERY STAND ,346.85,371,11
46000R,POLYESTER FILLER PAD 45x30cm,346.55,239,59
23576,SNACK TRAY RED VINTAGE DOILY,346.34999999999997,185,29
23150,IVORY SWEETHEART SOAP DISH,346.11,139,40
17129D,CLEAR COLOUR GLASS GEMS IN BAG,344.53999999999996,518,19
21736,GOLD SCROLL GLASS T-LIGHT HOLDER,343.02,178,22
79336,LIGHT PINK FLOCK GLASS CANDLEHOLDER,342.83,832,16
17181,CIRCLE OF FRIENDS CANDLE HOLDER,341.7,294,28
21757,LIGHTHOUSE PRINTED METAL SIGN,341.55,69,31
37444C,PINK BREAKFAST CUP AND SAUCER ,341.48,1596,17
20615,BLUE SPOTTY PASSPORT COVER,341.2,222,38
84509C,SET OF 4 POLKADOT PLACEMATS ,340.8,96,32
20666,ECONOMY HOLIDAY PURSE,340.65000000000003,871,22
22813,PACK 3 BOXES BIRD PANETTONE ,340.33,177,14
23044,PAPER LANTERN 9 POINT HOLLY STAR S,340.3,82,19
75149N,STRING CRYSTALS NATURAL,340.0,272,25
21027,NINJA RABBIT PINK,339.3,276,46
82076,BEECH WOOD PHOTO FRAME ,338.75,271,6
79323S,SILVER CHERRY LIGHTS,338.45000000000005,59,11
37444B,BLUE BREAKFAST CUP AND SAUCER ,338.44,1996,17
84926D,LA PALMIERA TILE COASTER,337.89,762,38
84081,WHITE CERAMIC PARTY SET (5PCS),337.58,94,15
84497,BUTTONS AND STRIPES NOTEBOOK ,337.5,90,32
20903,VINTAGE KEEPSAKE BOX TRAVELOGUE,337.25,103,19
20976,12 PENCILS SMALL TUBE POSY,336.7,518,64
23661,MILK MAIDS MUG ,336.6,204,23
23127,DOLLCRAFT GIRL NICOLE,336.6,68,12
85086A,CANDY SPOT HEART DECORATION,336.59999999999997,396,49
82081,PINK HEARTS PHOTO ALBUM,336.25,159,12
21004,ROSE DU SUD CHILDS APRON,335.75,79,33
84915,HAND TOWEL PINK FLOWER AND DAISY,335.5,208,18
84249D,FAIRY CAKE GREETINGS CARD,335.46,809,55
84292,ROSE PINK METAL FOLDING CHAIR,333.90000000000003,42,12
22029,SPACE BOY BIRTHDAY CARD,333.78000000000003,805,53
17109A,FLOWER FAIRY INCENSE LILY,333.61,709,13
47583B,SET OF 3 WICKER BASKET TEA AND CAKE,332.6,27,6
72801C,4 ROSE PINK DINNER CANDLES,332.15999999999997,528,22
20695,FLORAL BLUE MONSTER,332.0,82,26
23484,HEART TRELLIS TRIPLE T-LIGHT HOLDER,331.42,118,20
85024B,EAU DE NILE JEWELLED PHOTOFRAME,330.90000000000003,218,20
23420,PANTRY HOOK TEA STRAINER ,330.72,159,28
37464,ROBOT MUG IN DISPLAY BOX,330.07,275,46
72814,SET/3 CHRISTMAS BRIAR CANDLES,330.0,88,21
84925A,WAKE UP COCKEREL WALL THERMOMETER,328.95,177,15
72811,SMALL ZINC/GLASS CANDLEHOLDER,328.77,441,20
47592A,CAROUSEL DES CHILD'S OVERALL,327.6,156,32
23236,DOILEY BISCUIT TIN,327.59999999999997,120,13
35912B,WHITE/PINK CHICK DECORATION,326.39,283,26
21309,LOUVRE CHALKBOARD,325.6,49,5
90209A,PURPLE ENAMEL+GLASS HAIR COMB,325.5,173,10
22045,SPACE BOY GIFT WRAP,325.5,775,27
90120B,BLUE MURANO TWIST BRACELET,325.5,77,21
85087,CANDY SPOT CUSHION COVER,325.11000000000007,113,21
23521,WALL ART CAT AND BIRD ,324.98,118,18
82011C,BATHROOM SCALES FOOTPRINTS IN SAND,324.25,95,42
23521,CAT AND BIRD WALL ART,323.64,270,4
84898F,YELLOW FLOWERS FELT HANDBAG KIT,323.40000000000003,154,47
20655,QUEEN OF SKIES LUGGAGE TAG,321.02,264,91
23205,CHARLOTTE BAG ALPHABET  DESIGN,320.5,400,22
85112,S/3 TEAR DROP CUT GLASS DECORATION,320.25,429,23
85070,ANT WHITE SWEETHEART TABLE W 3 DRAW,320.0,3,3
21038,SET/4 MODERN VINTAGE COTTON NAPKINS,319.8,156,49
84801B,WHITE HYDRANGEA ART FLOWER,319.8,202,16
90148,LONG SILVER NECKLACE PASTEL FLOWER,318.75,25,16
21243,PINK POLKADOT PLATE ,318.34,202,18
23523,WALL ART TREASURE AHOY ,317.97,87,22
23116,VEGETABLE GARDEN CHOPPING BOARD,317.70000000000005,70,17
84881,BLUE WIRE SPIRAL CANDLE HOLDER,317.5,50,22
84933C,LARGE BLUE ORIENTAL FOLDING STOOL,317.0,136,6
90002D,FLOWER BURST SILVER RING CRYSTAL,316.25,91,21
47597,NEW ENGLAND TEATOWELS,316.2,124,41
23421,PANTRY HOOK SPATULA,316.16,152,26
16207B,PINK HEART RED HANDBAG,315.96000000000004,211,13
90201B,BLACK ENAMEL FLOWER RING,315.65000000000003,107,18
47504G,ENGLISH ROSE TAPE MEASURE,315.44,256,47
23037,CANDLE HOLDER SILVER MADELINE,315.29,193,18
17011F,ORIGAMI SANDLEWOOD INCENSE+FLOWER,315.15,380,15
90198A,VINTAGE ROSE BEAD BRACELET RASPBERR,314.5,74,26
84933A,LARGE GREEN PEONY FOLDING STOOL,314.34999999999997,131,6
22395,PAPERWEIGHT VINTAGE PAISLEY,313.86,214,33
46000U,POLYESTER FILLER PAD 30CMx30CM,313.75,251,51
20902,VINTAGE KEEPSAKE BOX PARIS DAYS,313.34999999999997,69,15
23130,MISELTOE HEART WREATH ,312.8,80,5
85170B,SET/6 BLACK BIRD T-LIGHT CANDLES,312.78000000000003,237,33
20940,SET/6 GARDEN GNOME T-LIGHT CANDLES,312.55,113,18
23339,EGG FRYING PAN BLUE ,312.0,150,58
85202,HANGING WOOD AND FELT HEART,311.46,745,90
35967,FOLK ART METAL STAR T-LIGHT HOLDER,310.08,786,59
35911A,MULTICOLOUR RABBIT EGG WARMER,309.65,260,41
84933B,LARGE PINK PEONY FOLDING STOOL,309.15,136,6
22844,VINTAGE DOG FOOD CONTAINER,308.64,36,6
84711A,SILVER OVAL SHAPE TRINKET BOX,308.45,31,14
21946,PARTY TIME DESIGN FLANNEL,307.81,579,30
84706A,ENGLISH ROSE TABLE CLOCK,307.2,136,6
23478,WOODLAND LARGE PINK FELT HEART,307.18,278,10
20688,BEAUTY SPEED EXPRESSO CUPS,306.9,462,9
90180A,BLACK+WHITE NECKLACE W TASSEL,306.25,35,19
90160A,PURPLE BOUDICCA LARGE BRACELET,305.8,44,20
23575,SNACK TRAY PAISLEY PARK,305.4,164,22
21943,CAKES AND RABBITS DESIGN FLANNEL ,304.83,387,41
23131,MISELTOE HEART WREATH WHITE,304.5,78,4
90175C,BLUE GLASS CHUNKY CHARM BRACELET,304.3,34,17
62095B,TURQOISE ICE CREAM SUNHAT,304.09000000000003,289,19
84838,ANT WHITE HIGH RISE BIRD BOX,304.0,49,3
79303B,BLUE STAR BLOCK TABLE LAMP,303.85,103,4
22786,PILLOWCUSHION COVER PINK UNION JACK,303.45,51,17
21306,SET/4 DAISY MIRROR MAGNETS,302.9,669,57
72801G,4 BURGUNDY WINE DINNER CANDLES,302.69,529,31
72753D,S/3 FLWR FAIRY SUMMER CANDLES,302.40000000000003,144,9
85147,JARDIN ETCHED GLASS CANDLEHLDR LONG,301.95,61,16
90035C,"PEARL & SHELL 42""NECKL. IVORY",301.0,28,5
22453,MEASURING TAPE RUSSIAN DOLL BLUE,300.90000000000003,102,27
22852,ENAMEL DOG BOWL CREAM,300.48,76,3
84535A,ENGLISH ROSE NOTEBOOK A6 SIZE,300.15000000000003,575,48
23396,LA JARDIN BOTANIQUE CUSHION COVER,300.0,80,23
21132,SILVER STANDING GNOME   ,300.0,72,29
84984C,ORIENTAL BLUE CUSHION COVER ,299.7,218,7
84673B,BLUE FLY SWAT,299.46,420,79
23440,PAINT YOUR OWN EGGS IN CRATE,299.36,164,5
17001,HEAVENS SCENT FRAGRANCE OILS ASSTD,299.34999999999997,1211,23
23466,TUSCAN VILLA DOVECOTE BIRD FEEDER,299.25,37,17
79190A,RETRO PLASTIC 70'S TRAY,298.62,711,73
84522,PINK PARTY SUNGLASSES,298.5,178,20
82095,HEART BUTTONS JEWELLERY BOX,298.35,39,22
21028,NINJA RABBIT BLACK,297.64,237,40
84627,CANDY STRIPE ROSE C/COVER ,297.5,50,19
90145,SILVER HOOP EARRINGS WITH FLOWER,297.5,50,23
20670,VIP HOLIDAY PURSE,296.48,664,22
84877B,GREEN ROUND COMPACT MIRROR,296.25,227,15
21420,OYSTER TRINKET BOX,295.62,114,25
21697,SET 5 MINI DOUGHNUT FRIDGE MAGNET ,295.08000000000004,372,7
23126,DOLLCRAFT GIRL AMELIE KIT,294.7,66,8
84533B,FAIRY CAKES ROUND NESTING BOXES,293.8,52,19
16244A,MAXWELL 2 TONE PINK 60 PAGE PHOTO A,293.0,142,6
72801F,S/4 FESTIVE RED DINNER CANDLES,292.5,234,25
84800S,SMALL WHITE/PINK ROSE ART FLOWER,292.03999999999996,388,19
22952,SET 72 CAKE CASES VINTAGE CHRISTMAS,291.6,672,4
72130,COLUMBIAN CANDLE ROUND,291.57,741,50
21401,BLUE PUDDING SPOON,291.06,1388,91
20826,SILVER APERITIF GLASS,290.72,355,14
85169B,BLACK LOVE BIRD CANDLE,290.24,280,45
23410,CURIO CABINET LINEN AND LACE ,290.1,36,18
47503G,ASS FLORAL PRINT TAPE MEASURE,289.19,235,24
90120A,PINK MURANO TWIST BRACELET,289.0,68,21
84802A,WHITE ANEMONE ARTIFICIAL FLOWER,288.99,171,21
82011B,BATHROOM SCALES RUBBER DUCKS,287.8,84,39
23047,PAPER LANTERN 5 POINT SEQUIN STAR,287.5,50,21
90192,JADE DROP EARRINGS W FILIGREE,287.1,58,19
17091B,JASMINE TEA INCENSE IN TIN,286.8,264,43
23695,DOILY THANK YOU CARD,286.62,703,44
84760S,SMALL HANGING GLASS+ZINC LANTERN,285.65,197,24
23430,BLUE RETRO KITCHEN WALL CLOCK,285.25,35,17
37413,ICON MUG REVOLUTIONARY,283.71,701,79
84247N,PACK/12 BLUE FOLKART CARDS,283.20000000000005,96,39
20950,SET/6  ANGEL T-LIGHTS WHITE/GOLD,282.96999999999997,652,65
22546,MINI JIGSAW FIDO,282.24,672,10
21880,RED AND WHITE SPOT TAPE,282.1,434,35
85179A,GREEN BITTY LIGHT CHAIN,281.31,139,26
21402,RED  EGG  SPOON,280.98,1589,102
90010E,AMBER GLASS/SILVER BRACELET,279.95,32,18
84625B,BLCK NEW BAROQUE CANDLESTICK CANDLE,279.0,180,17
62096B,PURPLE/TURQ FLOWERS HANDBAG,278.75,209,46
90014A,SILVER/MOP ORBIT NECKLACE,278.59999999999997,28,19
21025,SPACE FROG,278.5,221,36
20663,QUEEN OF THE SKIES HOLIDAY PURSE ,277.19,1037,15
44235,ASS COL CIRCLE MOBILE ,276.96,752,15
23579,SNACK TRAY I LOVE LONDON,276.15,149,24
84966C,GREEN KASHMIRI BOXED MIRROR,276.0,23,2
46118,FUNKY MONKEY CUSHION COVER,275.4,324,35
35920,FOUR RABBIT EASTER DECORATIONS,275.25,1065,20
84977,WIRE FLOWER T-LIGHT HOLDER,275.0,220,41
79051A,SMOKEY GREY COLOUR D.O.F. GLASS,274.99,695,35
84673A,PINK FLY SWAT,274.01,457,70
35637C,PINK STRING CURTAIN WITH POLE,273.34999999999997,97,16
21030,SPACE CADET RED,272.37,219,39
84429A,MEDIUM PINK BUDDHA HEAD ,271.40000000000003,92,27
84192,ASSORTED COLOUR METAL CAT ,271.1,226,38
90010A,MIDNIGHT BLUE GLASS/SILVER BRACELET,271.0,31,14
85131D,BEADED CRYSTAL HEART PINK ON STICK,270.94,488,24
90036D,"FLOWER GLASS GARLAND NECKL.36""BLACK",270.3,34,12
47351B,BLUE  VOILE LAMPSHADE,269.90000000000003,98,14
72793,BLACK BOX MIRROR LANTERN,268.75,55,10
90201A,PURPLE ENAMEL FLOWER RING,268.45000000000005,91,20
23203,JUMBO BAG VINTAGE DOILEY ,268.44,143,6
21698,MOCK LOBSTER FRIDGE MAGNET,268.34,450,48
35638B,PINK/BLUE STRING CURTAIN ,268.25,115,8
85039C,S/4 BLACK MINI ROSE CANDLE IN BOWL,267.96999999999997,413,39
90082A,DIAMANTE BOW BROOCH GREEN COLOUR,266.7,42,20
16202A,PASTEL PINK PHOTO ALBUM ,266.45,660,19
20847,ZINC HEART LATTICE CHARGER LARGE,266.25,71,20
84482,BUTTONS DESIGN JEWELLERY BOX,266.25,71,28
23481,PEARLISED IVORY HEART SMALL ,266.21,217,27
35981C,WHITE SNOW SCANDINAVIAN STOCKING ,266.14,563,60
23489,"GARLAND, VINTAGE BELLS",265.88,92,10
84926A,WAKE UP COCKEREL TILE COASTER,265.59,651,42
37482P,CUBIC MUG PINK POLKA DOT,265.2,104,18
85195,HANGING HEART BASKET,265.14,145,16
35968,FOLK ART METAL HEART T-LIGHT HOLDER,264.04,701,56
84576,BLUE CAT BISCUIT BARREL PINK HEART,264.0,84,21
37343,POLKADOT MUG PINK ,262.86,178,22
47586A,PINK FAIRY CAKE CUSHION COVER,262.65,199,28
90201C,RED ENAMEL FLOWER RING,262.55,89,19
84509G,FAIRY CAKE PLACEMATS ,262.05,75,21
84806A,PINK CANDYSTUFT ARTIFICIAL FLOWER,261.90999999999997,319,20
23194,GYMKHANNA TREASURE BOOK BOX,261.84000000000003,120,14
84623,PINK GINGHAM ROSE FLOOR CUSHION,261.35,53,12
21196,ROUND WHITE CONFETTI IN TUBE,260.7,158,17
90184A,AMBER CHUNKY BEAD BRACELET W STRAP,259.55,29,12
90120C,GREEN MURANO TWIST BRACELET,259.25,61,17
84924F,PSYCHEDELIC METAL SIGN CALENDAR,259.15,973,8
90124A,PINK MURANO TWIST NECKLACE,258.7,26,16
16254,TRANSPARENT ACRYLIC TAPE DISPENSER,258.36,912,19
23032,DOORKNOB CRACKED GLAZE IVORY,258.3,174,5
20800,LARGE GLASS SUNDAE DISH CLEAR,258.2,996,2
85129B,BEADED CRYSTAL HEART GREEN SMALL,258.08,210,36
84613C,BLUE NEW BAROQUE FLOCK CANDLESTICK,258.06,62,12
22268,DECORATION SITTING BUNNY,257.60999999999996,1335,41
22287,DECORATION WOBBLY CHICKEN,256.11,521,29
77081,FLOWER WINDMILL,255.51000000000002,219,18
46775E,CANDY POP CHUNKY KNITTED THROW ,254.25,15,10
23137,ZINC WIRE SWEETHEART LETTER TRAY,253.24,80,20
90032,IVORY SHELL HEART NECKLACE,253.17000000000002,45,21
90085,CRYSTAL STILETTO PHONE CHARM,252.45,297,17
22134,MINI LADLE LOVE HEART RED ,252.24,630,54
85033S,SET/6 SILVER REINDEER T-LIGHTS,252.2,242,39
90178A,AMBER CHUNKY GLASS+BEAD NECKLACE,250.95,21,15
21341,KASBAH LANTERN WITH GLASS ,250.8,56,15
90175D,TIGRIS EYE CHUNKY CHARM BRACELET,250.6,28,15
20836,FRENCH PAISLEY CUSHION COVER,250.00000000000003,224,22
84671B,CROCHET BEAR WITH BLUE STRIPES,249.9,98,24
85089,CANDY SPOT BUNNY,249.45000000000005,87,18
16052,TEATIME PUSH DOWN RUBBER,249.35,810,21
79030A,"TUMBLER, ENGLISH ROSE",249.15,151,20
84952A,CLEAR LOVE BIRD T-LIGHT HOLDER,249.11,84,14
45016,DECORATIVE NET CANOPY LEOPARD,248.75,73,8
22328,"ROUND SNACK BOXES ,SET 4, FRUITS ",247.8,84,5
23015,CORDIAL GLASS JUG,247.5,30,13
23476,WOODLAND LARGE RED FELT HEART,247.5,198,18
23168,CLASSIC SUGAR DISPENSER,247.32,216,12
23474,WOODLAND SMALL BLUE FELT HEART,246.51000000000002,297,27
35914,PINK CHICK EGG WARMER + EGG CUP,246.25,175,28
84924D,LA PALMIERA METAL SIGN CALENDAR,246.0,760,12
21321,GLASS CHALICE BLUE  LARGE ,245.25,108,13
90201D,GREEN ENAMEL FLOWER RING,244.85000000000002,83,16
35979,SIX STRING SCANDINAVIAN HEART DECS,244.85000000000002,83,19
22176,BLUE OWL DECORATION,244.8,96,1
84508C,BLUE CIRCLES DESIGN TEDDY,244.8,96,36
22175,PINK OWL DECORATION,244.8,96,1
72739B,WHITE CHOCOLATE SCENT CANDLE,244.35,351,10
47481,50CM METAL STRING WITH  7 CLIPS,244.11999999999998,316,35
21388,IVORY HANGING DECORATION  CHICKEN,243.95,287,27
84906,PINK B'FLY C/COVER W BOBBLES,243.95,41,14
20615,BLUE POLKADOT PASSPORT COVER,243.84,236,40
22257,FELT FARM ANIMAL SHEEP,243.14,322,25
35833P,4 PINK FLOCK CHRISTMAS BALLS,241.75,161,43
23149,ANTIQUE IVORY WIRE BOWL SMALL,241.53,97,19
18096C,WHITE ROUND PORCELAIN TLIGHT HOLDER,241.5,106,13
16156L,"WRAP, CAROUSEL",241.5,575,22
79190D,RETRO PLASTIC DAISY TRAY,241.5,575,73
90191,SILVER LARIAT 40CM,241.4,32,14
85103, SILVER T-LIGHT SETTING,240.15,37,15
23495,SET OF 3 PANTRY WOODEN SPOONS,240.0,192,24
84984D,ORIENTAL RED CUSHION COVER ,239.8,132,10
21722,SWEET PUDDING STICKER SHEET,239.7,282,40
23324,RUSTIC STRAWBERRY JAMPOT LARGE ,238.56,120,6
46776C,WOVEN FROST CUSHION COVER,238.5,102,17
23028,DOORKNOB CRACKED GLAZE BLUE,238.5,162,3
47578A,ENGLISH ROSE SMALL SCENTED FLOWER,238.0,280,49
84629,WHITE 3 FRAME BIRDS AND TREE ,237.8,24,13
90081A,LILY BROOCH AMETHYST COLOUR,237.6,48,23
44217M,MULTICOLOUR FEATHERS CURTAIN,236.40000000000003,72,3
17012E,ORIGAMI OPIUM INCENSE/CANDLE SET ,236.39999999999998,240,12
20616,CHERRY BLOSSOM PASSPORT COVER,236.18,188,44
79328,BLUE FLOCK GLASS CANDLEHOLDER,235.38,586,11
75178,ASSTD COL BUTTERFLY/CRYSTAL W/CHIME,235.19,475,16
22954,HEN PARTY CORDON BARRIER TAPE,235.0,188,36
20855,PINK PATCH PURSE BLUE HEART,234.29999999999998,142,47
84597B,RETRO BROWN BALL ASHTRAY ,234.15,195,19
23567,EGG CUP HENRIETTA HEN PINK,233.75,187,18
22129,PARTY CONES CANDY DECORATION,233.27999999999997,296,8
37483,ENGLISH ROSE MUG IN GIFT BOX,232.89,143,10
23475,WOODLAND SMALL PINK FELT HEART,232.4,280,26
16212,FUNKY GIRLZ ASST MAGNETIC MEMO PAD,232.04999999999998,357,30
79338,DARK PINK FLOCK GLASS CANDLEHOLDER,231.99,547,10
23447,PINK BUNNY EASTER EGG BASKET,231.9,158,4
22842,"BISCUIT TIN, RED,IVORY, VINTAGE",230.55,37,7
84926F,PSYCHEDELIC TILE COASTER,230.5,465,30
23446,BLUE BUNNY EASTER EGG BASKET,230.25,157,3
20736,PINK MINI TAPE MEASURE ,230.1,286,18
84461,12 PINK HEN+CHICKS IN BASKET,229.5,90,34
20795,LARGE BLUE PROVENCAL CERAMIC BALL,228.84,116,17
90146,FINE SILVER NECKLACE W PASTEL FLOWE,228.75,35,13
84661A,WHITE SQUARE TABLE CLOCK,228.54,203,25
35096A,BLUE VICTORIAN FABRIC HEART BOX,228.39,710,19
20987,GEISHA GIRL CHOPSTICKS SET/5,228.15,117,12
23036,T-LIGHT HOLDER SILVER PETIT FOUR ,227.5,182,15
72781,BLACK SILOUETTE CANDLE PLATE ,227.4,120,14
84927F,PSYCHEDELIC TILE HOOK,227.25,324,51
20906,VINTAGE NOTEBOOK BEAUTY GIRL,227.15000000000003,77,28
10123C,HEARTS WRAPPING TAPE ,226.76000000000002,628,46
72750D,F.FAIRY S/3 CANDLE/GLASS,226.5,110,11
23522,WALL ART DOG AND BALL ,226.29,89,17
47471,RAINBOW PEGS PHOTO CLIP STRING,226.23000000000002,381,41
84532B,FAIRY CAKES RECTANGLUAR BOXES,226.1,38,23
23003,TRAVEL CARD WALLET VINTAGE ROSE ,225.78,541,52
85033G,SET/6 GOLD REINDEER T-LIGHT CANDLES,225.55,201,17
20869,GOLD FABRIC MIRROR,225.49,459,31
17038,PORCELAIN BUDAH INCENSE HOLDER,225.4,2524,30
TEST001,This is a test product.,225.0,50,9
84529C,YELLOW KNITTED KIDS RUCKSACK,222.75,33,11
44234,ASSORTED CIRCULAR MOBILE,221.88,1156,39
37508,NEW ENGLAND CERAMIC CAKE SERVER,221.85,87,44
84219,BOX/12 MOTHER & CHICK IN BASKET/BOW,220.79999999999998,96,26
21144,PINK POODLE HANGING DECORATION ,220.79,505,42
90070,RUBY GLASS CLUSTER BRACELET,220.15,37,11
72739C,DARK CHOCOLATE SCENTCANDLE,219.75,291,11
84499,BLACK FLOWER CANDLE PLATE,219.66,294,20
16258B,DAISY ERASERS IN BAG,219.34,1014,13
90090,PINK CRYSTAL HEART PHONE CHARM,219.3,258,17
85168A,WHITE BAROQUE CARRIAGE CLOCK,218.89999999999998,22,15
90014C,SILVER/BLACK ORBIT NECKLACE,218.89999999999998,22,13
90058A,CRYSTAL STUD EARRINGS CLEAR DISPLAY,218.88,576,13
72225D,VANILLA SCENT CAKE CANDLE ,218.88,960,10
20661,BLUE POLKADOT PURSE ,218.82000000000002,354,12
84993B,75 BLACK PETIT FOUR CASES,218.82,521,77
22845,VINTAGE CAT FOOD CONTAINER,218.14,34,5
90157,RIVIERA NECKLACE,217.8,44,16
17013B,ORIGAMI JASMINE INCENSE IN TUBE,217.6,255,2
17011C,ORIGAMI LAVENDER INCENSE+FLOWER,217.1,334,1
22588,CARDHOLDER GINGHAM HEART,216.9,102,2
90185C,BLACK DIAMANTE EXPANDABLE RING,216.75,51,19
90196A,PURPLE GEMSTONE NECKLACE 45CM,216.75,17,9
35645,VINTAGE BEAD PINK JEWEL BOX,216.75,51,24
22899,CHILDRENS APRON DOLLY GIRL ,216.3,103,15
23360,SET 8 CANDLES VINTAGE DOILEY,216.29999999999998,122,7
84807,RED POPPY ARTIFICIAL FLOWER,215.93,233,7
20799,PINK MILKSHAKE GLASS,215.5,167,13
84902,PINK KNITTED COW STUFFED TOY,215.34,58,33
23141,TRIPLE WIRE HOOK PINK HEART,215.0,68,18
22834,MINI HAND WARMER BABUSHKA DESIGN,214.8,108,5
72801D,4 SKY BLUE DINNER CANDLES,214.71,363,22
84621,BLUE GINGHAM ROSE FLOOR CUSHION ,214.65,27,13
62086A,PINK RETRO BIG FLOWER BAG,214.5,110,22
23580,SNACK TRAY HAPPY FOREST  ,214.5,110,21
22447,PIN CUSHION RUSSIAN DOLL BLUE,214.4,64,19
90114,SUMMER DAISIES BAG CHARM,214.2,84,19
84457,SET/3 RABBITS FLOWER SKIPPPING ROPE,214.2,252,40
20980,36 PENCILS TUBE POSY,213.75,171,39
84371,BIG PINK POODLE,213.7,28,4
84705C,PINK FLOCK PHOTO FRAME ,213.6,160,6
51012C,"FEATHER DUSTER, COAL BLACK",212.5,170,26
84247C,PACK/12 BLUE REINDEER CARD,212.40000000000003,72,22
84725,FREESTYLE CANVAS ART PICTURE,212.25,133,28
21639,ASSORTED TUTTI FRUTTI KEYRING,211.64999999999998,249,13
85094,CANDY SPOT EGG WARMER RABBIT,211.43,609,42
20818,GOLD TEDDY BEAR,211.25,79,22
90210B,CLEAR ACRYLIC FACETED BANGLE,211.25,95,17
21395,BLUE SPOTTY BEAKER ,210.6,108,20
47310M,SMALL POP BOX FUNKY MONKEY,210.48,172,34
21032,SPACE CADET WHITE,210.48,167,32
85131B,BEADED CRYSTAL HEART GREEN ON STICK,210.17999999999998,330,24
21268,VINTAGE BLUE TINSEL REEL,209.58,383,38
20901,VINTAGE KEEPSAKE BOX PINK FLOWER,209.54999999999998,33,16
20827,GOLD APERITIF GLASS,209.36,173,8
35818P,"ACRYLIC JEWEL ICICLE, PINK",208.62,549,20
47574B,ENGLISH ROSE SCENTED HANGING HEART,208.25,49,27
90123A,PINK HEART OF GLASS BRACELET,208.25,35,18
23413,DECORATIVE VINTAGE COFFEE  BOX,208.2,44,16
17129F,DEEP BLUE GLASS GEMS IN BAG,208.12,316,16
37485,ENGLISH ROSE TEA SET IN GIFT BOX,207.69,49,15
21493, VINTAGE DESIGN GIFT TAGS,207.4,244,20
85131C,BEADED CRYSTAL HEART BLUE ON STICK,207.34,308,26
16256B,FLOWER PENCIL/RUBBER+5 MINI PENCILS,207.06,493,20
84690,S/2 BEACH HUT STOOLS,206.70000000000002,26,13
22984,"CARD, GINGHAM ROSE ",206.64,492,40
37492A,YELLOW RED FLOWER PIGGY BANK,206.54999999999998,107,10
84247K,"FOLK ART GREETING CARD,pack/12",206.5,70,24
20814,SILVER FINCH DECORATION,206.39000000000001,187,12
47343A,FUSCHIA FLOWER PURSE WITH BEADS,206.26,200,23
84882,GREEN WIRE STANDING CANDLE HOLDER,206.25,55,27
21734,SMALL MARAKESH LANTERN ON STICK,206.25,55,14
20652,BLUE POLKADOT LUGGAGE TAG ,206.01,159,45
21095,SET/6 POSIES PAPER PLATES,205.7,242,27
84805A,CREAM CLIMBING HYDRANGA ART FLOWER,205.35,145,7
90210D,PURPLE ACRYLIC FACETED BANGLE,204.65,131,12
90185D,CRYSTAL DIAMANTE EXPANDABLE RING,204.0,48,16
84927E,FLOWERS TILE HOOK,203.34,489,24
21367,MIRRORED WALL ART GENTS,202.85999999999999,196,45
84870B,BLUE GEISHA GIRL ,202.5,54,23
84870C,GREEN GEISHA GIRL ,202.5,54,21
72756, FAIRY CAKE CANDLES,202.05,153,2
35817P,"ACRYLIC JEWEL SNOWFLAKE,PINK",202.02,406,9
35991,SET/6 BLACK SNOWFLAKE T-LIGHTS ,201.91,387,47
84723,CHERRY BLOSSOM CANVAS ART PICTURE,201.3,54,12
16202C,BEIGE PHOTO ALBUM,201.29999999999998,94,10
72754A,FLOWER FAIRY POTPOURRI CUSHION LILY,201.24,292,5
35824B,"HANGING FLOWERS+MIRROR,BLUE",200.26000000000002,527,5
16201A,PASTEL PINK PHOTO ALBUM,199.8,100,8
84706F,RED PEONY TABLE CLOCK,199.35,33,16
71053,WHITE MOROCCAN METAL LANTERN,199.17,47,12
90124B,BLUE MURANO TWIST NECKLACE,199.0,20,11
84711B,PINK OVAL SHAPE TRINKET BOX,199.0,20,12
35833G,4 GOLD FLOCK CHRISTMAS BALLS,198.0,126,29
21950,SET OF 6 DOTS CHOPSTICKS,197.05,185,2
22849,"BREAD BIN, DINER STYLE, MINT",196.35,13,4
21369,MIRRORED WALL ART SPLODGES,195.0,128,17
22326,"ROUND SNACK BOXES ,SET4, WOODLAND ",194.70000000000002,66,3
84927D,LA PALMIERA TILE HOOK,194.61,949,24
17014D,ORIGAMI ROSE INCENSE CONES,194.28,476,5
46776E,WOVEN CANDY CUSHION COVER ,193.95000000000002,93,11
21372,MIRRORED WALL ART TABLE LAMP,193.23000000000002,141,36
47504F,ENGLISH ROSE TORCH,193.1,526,13
90161A,ANT COPPER RED BOUDICCA BRACELET,193.05,39,14
21582,KINGS CHOICE SMALL TUBE MATCHES,193.04999999999998,117,16
90208,PAIR OF ENAMEL FLOWER CLUSTER SLIDE,192.9,82,8
35921,EASTER BUNNY HANGING GARLAND,192.5,154,26
90087,CRYSTAL SEA HORSE PHONE CHARM,191.76,276,21
90129B,TURQUOISE GLASS TASSLE BAG CHARM ,191.75000000000003,65,18
47503H,ASS FLORAL PRINT SPIRIT LEVEL ,191.53,147,48
90030B,RED KUKUI COCONUT SEED NECKLACE,191.3,122,19
90196B,BLACK GEMSTONE NECKLACE 45CM,191.25,15,10
35962,SET/12 ZINC CHRISTMAS DECORATIONS,191.10000000000002,91,15
22841,"CAKE TIN, ROUND, VINTAGE MINT,IVORY",190.65,27,4
71028B,SILVER BLUE EGG T-LIGHT HOLDER,189.89,483,8
23229,DONKEY TAIL GAME ,189.54000000000002,54,4
21400,RED PUDDING SPOON,189.54,1027,63
79303D,LILAC FLOWER BLOCK TABLE LAMP,188.8,64,7
90122C,TURQUOISE CRYSTAL+GLASS BRACELET,188.1,38,15
20837,FRENCH FLORAL CUSHION COVER ,188.07000000000002,165,18
21460,GREEN EASTER EGG HUNT START POST,187.2,96,20
90185B,AMETHYST DIAMANTE EXPANDABLE RING,187.0,44,13
90016B,GOLD/M.O.P PENDANT ORBIT NECKLACE,187.0,22,17
21543,BUTTERFLY WATER TRANSFER TATTOOS ,186.95,267,13
84893,ANT WHITE IRON BASKET,186.35000000000002,33,15
23436,GIFT BAG LARGE VINTAGE CHRISTMAS,185.0,148,9
84803A,PINK ALLIUM  ARTIFICIAL FLOWER,184.21,109,16
84744,S/6 SEW ON CROCHET FLOWERS,183.75,147,29
84509C,SET OF 4 DOTTY PLACEMATS ,183.3,54,13
90035A,"PEARL & SHELL 42""NECKL. GREEN",182.75,17,9
17090A,LAVENDER INCENSE 40 CONES IN TIN,182.65,173,26
16053,POPART COL BALLPOINT PEN ASST,182.58,4298,8
35819B,"ACRYLIC HANGING JEWEL,BLUE",182.19,381,29
72799D,BLUE PILLAR CANDLE SILVER FLOCK,182.15,65,13
85128,PLANTPOT SINGLE HOOK PISTACHIO,182.09,165,2
37379B,BLUE CHERRY BLOSSOM CUP & SAUCER,181.5,1122,3
22545,MINI JIGSAW BUNNIES AT HOME,181.44,432,9
84962,SET/3 COLOUR PAINTED KASHMIRI STOOL,179.85000000000002,3,2
84509E,SET OF 4 CAROUSEL PLACEMATS ,179.81,131,10
90210A,GREY ACRYLIC FACETED BANGLE,179.70000000000002,78,12
23697,A PRETTY THANK YOU CARD,179.64000000000001,438,26
84464,S/60 PINK FLUFFY CHICKS IN BOX,179.1,82,11
16043,POP ART PUSH DOWN RUBBER ,179.04000000000002,2142,12
90029,NEW BAROQUE SMALL NECKLACE BLACK,178.5,21,10
90122A,PINK CRYSTAL+GLASS BRACELET,178.20000000000002,36,14
23126,DOLLCRAFT GIRL AMELIE,178.2,36,8
84985B,SET OF 72 BLACK PAPER DOILIES ,176.89999999999998,122,19
22839,"CAKE TIN, 3 TIER MINT/IVORY",176.75,13,4
35838A,S/6 MULTICOLOUR ORNAMENETAL CANDLE,176.75,171,18
22384,LUNCHBAG PINK RETROSPOT,176.54999999999998,107,13
84966A,PINK KASHMIRI BOXED MIRROR,176.0,12,3
21018,BIRD BOX CHRISTMAS TREE DECORATION,175.95,207,37
84509C,DOTTY PLACEMATS ,175.8,52,9
21370,MIRRORED WALL ART FOXY,175.35,48,16
90036C,"FLOWER GLASS GARLAND NECKL.36""BLUE",174.9,22,8
35793,S/3 PUPPIES CHRISTMAS DECORATIONS,174.05,101,8
84877D,BLUE ROUND COMPACT MIRROR,173.75,101,15
17084P,DRAGONS BLOOD INCENSE,173.54,874,26
75011,BLUE DAISY MOBILE,172.51,181,15
90210C,RED   ACRYLIC FACETED BANGLE,171.95000000000002,113,9
21368,MIRRORED WALL ART LADIES,171.75,193,39
22345,PARTY PIZZA DISH BLUE RETROSPOT,171.7,202,24
84706C,PINK FLOCK TABLE CLOCK ,170.8,84,4
84706B,FAIRY CAKES TABLE CLOCK,170.04999999999998,19,8
47347B,BLUE FLOWER T-LIGHT HOLDER,169.72,236,7
90014B,GOLD M PEARL  ORBIT NECKLACE,169.14999999999998,17,13
35818B,"ACRYLIC JEWEL ICICLE, BLUE",168.38,403,8
90122B,JADE CRYSTAL+GLASS BRACELET,168.3,34,14
85205A,IVORY FELT EASTER RABBIT GARLAND,168.29999999999998,66,21
79403,FROSTED WHITE BASE ,167.45,197,23
90178B,PURPLE CHUNKY GLASS+BEAD NECKLACE,167.29999999999998,14,9
90036A,FLOWER GARLAND NECKLACE RED,166.95000000000002,21,14
22330,72 ROUND PINK DOILIES,166.75,115,15
37506,NEW ENGLAND MILK JUG W GIFT BOX,166.6,28,22
90119,METALIC LEAVES BAG CHARMS,166.17,67,18
21394,RED SPOTTY BEAKER ,165.75,85,16
21102,"CANDLE IN JAR COLLAGE , VANILLA",165.75,65,12
21530,DAIRY MAID CERAMIC TOASTRACK,165.20000000000002,56,16
84526,GIANT BLACK SUNGLASSES,163.79999999999998,84,31
85024C,PINK SMALL JEWELLED PHOTOFRAME,163.35,99,42
90159,COTE D'AZURE NECKLACE,163.35,33,15
35809B,ENAMEL BLUE RIM TEA CONTAINER,162.48,81,22
16207A,PINK STRAWBERRY HANDBAG ,162.25000000000003,55,19
84529A,PINK KNITTED KIDS RUCKSACK,162.0,24,10
72801C,S/4 ROSE PINK DINNER CANDLES,161.85,165,25
90040B,MURANO STYLE GLASS BRACELET BLACK,161.0,46,17
22889,NUMBER TILE VINTAGE FONT No ,160.38,145,8
23305,SET 4 PICNIC CUTLERY BLUEBERRY,159.9,82,9
22645,CERAMIC HEART CAKE MONEY BANK,159.6,120,5
85185C,COW  SOCK PUPPET,159.3,54,26
90162B,ANT SILVER LIME GREEN BOUDICCA RING,159.3,54,19
85165,CANDY PINK FRENCH BOUDOIR CLOCK,159.2,16,11
90125A,PINK BERTIE GLASS BEAD BAG CHARM,159.0,140,12
22864,MUG AND COASTER SET RED CIRCLES,158.76,378,2
90019A,SILVER M.O.P ORBIT BRACELET,158.4,32,17
21193,WHITE HONEYCOMB PAPER FAN ,158.36,84,14
16012,FOOD/DRINK SPUNGE STICKERS,158.19,759,20
22853,ENAMEL CAT BOWL CREAM,157.8,52,3
23545,WRAP RED DOILEY,157.5,375,15
16156L,WRAP CAROUSEL,157.5,375,14
90155,RESIN NECKLACE W PASTEL BEADS,157.5,21,12
10123G,ARMY CAMO WRAPPING TAPE,157.18,2246,12
16054,POPART RECT PENCIL SHARPENER ASST,156.9,1205,37
23143,ZINC WIRE KITCHEN ORGANISER,156.8,25,12
79030D,TUMBLER BAROQUE,156.78,402,25
23468,TUSCAN VILLA BIRD TABLE ,156.75,19,11
17178,FLAT PALM T-LIGHT HOLDER,156.65,133,24
84926C,FAIRY CAKES TILE COASTER,156.25,125,19
84531B,BLUE KNITTED EGG COSY,155.60999999999999,187,38
85123A,CREAM HANGING HEART T-LIGHT HOLDER,155.35,57,7
23416,CHAMBRE HOOK,155.07,123,18
21031,SPACE CADET BLACK,154.91,126,25
22587,"FELTCRAFT HAIRBAND, S/2, RED/BLUE",154.68,204,6
82585,SWEET VALENCIA CANDLE+CUP,154.63,131,21
90013A,MIDNIGHT BLUE VINTAGE EARRINGS,153.75,41,10
84855,BLOKEY SILVER TOOL SET,153.45000000000002,31,11
72140E,BEST DAD CANDLE LETTERS,153.35999999999999,216,27
84029D,LEOPARD PRINT HOT WATER BOTTLE,153.3,46,12
90063A,WHITE VINT ART DECO CRYSTAL NECKLAC,153.0,18,10
90185A,AMBER DIAMANTE EXPANDABLE RING,153.0,36,9
21226,POCKET MIRROR WOODLAND,152.5,122,20
22289,HANGING METAL CHICKEN DECORATION,152.5,122,19
23484,HEART TRELLISTRIPLE T-LIGHT HOLDER,152.24,56,5
48175,DOOR MAT CAMOUFLAGE,152.0,38,1
72801D,S/4 SKY BLUE DINNER CANDLES,151.85,157,25
84531A,PINK KNITTED EGG COSY,151.70999999999998,181,38
22536,MAGIC DRAWING SLATE FIDO,151.2,360,8
16202E,BLACK PHOTO ALBUM ,150.6,81,13
79161A,ST GEORGE SET OF 10 PARTY LIGHTS,150.45000000000002,51,16
90098,NECKLACE+BRACELET PINK BUTTERFLY,150.45,59,23
17107D,FLOWER FAIRY 5 DRAWER LINERS,150.45,59,20
90093,CLEAR CRYSTAL STAR PHONE CHARM,150.44,200,18
21461,BLUE EASTER EGG HUNT START POST,150.15,77,19
82093,HEART SHAPE BUTTON FRAME ,150.0,100,7
17011A,ORIGAMI VANILLA INCENSE+FLOWER ,150.0,254,6
21310,CAPIZ CHANDELIER,149.75,5,3
84452,METAL RABBIT LADDER EASTER ,149.6,176,26
23256,KIDS CUTLERY SPACEBOY ,149.4,36,8
23254,KIDS CUTLERY DOLLY GIRL ,149.4,36,8
23196,RETRO LEAVES MAGNETIC NOTEPAD,149.35,103,17
17108D,FLOWER FAIRY SUMMER BOUQUET SACHET,149.1,355,23
90016A,SILVER/M.O.P PENDANT ORBIT NECKLACE,148.75,22,9
90000A,RASPBERRY ANT COPPER FLOWER NECKLAC,148.75,25,14
90000D,COPPER/OLIVE GREEN FLOWER NECKLACE,148.75,25,13
40001, WHITE BAMBOO RIBS LAMPSHADE,148.26,210,7
90129C,GREEN GLASS TASSLE BAG CHARM,147.5,50,17
84720,DOT MATRIX CANVAS ART PICTURE,147.05,35,3
84510C,SET OF 4 POLKADOT COASTERS,146.17,115,38
20796,SMALL BLUE PROVENCAL CERAMIC BALL,145.2,88,13
20672,PINK TEATIME PRINT BOWL,145.0,116,22
84313A,PINK TV TRAY TABLE ,144.5,34,16
47518F,ICON PLACEMAT POP ART ELVIS,144.3,900,31
35610B,BLACK CHRISTMAS FLOCK DROPLET ,144.07,179,13
85095,THREE CANVAS LUGGAGE TAGS,143.85999999999999,90,11
90048,GREEN WITH METAL BAG CHARM,143.55,29,6
47591A,CAROUSEL DES CHILD'S APRON,143.54999999999998,87,33
23292,SPACE BOY CHILDRENS CUP,143.3,130,5
84564,6 SEGMENT COLOURED SNACK BOWL ,143.1,18,9
21353,SILVER SLEIGHBELL  WREATH,143.1,18,8
90036E,"FLOWER GLASS GARLD NECKL36""AMETHYST",143.1,18,11
82587,TEXRIO TOMATOES CANDLE+CUP,142.94,118,32
90123B,TURQUOISE HEART OF GLASS BRACELET,142.8,24,11
90123C,GREEN HEART OF GLASS BRACELET,142.8,24,9
35980C,REDWHITE STRIPE SCANDINAVIAN HEART ,142.5,375,28
22510,DOORSTOP RUSSIAN DOLL GINGHAM,142.5,38,22
84877A,PINK ROUND COMPACT MIRROR,142.5,46,14
82553,POP'S GREASY SPOON METAL SIGN,141.9,86,20
23694,PAISLEY PARK CARD,141.84,348,24
37422,WHITE WITH BLACK CATS BOWL,141.68,344,27
90186A,AMETHYST HOOP EARRING FLORAL LEAF,141.60000000000002,48,15
90018A,SILVER M.O.P ORBIT DROP EARRINGS,140.25,33,16
21003,ROSE DU SUD CUSHION COVER,139.7,22,11
23091,METAL HERB GERDEN CONTAINER,139.68,24,5
90124C,GREEN MURANO TWIST NECKLACE,139.29999999999998,14,8
90180B,PURPLE AMETHYST NECKLACE W TASSEL,139.29999999999998,14,10
20968,GREEN FLORAL FELTCRAFT SHOULDER BAG,138.75,37,14
84247E,PACK OF 12 CHRISTMAS FUN CARDS,138.65,47,13
22195,HEART MEASURING SPOONS LARGE,138.6,84,5
23304,SET 4 PICNIC CUTLERY CHERRY ,138.45,71,9
90086,CRYSTAL FROG PHONE CHARM,138.32999999999998,189,19
23417,BATHROOM HOOK,137.76,140,21
72754B,F FAIRY POTPOURRI CUSHIONS LAVENDER,137.54,170,8
90123D,WHITE HEART OF GLASS BRACELET,136.85000000000002,23,8
85026B,EAU DE NILE JEWELLED T-LIGHT HOLDER,136.85,161,20
22869,NUMBER TILE COTTAGE GARDEN 1,136.5,70,20
35824P,"HANGING FLOWERS+MIRROR,PINK",136.44,324,3
10120,DOGGY RUBBER,136.07999999999998,648,62
90214A,"LETTER ""A"" BLING KEY RING",135.71,127,45
90036B,"FLOWER GLASS GARLAND NECKL.36""GREEN",135.15,17,9
90002A,FLOWER BURST SILVER RING OPAL,135.0,36,14
20952,PORCELAIN CHERUB BELL SMALL,134.82,321,20
22870,NUMBER TILE COTTAGE GARDEN 2,134.54999999999998,69,17
21157,RED RETROSPOT WASHBAG,134.4,64,17
90081C,LILY BROOCH OLIVE COLOUR,133.65,27,13
84231,EASTER BUNNY WITH BASKET ON BACK,132.6,204,34
79192A,RETRO PLASTIC 70'S TRAY,132.5,106,30
84510C,SET OF 4 POLKADOTS COASTERS,132.45,109,29
45013,FOLDING SHOE TIDY,132.0,48,8
23066,SMALL JEWELLERY STAND,132.0,16,6
23465,TUSCAN VILLA BIRD FEEDER,132.0,16,8
23081,GREEN METAL BOX TOP SECRET,132.0,16,4
22344,PARTY PIZZA DISH PINK RETROSPOT,131.75,155,19
37467,PIG MUG IN TWO COLOUR DESIGNS,131.44,212,28
77079,DOLPHIN WINDMILL,131.44,62,11
90013C,GREEN VINTAGE EARRINGS ,131.25,35,10
84527,FLAMES SUNGLASSES PINK LENSES,131.25,71,19
48179,DOOR MAT SWEET HOME,131.25,28,6
90003D,CRYSTAL PAIR HEART HAIR SLIDES,131.25,35,15
82011A,"BATHROOM SCALES, TROPICAL BEACH",131.25,35,23
84555A,YELLOW VW BEETLE CERAMIC MONEY BOX,130.9,46,15
84925E,FLOWERS WALL THERMOMETER,130.05,75,3
20899,VINTAGE NOTEBOOK RED ROSE,129.8,44,12
17011D,ORIGAMI ROSE INCENSE+FLOWER,129.3,207,2
22241,"GARLAND , WOODEN  "" HAPPY EASTER""",128.75,103,9
20821,GOLDIE LOOKING MIRROR,128.70000000000002,26,10
84874B,BLUE TRAVEL FIRST AID KIT,128.7,78,28
37330,BIG POLKADOT MUG,128.33999999999997,78,5
16119,FUNKY GIRL ADDRESS BOOK,128.21,271,7
90175B,PINK GLASS CHUNKY CHARM BRACELET,127.8,15,7
72812,LARGE ZINC GLASS CANDLEHOLDER,127.68,55,10
22848,"BREAD BIN, DINER STYLE, PINK",127.6,8,3
90063B,BLACK VINT ART DEC CRYSTAL NECKLACE,127.5,15,9
90013D,PURPLE VINTAGE EARRINGS,127.5,34,8
84782B,BLACK 3 TIER GLASS PLATE STAND,127.5,10,6
85018C,S/6 PAPER BOXES CURIOUS IMAGES ,127.2,36,4
46137D,GREEN CHENILLE SHAGGY RUG,126.85,43,3
85179C,PINK BITTY LIGHT CHAIN,126.85,77,10
23303,SET 4 PICNIC CUTLERY FONDANT,126.75,65,6
23020,GLASS SONGBIRD STORAGE JAR,126.7,11,3
82607E,GLASS BONBON JAR. D'AMANDES,126.25,101,25
47593B,SCOTTIES DESIGN BABY BIB,126.25,101,17
84255B,ORANGE COCKTAIL GLASS LAMP,126.00000000000001,60,14
22882,NUMBER TILE VINTAGE FONT 3,125.89,91,25
23065,LARGE JEWELLERY STAND,125.0,10,4
84709A,SILVER OVAL JEWELLED MIRROR,124.95,21,11
84622,PINK GINGHAM ROSE CUSHION COVER,124.95,21,7
35816P,"ACRYLIC JEWEL ANGEL,PINK",124.88,292,7
10080,GROOVY CACTUS INFLATABLE,124.60999999999999,303,26
84661C,PINK SQUARE TABLE CLOCK,124.55000000000001,137,12
71496A,A4 WALL TIDY BLUE OFFICE,124.44000000000001,228,8
90125D,PURPLE BERTIE GLASS BEAD BAG CHARM,124.2,102,11
84927A,WAKE UP COCKEREL TILE HOOK,124.17,218,25
90162C,ANT SILVER FUSCHIA BOUDICCA RING,123.90000000000002,42,16
22359,"GLASS JAR, KINGS CHOICE SOAP",123.9,42,8
85185B,PINK HORSE SOCK PUPPET KIT,123.9,42,14
35015,JACOBS LADDER SMALL,123.84,2064,38
17191A,ROSE FLOWER CANDLE+INCENSE 16X16CM,123.75,33,12
20816,GOLD FLOWER CUSHION COVER ,123.6,24,7
22850,BREAD BIN DINER STYLE BLACK,123.6,8,1
84228,HEN HOUSE W CHICK STANDING,123.36,308,20
84559D,3D SHEET OF SEA WORLD STICKERS,123.25,145,29
21087,SET/6 POSIES PAPER CUPS,123.22,220,20
23454,SET OF 3 MINI HANGING PORTRAITS,123.2,32,2
22869,"NUMBER TILE COTTAGE GARDEN, 1",122.85,63,7
23457,LARGE PARLOUR FRAME,122.85,27,2
22832,SWEETHEART WIRE WALL TIDY,122.6,12,3
84367,LA STREGA CANVAS PICTURE ,122.55000000000001,73,7
79308B,MOSAIC CANDLE DISH BLUE PURPLE,122.4,144,2
16168S,FUNKY MONKEY GIFT BAG SMALL,121.86,1274,7
79532,MOSAIC GLASS BALL CANDLEHOLDER,121.25,97,18
22534,MAGIC SLATE SPACEBOY ,120.96000000000001,288,6
22535,MAGIC SLATE BUNNIES AT HOME ,120.96000000000001,288,6
22536,MAGIC SLATE FIDO,120.96000000000001,288,6
23438,GIFT BAG LARGE SPOT ,120.0,96,6
84509F,NEW ENGLAND PLACEMATS,120.0,32,10
85166A,WHITE METAL BAROQUE PHOTO FRAME,120.0,72,8
35911B,PINK/FLOWER RABBIT EGG WARMER ,119.7,57,13
23463,VINTAGE ZINC WATERING CAN,119.39999999999999,12,7
84656,WHITE ROSE C/COVER,119.0,20,12
90151,SILVER/NATURAL SHELL NECKLACE,119.0,14,7
23359,SET OF 12 T-LIGHTS VINTAGE DOILEY,118.94999999999999,61,6
23280,FOLDING MIRROR HOT PINK ,118.92000000000002,156,5
22972,CHILDRENS SPACEBOY MUG,118.80000000000001,72,5
21228,"POCKET MIRROR ""GLAMOROUS""",118.75,95,29
84872A,TEATIME FUNKY FLOWER BACKPACK FOR 2,118.65,7,6
35933,PINK STOCKING CHRISTMAS DECORATION,118.56,312,23
44242B,PINK FEATHERS CURTAIN,117.78,106,8
90214C,"LETTER ""C"" BLING KEY RING",117.53999999999999,114,35
35824C,"HANGING FLOWERS+MIRROR,CLEAR",117.05,235,8
23244,STORAGE TIN VINTAGE LEAF,117.0,60,7
22877,NUMBER TILE COTTAGE GARDEN 9,117.0,60,16
47593A,CAROUSEL PONIES BABY BIB,116.87,115,28
84858A,NATURAL RIVIERA HANDBAG,116.7,52,7
72038P,PRICE'S CANDLE PEACH,116.5,1050,9
16206B,RED PURSE WITH PINK HEART,116.4,96,16
90144,SILVER DROP EARRINGS WITH FLOWER,116.25,31,11
84751B,BLACK MEDIUM GLASS CAKE STAND,115.86,38,19
90030C,BROWN KUKUI COCONUT SEED NECKLACE,115.65,81,10
23209,LUNCH BAG VINTAGE DOILEY ,115.5,70,4
22878,NUMBER TILE COTTAGE GARDEN No,115.5,55,13
20848,ZINC HEART LATTICE CHARGER SMALL,115.05000000000001,39,12
22872,NUMBER TILE COTTAGE GARDEN 4,115.05,59,16
23185,FRENCH STYLE STORAGE JAR JAM,114.85,317,30
90214S,"LETTER ""S"" BLING KEY RING",114.75,111,35
90065A,WHITE VINTAGE CRYSTAL BRACELET,114.75,17,7
22885,NUMBER TILE VINTAGE FONT 6 ,114.19,85,16
23535,WALL ART BICYCLE SAFTEY ,114.15,21,3
46776D,WOVEN SUNSET CUSHION COVER ,113.85,23,9
22874,NUMBER TILE COTTAGE GARDEN 6,113.1,58,15
22877,"NUMBER TILE COTTAGE GARDEN, 9",113.1,58,4
85190,PINK FLOWER HANGING HEART ,113.05,133,14
82607C,GLASS BONBON JAR. SUPERFINES,112.5,90,21
84462,3 PINK HEN+CHICKS IN BASKET,112.35,99,13
44236,PINK/PURPLE CIRCLE CURTAIN,112.32000000000001,64,12
90214K,"LETTER ""K"" BLING KEY RING",112.25,109,45
20896,VINTAGE NOTEBOOK PINK FLOWER,112.10000000000001,38,13
71510,SQUARE METAL CANDLEHOLDER BASE,112.05,177,17
17014A,ORIGAMI VANILLA INCENSE CONES,111.81,247,9
21412,VINTAGE GOLD TINSEL REEL,111.3,233,42
22873,"NUMBER TILE COTTAGE GARDEN, 5",111.14999999999999,57,3
84288B,SET/2 BLUE  NOODLE BASKETS,111.14999999999999,57,21
84493,BLUE/PINK NEST STRIPE BOX,111.12,1142,5
90170,DAISY HAIR BAND,110.55000000000001,67,10
90024D,NEW BAROQUE B'FLY NECKLACE PINK,110.5,13,11
20693,FLORAL DINOSAUR GREEN,110.5,26,12
21004,ROSE DU SUD CHILDRENS APRON,110.5,26,15
78026,SEAGRASS S/3 SQU LAUNDRY BOX,110.0,11,1
23496,PANTRY KITCHEN THERMOMETER ,110.0,88,22
84886,BLUE METAL WALL SHELF,109.44999999999999,11,8
23578,SNACK TRAY RED GINGHAM,109.2,56,11
22868,"NUMBER TILE COTTAGE GARDEN, 0 ",109.19999999999999,56,2
22870,"NUMBER TILE COTTAGE GARDEN, 2",109.19999999999999,56,2
22871,"NUMBER TILE COTTAGE GARDEN, 3 ",109.19999999999999,56,2
22872,"NUMBER TILE COTTAGE GARDEN, 4",109.19999999999999,56,2
22876,"NUMBER TILE COTTAGE GARDEN, 8",109.19999999999999,56,2
22875,"NUMBER TILE COTTAGE GARDEN, 7",109.19999999999999,56,2
22874,"NUMBER TILE COTTAGE GARDEN, 6",109.19999999999999,56,2
72134,COLUMBIAN  CUBE CANDLE ,109.16,320,20
90129D,AMBER GLASS TASSLE BAG CHARM,109.15000000000002,37,12
90129E,PURPLE GLASS TASSLE BAG CHARM,109.15,37,10
90073,VINTAGE ENAMEL & CRYSTAL EARRINGS,108.9,22,7
90158,ST TROPEZ NECKLACE,108.9,22,11
90173,PAIR BUTTERFLY HAIR CLIPS,108.75,29,7
90199B,5 STRAND GLASS NECKLACE AMETHYST,107.94999999999999,17,12
90214L,"LETTER ""L"" BLING KEY RING",107.94,114,29
23041,PAPER LANTERN 6 POINT SNOW STAR,107.9,26,6
84899F,YELLOW PURPLE DAISY FELT PURSE KIT,107.5,86,23
22868,NUMBER TILE COTTAGE GARDEN 0 ,107.25,55,12
23455,SMALL PARLOUR FRAME,106.98000000000002,42,2
48103,DOORMAT KISS MY.......,106.58,22,2
71495B,CD WALL TIDY RED FLOWERS,106.56,288,12
22135,MINI LADLE LOVE HEART PINK,106.56,242,45
22881,NUMBER TILE VINTAGE FONT 2,106.39,81,14
90194,SILVER LARIAT BLACK STONE EARRINGS,106.25,25,14
23477,WOODLAND LARGE BLUE FELT HEART,106.25,85,8
90186B,CRYSTAL HOOP EARRING FLORAL LEAF,106.20000000000002,36,13
22445,PENCIL CASE GINGHAM FOREST,106.20000000000002,36,4
90108,BLUE BLOSSOM HAIR CLIP,106.05,101,13
22875,NUMBER TILE COTTAGE GARDEN 7,105.3,54,16
22433,WATERING CAN PINK BUNNY,105.3,54,5
17090D,VANILLA INCENSE 40 CONES IN TIN,105.2,88,28
79144B,PAINTED LIGHTBULB STAR+ MOON,105.17999999999999,259,40
23574,PACKING CHARGE,105.0,14,14
16169D,WRAP WINTER FOREST,105.0,250,9
84199,GLOW IN DARK DOLPHINS,104.79,511,62
84458,S/3 RABBIT FLOWER/EGG/CARROT ROPE,104.55,123,19
23151,ZINC SWEETHEART SOAP DISH,104.41,59,19
20698,LITTLE PINK MONSTER SOFT TOY,104.25,43,18
21118,SHOPPING BAG DOORSTOP,104.25,69,7
90049,IVORY GOLD METAL BAG CHARM,104.07,19,5
90206C,CRYSTAL DIAMANTE STAR BROOCH,103.95,21,11
84705B,FAIRY CAKES PHOTO FRAME,103.75,83,2
10138,ASSORTED COLOUR JUMBO PEN,103.74,247,16
35607A,PINK FLUFFY CHRISTMAS DECORATION,103.55,545,28
90036F,"FLOWER GLASS GARLD NECKL36""TURQUOIS",103.35000000000001,13,4
84679,CLASSICAL ROSE TABLE LAMP,103.3,14,4
84247H,PACK/12 DECOUPAGE CARD,103.25000000000001,35,14
90129F,RED GLASS TASSLE BAG CHARM,103.25000000000001,35,14
85185F,LION SOCK PUPPET,103.25000000000001,35,17
90129A,PINK GLASS TASSLE BAG CHARM ,103.25,35,15
72133,COLUMBIAN CANDLE RECTANGLE,102.87,99,27
35096B,RED VICTORIAN FABRIC HEART BOX,102.63,288,21
84613A,PINK NEW BAROQUE FLOCK CANDLESTICK,102.3,22,10
90024E,NEW BAROQUE B'FLY NECKLACE MONTANA,102.0,12,7
90030A,SPOTTED WHITE NATURAL SEED NECKLACE,101.75,77,8
84873A,FUNKY FLOWER PICNIC BAG FOR 4,101.69999999999999,6,5
84249A,"GREETING CARD,SQUARE, DOUGHNUTS",101.6,238,20
90040C,MURANO STYLE GLASS BRACELET GOLD,101.5,29,10
22876,NUMBER TILE COTTAGE GARDEN 8,101.39999999999999,52,11
22871,NUMBER TILE COTTAGE GARDEN 3 ,101.39999999999999,52,10
35910A,MULTICOLOUR EASTER RABBIT ,101.39999999999999,52,12
84921,CREAM AND PINK FLOWERS PONY ,101.25,27,14
16248B,BLUE HOLE PUNCH,101.25,81,12
90060F,FIRE POLISHED GLASS NECKL GREEN,101.15,17,7
21089,SET/6 GREEN SPRING PAPER CUPS,100.98,316,36
84549,CROCHET WHITE RABBIT KEYRING ,100.8,64,9
85050,FRENCH ENAMEL SOAP DISH WITH LID,100.8,48,1
72821,CUPID SCENTED CANDLE IN GLASS,100.65,61,14
22883,NUMBER TILE VINTAGE FONT 4,100.53999999999999,78,11
22884,NUMBER TILE VINTAGE FONT 5,100.53999999999999,78,18
75172,PAINTED SEA SHELL METAL WINDCHIME,100.31,97,11
90190B,GOLD/AMBER DROP EARRINGS W LEAF,100.30000000000001,34,6
72753C,S/3 FLWR FAIRY ROSE CANDLES,99.9,42,5
23465,TUSCAN VILLA FEEDING STATION,99.0,12,7
23466,TUSCAN VILLA DOVECOTE,99.0,12,4
23191,BUNDLE OF 3 RETRO EXERCISE BOOKS,99.0,60,5
22736,"RIBBON REEL, MAKING SNOWMEN ",99.0,60,5
84575A,PINK DOG CANNISTER,98.8,24,13
22873,NUMBER TILE COTTAGE GARDEN 5,97.5,50,15
16161G,WRAP BAD HAIR DAY,97.5,975,33
20957,PORCELAIN HANGING BELL SMALL,97.15,67,12
22812,PACK 3 BOXES CHRISTMAS PANETTONE,95.67,39,12
84951A,S/4 PISTACHIO LOVEBIRD COASTERS,95.39999999999999,68,5
17084J,LOVE POTION MASALA INCENSE,95.34,454,19
90199A,5 STRAND GLASS NECKLACE BLACK,95.25,15,9
90199D,5 STRAND GLASS NECKLACE AMBER,95.25,15,9
90211B,JET BLACK LAS VEGAS NECKLACE 45CM,95.2,16,8
48103,DOOR MAT KISS MY.......,95.15,13,8
84967A,PINK KASHMIRI OCCASIONAL TABLE,94.95,2,2
72606A,BROWN ANTIQUE CUBE CANDLE,94.92,226,18
90125C,TURQUOISE BERTIE GLASS BEAD CHARM,94.8,88,6
90214E,"LETTER ""E"" BLING KEY RING",94.75,95,33
72740A,LARGE STRAWBERRY CHOCOLATE CANDLE,94.7,56,5
20861,GOLD COSMETIC BAG PINK STAR,94.5,45,15
21241,GREEN POLKADOT CUP,94.35,111,10
90137,PINK COMBO MINI CRYSTALS NECKLACE,94.05000000000001,19,8
47593A,CAROUSEL DESIGN BABY BIB,93.75,75,14
23402,HOME SWEEET HOME 3 PEG HANGER ,93.75,25,4
90002C,FLOWER BURST SILVER RING MIDN'T BLU,93.75,25,11
90003C,MIDNIGHT BLUE PAIR HEART HAIR SLIDE,93.75,25,10
22432,WATERING CAN GREEN DINOSAUR,93.6,48,6
35610A,PINK CHRISTMAS FLOCK DROPLET ,92.82,138,8
17084A,TRANQUILITY MASALA INCENSE,92.82,442,18
22886,NUMBER TILE VINTAGE FONT 7,92.74,74,13
35966,FOLKART CHRISTMAS TREE T-LIGHT HOLD,92.72,244,20
47592B,SCOTTIES DESIGN CHILD'S OVERALL,92.4,44,17
84867A,PINK BABY GIRLS PHOTO ALBUM,92.25,15,3
21343,GOLD JEWELERY BOX,92.0,20,3
20697,LITTLE GREEN MONSTER SOFT TOY,91.49999999999999,38,19
20664,TROPICAL HOLIDAY PURSE ,91.45000000000002,31,16
90177D,DROP DIAMANTE EARRINGS PURPLE,91.45000000000002,31,10
23075,DOUBLE CERAMIC PARLOUR HOOK,91.30000000000001,22,5
90040D,MURANO STYLE GLASS BRACELET PINK,91.0,26,10
22880,NUMBER TILE VINTAGE FONT 1,90.78999999999999,73,13
22878,"NUMBER TILE COTTAGE GARDEN, No",90.3,43,3
90003B,ROSE COLOUR PAIR HEART HAIR SLIDES,90.0,24,9
90163A,PINK ROSEBUD & PEARL NECKLACE,90.0,12,5
90150,BLUE SHELL+SILVER NECKLACE,90.0,12,7
90214J,"LETTER ""J"" BLING KEY RING",89.73,81,30
17013C,ORIGAMI LAVENDER INCENSE IN TUBE,89.46000000000001,213,2
90023,FILIGREE DIAMANTE EARRINGS,89.25,21,11
84765,SILVER ROCOCO CANDELABRA,89.25,7,4
79191D,RETRO PLASTIC DAISY TRAY,89.25,105,31
90042C,FRESHWATER PEARL BRACELET IVORY,89.25,35,8
84437A,S/6 PINK EASTER DECS IN BOX,89.25,105,17
90156,RESIN BRACELET W PASTEL BEADS,89.10000000000001,18,7
90133,TEAL/FUSCHIA COL BEAD NECKLACE,89.1,18,7
84388,WISE MAN STAR SHAPE EGG PAN,89.03999999999999,70,22
20660,VIP LUGGAGE TAG ,88.75,71,26
21337,SILVER WASHBAG,88.50000000000001,30,9
84984D,ORIENTAL RED C/COVER ,88.2,20,5
35638A,PINK AND BLACK STRING CURTAIN,88.04999999999998,39,6
84721,MANHATTAN CANVAS ART PICTURE,87.8,20,2
90214M,"LETTER ""M"" BLING KEY RING",87.23,79,29
35822B,"ACRYLIC BEAD CHAIN, BLUE",87.02,229,1
90094,NECKLACE+BRACELET SET FRUIT SALAD ,86.69999999999999,34,21
71406C,BLACK ORANGE SQUEEZER,86.52,206,31
84424A,FOUR PICTURE WHITE GLASS FRAME,86.25,23,10
84465,15 PINK FLUFFY CHICKS IN BOX,85.55000000000001,29,20
90162A,ANT SILVER TURQUOISE BOUDICCA RING,85.55000000000001,29,10
90190C,SILVER/AMETHYST DROP EARRINGS LEAF,85.55000000000001,29,10
90164A,PINK ROSEBUD PEARL BRACELET,85.35,21,7
90026D,GLASS BEAD HOOP NECKLACE AMETHYST,85.0,10,8
22844,"DOG FOOD CONTAINER , VINTAGE",85.0,10,3
22887,NUMBER TILE VINTAGE FONT 8,84.94,70,13
17027A,INCENSE BAZAAR CANNABIS,84.84,228,2
46775B,BERRIES CHUNKY KNITTED THROW ,84.75,5,4
46775A,BUBBLE GUM CHUNKY KNITTED THROW ,84.75,5,4
35271S,GOLD PRINT PAPER BAG,84.17999999999999,414,18
90088,CRYSTAL KEY+LOCK PHONE CHARM,84.14999999999999,99,12
23456,MEDIUM PARLOUR FRAME ,84.1,22,2
72783,BLACK SIL'T SQU CANDLE PLATE ,84.0,40,7
90000B,MIDNIGHT BLUE COPPER FLOWER NECKLAC,83.30000000000001,14,9
23442,12 HANGING EGGS HAND PAINTED,83.2,40,7
37342,SPOTTY COFFEE CUP & SAUCER,82.60000000000001,28,6
90069,RUBY GLASS CLUSTER NECKLACE,82.5,11,5
90039D,FIRE POLISHED GLASS BRACELET GREEN,82.5,22,5
35838B,S/6 SILVER ORNAMENETAL CANDLE,82.45,97,22
35913B,WHITE/PINK CHICK EASTER DECORATION,82.45,97,19
21699,SET 5 MINI CHOCOLATE FRIDGE MAGNETS,82.44,108,3
16051,TEATIME PENCIL W STAMP ASST,82.2,938,3
35609A,PINK FEATHER CHRISTMAS DECORATION,82.19,427,18
22566,"FELTCRAFT HAIRBAND S/2, PINK/PURPLE",81.6,96,8
22579,WOODEN TREE CHRISTMAS SCANDISPOT,81.6,96,3
72779,SET/6 BLACK ROSE T-LIGHT CANDLES,81.12,48,15
16011, ANIMAL STICKERS,80.85,385,12
90121B,VINTAGE ROSE BEAD BRACELET BLUE,80.75,19,9
90164B,WHITE  ROSEBUD PEARL BRACELET,80.7,30,8
22531,MAGIC SLATE CIRCUS PARADE  ,80.64,192,4
22530,MAGIC SLATE DOLLY GIRL ,80.64,192,4
17011E,ORIGAMI OPIUM SCENT INCENSE+FLOWER,80.60000000000001,124,1
90040A,MURANO STYLE GLASS BRACELET RED,80.5,23,10
90166,PINK & WHITE ROSEBUD RING,80.15,19,11
23370,SET 36 COLOUR PENCILS DOILEY,80.0,64,3
47592A,CAROUSEL CHILDRENS OVERALL,79.8,38,4
84795E,RIO PINK STRIPE HAMMOCK,79.5,10,5
23464,VINTAGE ZINC WATERING CAN SMALL,79.2,16,6
22649,STRAWBERRY CAKE TEAPOT,79.2,16,4
90115,SUMMER BUTTERFLIES BAG CHARM,79.05,31,11
90096,NECKLACE+BRACELET SET BLUE BLOSSOM,79.05,31,11
37471,MULTICOLOUR POLKADOT PLATE,78.60000000000001,696,2
35931,PINK STAR CHRISTMAS DECORATION,78.11999999999999,156,15
84596I,WRAP SWEETS LIGHT PINK SMALL BOWL,78.11,71,9
35265,COLOURFUL FLOWER FRUIT BOWL,78.05,20,15
71495A,CD WALL TIDY BLUE OFFICE,77.94000000000001,213,9
84914A,PINK ROSE PICNIC RUG,77.85,3,2
23497,CLASSIC CROME BICYCLE BELL ,77.4,60,2
84614A,PINK BAROQUE FLOCK CANDLE HOLDER,77.35000000000001,13,7
21450,DISTRESSED CANDLE STICK WHITE,77.35,13,3
90092,BLUE CRYSTAL BOOT PHONE CHARM,77.35,91,7
22888,NUMBER TILE VINTAGE FONT 9 ,77.14,66,10
90183A,AMBER DROP EARRINGS W LONG BEADS,76.70000000000002,26,6
90202D,PINK ENAMEL FLOWER HAIR TIE,76.70000000000002,26,5
90162D,ANT SILVER PURPLE BOUDICCA RING,76.7,26,11
84923,PINK BUTTERFLY HANDBAG W BOBBLES,76.5,9,5
84617, NEW BAROQUE BLACK BOXES,76.5,6,3
90028,NEW BAROQUE LARGE NECKLACE BLK/WHIT,76.5,9,5
90024B,NEW BAROQUE B'FLY NECKLACE RED,76.5,9,6
35815P,"ACRYLIC JEWEL SNOWFLAKE, PINK",75.88,168,7
23467,VINTAGE ZINC PLANTER  ,75.66999999999999,23,5
62043B,BLUE CHECK BAG W HANDLE 34X20CM,75.16000000000001,54,10
90013B,BLACK VINTAGE EARRINGS,75.0,20,5
16161E,WRAP BOUDOIR ,75.0,750,9
23061,VINTAGE ENGRAVED HEART,75.0,60,4
84030C,KNITTED RAINBOW HOT WATER BOTTLE,75.0,20,5
37399,"ASS RETROSPOOF MUGS,SPORTS",75.0,143,6
90176D,DIAMANTE NECKLACE PURPLE,75.0,10,6
84757,ENCHANTED GARDEN WROUGHT IRON TABLE,74.75,5,4
23068,ALUMINIUM HEART,74.7,30,6
23044,PAPER LANTERN 9 POINT HOLLY STAR 23,74.7,18,5
90116,FRUIT SALAD BAG CHARM,74.36,44,11
46138B,BLUE CHENILLE SHAGGY CUSHION COVER ,74.35,59,19
22068, BLACK PIRATE TREASURE CHEST,74.25,45,13
90099,NECKLACE+BRACELET SET BLUE HIBISCUS,73.94999999999999,29,17
35610C,WHITE CHRISTMAS FLOCK DROPLET ,73.91,91,6
90067A,PINK VINTAGE VICTORIAN EARRINGS,73.75000000000001,25,8
84593,CROCHET ROSE DES CLOTHES HANGER,73.75,25,7
15030,FAN BLACK FRAME ,73.66,254,26
79331,PINK FLOCK GLASS CANDLEHOLDER,73.60000000000001,60,9
90112,PINK DOLLY HAIR CLIPS,73.5,70,15
20622,VIP PASSPORT COVER ,73.5,35,11
22416,SET OF 36 SPACEBOY PAPER DOILIES,72.5,50,7
84427B,BLACK GLASS TV DOUBLE P/FRAME 15X10,72.25,17,5
35916C,PINK FELT HANGING HEART W FLOWER,72.25,85,9
84454,WOBBLING METAL CHICKEN EASTER,72.25,85,13
84753A,PINK EAU DE COLOGNE BOTTLE,72.25,85,15
37471,MULTICOLOUR DOTS PLATE,71.80000000000001,688,2
35937,CERISE+GOLD CHRISTMAS STOCKING DEC,71.44,188,17
17007B,S/3 POT POURI CUSHIONS BLUE COLOURS,71.4,34,6
37509,NEW ENGLAND MUG W GIFT BOX,71.39999999999999,28,14
84925C,FAIRY CAKES  WALL THERMOMETER,71.39999999999999,28,10
22879,NUMBER TILE VINTAGE FONT 0,71.29,63,9
16256C,HEARTS PENCIL/RUBBER+5 MINI PENCILS,70.98,169,10
84086B,YELLOW/BLUE RETRO RADIO,70.80000000000001,24,12
22346,PARTY PIZZA DISH GREEN RETROSPOT,70.55,83,14
37479P,CUBIC MUG FLOCK PINK ON BROWN,70.35,125,22
90005A,JADE GREEN ENAMEL HAIR COMB,70.2,36,7
16020C,CLEAR STATIONERY BOX SET ,69.69999999999999,82,24
84918,CREAM C/COVER W YELLOW/GREEN FLOWER,69.5,10,3
81952V,ROUND PURPLE CLOCK WITH SUCKER,69.35,365,24
72140F,HAPPY ANNIVERSARY CANDLE LETTERS,69.18,175,14
23040,PAPER LANTERN 9 POINT SNOW STAR,69.0,12,4
81952V,ROUND PURPLE CLOCK W/SUCKER,68.9,86,10
90042A,FRESHWATER PEARL BRACELET GOLD,68.85,27,7
90205C,LARGE CRYSTAL DIAMANTE HAIRSLIDE,68.7,46,5
84251G,"GREETING CARD, OVERCROWDED POOL.",68.39999999999999,360,34
79144C,PAINTED LIGHTBULB RAINBOW DESIGN,68.22,171,23
71215,METAL BASE FOR CANDLES,68.1,177,12
90026A,GLASS BEAD HOOP NECKLACE BLACK,68.0,8,6
90018B,GOLD M.O.P ORBIT DROP EARRINGS,68.0,16,10
84857A,SILVER MONTE CARLO HANDBAG,68.0,8,3
84425A,WHITE GLASS TV TRIPLE FRAME,68.0,16,8
81950B,FLOWER BLUE CLOCK W/SUCKER,68.0,80,15
90001D,ANTIQUE OLIVE GREEN FLOWER EARRINGS,68.0,16,7
84510E,SET OF 4 GREEN CAROUSEL COASTERS,67.8,128,13
47369B,BLUE GREEN EMBROIDERY COSMETIC BAG,67.74000000000001,22,10
84548,CROCHET BEAR RED/BLUE  KEYRING,67.64999999999999,41,12
84803B,WHITE ALLIUM  ARTIFICIAL FLOWER,67.6,40,10
90072,RUBY DROP CHANDELIER EARRINGS,67.5,18,5
90038A,GLASS AND PAINTED BEADS BRACELET TO,67.5,18,4
47341B,BLUE TABLE RUN FLOWER,67.5,48,14
90002B,FLOWER BURST SILVER RING ROSE,67.5,18,7
84926B,SCOTTS ROSES TILE COASTER,67.5,54,10
47420,ASSORTED COLOUR SUCTION CUP HOOK,67.26,354,29
35819P,"ACRYLIC HANGING JEWEL,PINK",66.55,95,7
84455,SET OF 3 RABBIT CARROTS EASTER,66.3,78,16
71143,SILVER BOOK MARK WITH BEADS,66.3,78,13
40002,WHITE BAMBOO RIBS LAMPSHADE,66.3,78,1
72369A,PINK CLEAR GLASS CANDLE PLATE,66.25,53,8
90089,PINK CRYSTAL SKULL PHONE CHARM,66.22,88,11
85072,OCCASIONS GIFT CARD ASSORTMENT,66.0,120,1
47598,NEW ENGLAND EGG WARMER,66.0,120,23
79329,PINK FLOCK GLASS CANDLEHOLDER,65.94,100,7
90060D,FIRE POLISHED GLASS NECKL BRONZE,65.45,11,7
84705A,ENGLISH ROSE PHOTO FRAME ,65.10000000000001,14,7
47016,LIGHT DECORATION BATTERY OPERATED,65.10000000000001,31,5
20835,FRENCH LATTICE CUSHION COVER ,64.98,78,8
47369A,PINK GREEN EMBROIDERY COSMETIC BAG,64.9,22,10
23235,BISCUIT TIN VINTAGE LEAF,64.56,24,3
90056,CHUNKY CRACKED GLAZE NECKLACE IVORY,64.5,6,1
90046,WHITE WITH METAL BAG CHARM,64.35,13,7
79534,MULTICOLOUR GLASS PLATE,63.800000000000004,116,16
23253,16 PC CUTLERY SET PANTRY DESIGN,63.8,4,1
20791,BLUE TILED SET OF 3 DRAWERS,63.75,5,1
85018B,S/6 PAPER BOXES BLOSSOM IMAGES ,63.75,15,10
85018A,S/6 PAPER BOXES ROMANTIC IMAGES,63.75,15,10
84617,NEW BAROQUE BLACK BOXES,63.75,5,4
90064B,BLACK VINTAGE  CRYSTAL EARRINGS,63.75,17,9
22845,"CAT FOOD CONTAINER , VINTAGE",63.5,10,3
21489,BLUE WHITE SCARF HOT WATER BOTTLE,63.2,16,6
22987,"WRAP , SUMMER ROSE DESIGN",63.0,150,6
72709,IVORY SCULPTED RND CANDLE ,62.89999999999999,74,13
90131,PINK/AMETHYST/GOLD NECKLACE,62.55,9,4
90214G,"LETTER ""G"" BLING KEY RING",62.25,69,21
47348A,FUSCHIA VOILE POINTY SHOE DEC,62.01,103,16
20667,CHERRY BLOSSOM PURSE,61.95,21,9
17136A,BLUE STONES ON WIRE FOR CANDLE,61.78,743,34
16151A,FLOWERS HANDBAG blue and orange,61.25,49,3
23541,"WALL ART ,PUDDINGS ",61.2,8,2
22578,WOODEN STAR CHRISTMAS SCANDISPOT,61.2,72,2
22565,FELTCRAFT HAIRBANDS PINK + WHITE ,61.199999999999996,72,6
22949,SET OF 36 DOLLY GIRL PAPER DOILIES,60.9,42,12
22537,MAGIC SLATE DINOSAUR,60.480000000000004,144,3
84984B,RED PEONY DES C/COVER ,60.45,13,6
90204,PAIR OF ENAMEL BUTTERFLY HAIRCLIP,60.300000000000004,18,9
22409,TIN CAN BISCUITS DESIGN,60.0,48,4
90212B,JET BLACK LAS VEGAS BRACELET ROUND,60.0,16,7
22619, SET Of 6 SOLDIER SKITTLES,60.0,16,3
90189A,SILVER 2 STRAND NECKLACE-LEAF CHARM,60.0,8,5
90078,PINK/WHITE GLASS DEMI CHOKER,60.0,8,4
90176C,DIAMANTE NECKLACE,60.0,8,4
22953,BIRTHDAY BANNER TAPE,60.0,48,3
90021,LASER CUT MULTI STRAND NECKLACE,59.75,5,4
90179C,BLACK FINE BEAD NECKLACE W TASSEL,59.5,10,7
90018C,SILVER BLACK ORBIT DROP EARRINGS,59.5,14,7
90026C,GLASS BEAD HOOP NECKLACE GREEN,59.5,7,5
90026B,GLASS BEAD HOOP NECKLACE MONTANA,59.5,7,6
35654,VINTAGE BEAD FILLED PINK CUSHION,59.400000000000006,12,5
22329,ROUND FOOD CONTAINER S/5 RETROSPOT,59.400000000000006,36,3
22973,CHILDRENS CIRCUS PARADE MUG,59.400000000000006,36,3
23537,I LOVE LONDON WALL ART,59.400000000000006,12,2
23325,RUSTIC STRAWBERRY JAMPOT SMALL,59.400000000000006,36,3
22069, BROWN  PIRATE TREASURE CHEST ,59.4,36,7
84251F,"GREETING CARD, RITA",59.279999999999994,312,31
72051S,BAG OF SILVER STONES,59.22,141,19
35909A,RABBIT EASTER DECORATION,59.00000000000001,20,5
22903,CALENDAR FAMILY FAVORITES,59.0,20,4
35607B,BLACK FEATHER CHRISTMAS DECORATION,58.900000000000006,310,16
35973,GERANIUM FOLKART HEART DECORATION,58.75,47,12
90037B,TINY CRYSTAL BRACELET GREEN,58.650000000000006,23,5
81985A,"ICON ALARM CLOCK,FUSCHIA  PIN UP",58.65,23,7
85023C,PINK LARGE JEWELED PHOTOFRAME,58.64999999999999,23,11
90214D,"LETTER ""D"" BLING KEY RING",58.21,65,19
23306,SET OF 36 PANTRY PAPER DOILIES,58.019999999999996,39,14
35594,WOODEN CHRISTMAS TREE 3 HANGING,57.96,138,21
44241C,BLUE BUTTERFLY ON SPRING,57.8,68,7
35821B,"JEWELLED DECORATION,BLUE",57.0,150,3
79051A,SMOKEY GREY COLOUR GLASS,56.83999999999999,196,11
84226,HEN HOUSE W FAMILY IN BARN & NEST,56.61,75,17
17129C,SKY BLUE COLOUR GLASS GEMS IN BAG,56.28,84,10
84875A,PINK SQUARE COMPACT MIRROR,56.25,15,11
90002E,FLOWER BURST SILVER RING GREEN,56.25,15,8
47344B,BLUE FLOWER DES PURSE,56.16,54,10
35817B,"ACRYLIC JEWEL SNOWFLAKE,BLUE",56.129999999999995,142,2
90100,NECKLACE+BRACELET SET PINK DAISY,56.1,22,9
85023A,CRYSTAL LARGE JEWELLED PHOTO FRAME,56.099999999999994,22,10
35001B,HAND OPEN SHAPE BLACK,55.84,16,5
85080,PADDED RED HEART DECORATION,55.76,113,22
84562B,BLUE/WHITE RIBBED MELAMINE JUG,55.650000000000006,7,5
84891B,GREEN WIRE GOBLET CANDLEHOLDER,55.65,7,5
85151,WELCOME METAL SIGN,55.0,44,8
90043,COPPER AND BRASS BAG CHARM,54.510000000000005,10,6
90138,WHITE/PINK MINI CRYSTALS NECKLACE,54.45,11,5
20820,SILVER LOOKING MIRROR,54.45,11,8
90019B,GOLD M.O.P ORBIT BRACELET,54.45,11,7
84539,KNITTED RABBIT DOLL ,54.449999999999996,33,9
90084,PINK CRYSTAL GUITAR PHONE CHARM,54.4,64,9
46115B,GREEN POP ART MAO CUSHION COVER ,54.34,286,22
90065B,BLACK VINT ART DEC CRYSTAL BRACELET,54.0,8,6
23389,SPACEBOY MINI RUCKSACK,53.95,13,4
79406,FROSTED WHITE BASE ,53.900000000000006,245,15
21379, CAMPHOR WOOD PORTOBELLO MUSHROOM,53.75,43,7
90211A,DIAMOND LAS VEGAS NECKLACE 45CM,53.550000000000004,9,5
22252,BIRDCAGE DECORATION MAGIC GARDEN,53.55,21,3
90168,2 DAISIES HAIR COMB,53.10000000000001,18,3
90130A,WHITE STONE/CRYSTAL EARRINGS,53.10000000000001,18,6
90190A,SILVER/CRYSTAL DROP EARRINGS W LEAF,53.10000000000001,18,8
35816B,"ACRYLIC JEWEL ANGEL,BLUE",52.93,137,2
35910B,PINK FLOWERS RABBIT EASTER,52.65,27,6
90214R,"LETTER ""R"" BLING KEY RING",52.519999999999996,52,19
84845C,CARNATION SQUARE HANDY TIN,52.5,42,14
90039C,FIRE POLISHED GLASS BRACELET BLACK,52.5,14,3
23035,DOORKNOB CERAMIC IVORY,52.2,36,1
23196,RETO LEAVES MAGNETIC SHOPPING LIST,52.199999999999996,36,3
78027,SEAGRASS S/2 CORNER LAUNDRY ,51.9,4,3
84845D,GERANIUM SQUARE HANDY TIN,51.25,41,11
84402B,PURPLE DRESS JEWELLERY STAND,51.14,62,4
90016C,SILVER/BLACK PENDANT ORBIT NECKLACE,51.0,6,4
90024C,NEW BAROQUE B'FLY NECKLACE GREEN,51.0,6,5
84968B,SET OF 16 VINTAGE IVORY CUTLERY,51.0,4,4
35840,FLAT GLASS  BAUBLE WHITE FLOCK ,51.0,36,5
90165B,WHITE ROSEBUD  PEARL EARRINGS,51.0,20,6
20964,POLYESTER FILLER PAD 60x40cm,51.0,20,6
90020,FILIGREE DIAMANTE CHAIN,51.0,4,2
84612B,SET/4 BLACK  BAROQUE FLOCK COASTER,51.0,20,4
85069,CREAM SWEETHEART DOUBLE SHELF,50.85,3,1
22846,"BREAD BIN, DINER STYLE, RED ",50.849999999999994,3,2
20958,PORCELAIN HANGING BELL LARGE,50.7,26,9
72083A,STRAWBERY SWIRL FLARE CANDLE,50.400000000000006,24,7
22657,HEN & 2 CHICKS IN BASKET,50.15,59,7
90125B,AQUA BERTIE GLASS BEAD BAG CHARM,50.099999999999994,31,6
90214H,"LETTER ""H"" BLING KEY RING",50.019999999999996,50,23
72817,SET/2 CHRISTMAS DECOUPAGE CANDLES,50.0,40,6
37462B,"PET MUG, BUDGIE",49.980000000000004,119,5
23197,VEGETABLE MAGNETIC  SHOPPING LIST,49.8,36,3
90206A,GOLD DIAMANTE STAR BROOCH,49.5,10,6
90142D,MOP PENDANT SHELL NECKLACE,49.5,10,4
23413,DECROTIVEVINTAGE COFFEE GRINDER BOX,49.5,10,4
90019C,SILVER BLACK ORBIT BRACELET,49.5,10,7
90079,VINTAGE ENAMEL & CRYSTAL NECKLACE,49.5,10,5
23015,CORDIAL JUG,49.5,6,2
84537B,FAIRY CAKES GIFT BAG,49.14,117,11
90214N,"LETTER ""N"" BLING KEY RING",48.769999999999996,49,18
90038C,GLASS AND BEADS BRACELET IVORY,48.75,13,3
90039B,FIRE POLISHED GLASS BRACELET MONTAN,48.75,13,3
90212C,PURPLE LAS VEGAS BRACELET ROUND,48.75,13,5
90051,CRACKED GLAZE NECKLACE RED,48.65,7,4
22889,"NUMBER TILE VINTAGE FONT, No ",48.6,22,2
90214P,"LETTER ""P"" BLING KEY RING",48.5,58,18
90104,PURPLE FRANGIPANI HAIRCLIP,48.449999999999996,57,11
72771B,BURG FLOCK GOLD CUP/CANDLE ,48.3,115,6
72812,LARGE ZINC/GLASS CANDLEHOLDER,48.3,23,6
90031,BILI NUT AND WOOD NECKLACE,48.0,48,5
84608,ORNATE EDWARDIAN CANDLE HOLDER,47.7,6,4
84599,CANDY STRIPE ROSE FLOOR CUSHION,47.7,6,2
90179A,AMBER FINE BEAD NECKLACE W TASSEL,47.6,8,5
23539,"WALL ART , LOVES' SECRET ",47.6,8,2
21347,GOTHIC CARRIAGE LANTERN,47.6,8,4
22344,PARTY PIZZA DISH PINK WHITE SPOT ,47.599999999999994,56,10
72129,COLUMBIAN CANDLE ROUND ,47.45,73,17
90214B,"LETTER ""B"" BLING KEY RING",47.23,47,16
20895,VINTAGE NOTEBOOK FRENCH LETTER ,47.20000000000001,16,4
35909B,PINK FLOWERS RABBIT EASTER,47.2,16,6
90177C,DROP DIAMANTE EARRINGS CRYSTAL,47.2,16,6
84227,HEN HOUSE W CHICK IN NEST,47.04,112,13
35603C,SET/16 WHITE SHINY & MATT BAUBLES,47.04,80,22
84857B,BLUE MONTE CARLO HANDBAG,46.8,24,1
20988,TRELLIS FLOWER CHOPSTICKS SET/5,46.8,24,9
16201B,PASTEL BLUE PHOTO ALBUM,46.8,24,2
84582,PINK CROCHET CAT WITH SCARF,46.75,11,9
84984A,GREEN PEONY DES C/COVER,46.5,10,4
84705D,CHERRY BLOSSOM PHOTO FRAME ,46.5,10,3
47341A,FUSCHIA TABLE RUN FLOWER ,46.25,29,7
23107,WHITE WIRE PLANT POT HOLDER,46.24,16,2
23047,PAPER LANTERN 5 POINT STUDDED STAR,46.0,8,4
84626,CANDY STRIPE ROSE QUILT,45.95,1,1
22604,SET OF 4 NAPKIN CHARM CUTLERY,45.900000000000006,18,3
84907,PINK/YELLOW PATCH CUSHION COVER,45.9,6,3
90037A,TINY CRYSTAL BRACELET RED,45.9,18,4
72024U,LILAC VOTIVE CANDLE,45.78,218,10
90012B,BLACK DROP CRYSTAL NECKLACE,45.35000000000001,13,3
22406,TIN CAN KINGS CHOICE DESIGN,45.0,36,3
22347,PIZZA DISH SLICE ,45.0,36,2
16161C,WRAP SPEED DEMONS ,45.0,450,2
84746,PINK EASTER HENS+FLOWER,45.0,12,8
21685,MEDINA STAMPED METAL TRAY ,44.849999999999994,3,2
90074,BLACK DIAMOND CLUSTER NECKLACE,44.75,5,4
90197D,AMBER GLASS BRACELET HEART CHARMS,44.550000000000004,9,4
90135A,ORANGE/FUSCHIA STONES NECKLACE,44.550000000000004,9,2
85081,PADDED HOLLY CHRISTMAS DECORATION ,44.49,100,20
84586L,"PINK ROSES/GINGHAM PATCH RABBIT 8""",44.25000000000001,15,9
90130B,TURQ STONE/CRYSTAL EARRINGS,44.25000000000001,15,4
90177B,DROP DIAMANTE EARRINGS BLACK DIAMON,44.25,15,5
35085E,IVORY ROSE LAMPSHADE ,44.25,39,9
84447,6 RABBIT CHAIN EASTER,44.199999999999996,52,7
84251B,"GREETING CARD, STICKY GORDON",43.88999999999999,231,22
84292B,BLUE COL METAL FOLDING CHAIR,43.85,7,4
84899E,YELLOW + BROWN BEAR FELT PURSE KIT,43.75,35,11
79063C,"RETRO PILL BOX KEY CHAIN,THE KING",43.65,235,14
90037C,TINY CRYSTAL BRACELET BLUE,43.35,17,4
90101,WHITE FRANGIPANI NECKLACE,43.35,17,5
18097A,PINK TALL PORCELAIN T-LIGHT HOLDER ,43.349999999999994,17,12
35916A,YELLOW FELT HANGING HEART W FLOWER,43.349999999999994,51,7
35822P,"ACRYLIC BEAD CHAIN, PINK",43.32,114,1
79026B,"S/4 ICON COASTER,ELVIS LIVES",43.11,51,22
90059D,DIAMANTE HAIR GRIP PACK/2 PERIDOT,42.900000000000006,26,5
72796B,S/3 FRENCH VANILLA SQU CANDLE,42.9,26,11
90214I,"LETTER ""I"" BLING KEY RING",42.519999999999996,44,12
90024A,NEW BAROQUE B'FLY NECKLACE BLACK,42.5,5,4
72724,SET/6 CHRISTMAS ICICLE T-LIGHTS,42.5,34,9
90214T,"LETTER ""T"" BLING KEY RING",42.23,43,12
23231,WRAP  VINTAGE DOILEY ,42.0,100,2
22987,WRAP SUMMER ROSE DESIGN,42.0,100,4
84984C,ORIENTAL BLUE C/COVER ,41.85,9,5
84919,L BLUE C/COVER W PINK/YELLOW FLOWER,41.7,6,2
90050,CRACKED GLAZE NECKLACE IVORY,41.7,6,2
90152C,BLUE/NAT SHELL NECKLACE W PENDANT,41.650000000000006,7,4
90060C,FIRE POLISHED GLASS NECKL SILVER,41.65,7,3
84611B,BLACK NEW BAROQUE FLOCK BOX,41.65,7,4
90179B,PURPLE FINE BEAD NECKLACE W TASSEL,41.65,7,5
23045,PAPER LANTERN 5 POINT STAR MOON 30,41.5,10,5
85184B,SET 4 EASTER DECOUPAGE OVAL BOXES,41.300000000000004,14,7
90064A,WHITE VINTAGE CRYSTAL EARRINGS,41.25,11,4
23448,CREAM BUNNY EASTER EGG BASKET,41.25,25,3
37477B,"FLOWER FAIRY MUG+COASTER,LAVENDER",41.25,11,8
35644,PAIR PINK/BLACK COATHANGERS,40.95,21,7
84798C,WHITE FOXGLOVE ARTIIFCIAL FLOWER,40.8,16,3
23148,MINITURE ANTIQUE ROSE HOOK IVORY,40.8,48,4
35071,ASSORTED SANTA CHRISTMAS DECORATION,40.8,48,5
44228,CANNABIS LEAF BEAD CURTAIN,40.8,48,3
90174,BUTTERFLY HAIR BAND,40.8,16,4
22740,POLKADOT PENS,40.8,48,1
17014C,ORIGAMI LAVENDER INCENSE CONES,40.32,96,1
22532,MAGIC SLATE LEAP FROG ,40.32,96,2
22529,MAGIC SLATE GO TO THE FAIR ,40.32,96,2
20994,JAZZ HEARTS SPIRAL NOTEPAD,39.949999999999996,47,12
20860,GOLD COSMETICS BAG WITH BUTTERFLY,39.900000000000006,19,10
23462,ROCOCO WALL MIROR,39.9,2,1
47013A,WINE BOTTLE DRESSING LT.BLUE,39.87,141,25
79065A,TEATIME ROUND CAKE TINS ,39.8,4,1
21629,SQUARE FLOOR CUSHION VINTAGE PINK ,39.75,5,3
84551,CROCHET DOG KEYRING,39.6,24,6
90059C,DIAMANTE HAIR GRIP PACK/2 MONTANA,39.6,24,7
72798C,SET/4 GARDEN ROSE DINNER CANDLE,39.599999999999994,24,11
20870,OPULENT VELVET CANDLE IN BOX,39.300000000000004,26,4
22950,SET OF 36 VINTAGE CHRISTMAS DOILIES,39.15,27,6
22853,"CAT BOWL, ENAMEL , CREAM COLOUR",39.0,12,2
82545A,COGNAC AUX OEUFS METAL 1 HOOK,38.75,31,11
35963,FOLKART ZINC CLIP ON ANGEL WINGS,38.379999999999995,101,11
90042B,FRESHWATER PEARL BRACELET PINK,38.25,15,5
20905,VINTAGE KEEPSAKE BOX BEAUTY GIRL,38.1,6,3
23038,T-LIGHT HOLDER SILVER SAUCER,38.03,41,6
81952B,ROUND BLUE CLOCK WITH SUCKER,38.0,200,9
90038B,GLASS AND PAINTED BEADS BRACELET OL,37.5,10,2
90140,PINK SWEETIE NECKLACE,37.5,5,3
79413,GLASS WINE GLASS DECORATIONS,37.5,30,9
35233,PASTA ENAMEL/BRASS CONTAINER,37.5,10,8
90003E,GREEN PAIR HEART HAIR SLIDES,37.5,10,3
90176A,CLASSIC DIAMANTE NECKLACE JET,37.5,5,3
37379A,PINK CHERRY BLOSSOM CUP & SAUCER,37.5,30,5
23043,PAPER LANTERN 9 POINT HOLLY STAR 40,37.5,6,3
84705F,RED PEONY PHOTO FRAME ,37.2,8,5
81952B,ROUND BLUE CLOCK W/SUCKER,36.6,48,7
82069,BEECH WOOD P/FRAME,36.25,5,2
16162M,THE KING GIFT BAG 25x24x12cm,36.12,86,12
90075,MONTANA DIAMOND CLUSTER NECKLACE,35.8,4,3
90169,DAISY HAIR COMB,35.7,14,3
90060B,FIRE POLISHED GLASS NECKL GOLD,35.7,6,4
90027D,GLASS BEAD HOOP EARRINGS AMETHYST,35.400000000000006,12,6
90067B,BROWN VINTAGE VICTORIAN EARRINGS,35.400000000000006,12,2
90134,OLD ROSE COMBO BEAD NECKLACE,35.400000000000006,12,2
35815B,"ACRYLIC JEWEL SNOWFLAKE,BLUE",35.34,93,2
90083,CRYSTAL CZECH CROSS PHONE CHARM,34.94,44,8
84745B,BLUE HANGING GINGHAM EASTER HEN,34.86,83,17
22345,PARTY PIZZA DISH BLUE WHITE SPOT ,34.849999999999994,41,8
23196,LEAVES MAGNETIC  SHOPPING LIST,34.8,24,2
84868B,BLUE BABY BOY'S MEMORY BOX,34.75,5,4
79063D,"RETRO PILL BOX , REVOLUTIONARY",34.72,188,10
90059E,DIAMANTE HAIR GRIP PACK/2 RUBY,34.65,21,7
90141A,GREEN PENDANT TRIPLE SHELL NECKLACE,34.65,7,4
90141E,ORANGE PENDANT TRIPLE SHELL NECKLAC,34.65,7,3
84546,CROCHET POODLE KEYRING,34.65,21,3
90141C,TURQ PENDANT TRIPLE SHELL NECKLACE,34.65,7,4
90059F,DIAMANTE HAIR GRIP PACK/2 LT ROSE,34.65,21,5
35955,SMALL FOLKART CHRISTMAS TREE DEC,34.62,135,4
72715,SPHERICAL IVORY CANDLE ,34.44,82,12
22407,MONEY BOX FIRST AID DESIGN,34.32,43,10
44265,M/COLOUR POM-POM CURTAIN,34.0,8,4
22852,"DOG BOWL, ENAMEL , CREAM COLOUR",34.0,8,2
37489A,YELLOW/PINK FLOWER DESIGN BIG MUG,33.93,43,21
90066A,PINK VINTAGE VICTORIAN CHOKER,33.75,5,2
37112,YELLOW BIRDS FELT DES FOODCOVER,33.75,9,4
81950B,FLOWER BLUE CLOCK WITH SUCKER,33.64,116,8
17014E,ORIGAMI OPIUM INCENSE CONES,33.3,93,4
23390,DOLLY GIRL MINI RUCKSACK,33.2,8,2
37348,SET OF 4 PASTEL STACKING MUGS,33.15,13,6
84906,PINK BUTTERFLY CUSHION COVER,33.15,17,4
47013C,WINE BOTTLE DRESSING DARK BLUE,33.05,138,22
20879,TREE OF NOAH FESTIVE SCENTED CANDLE,32.5,50,8
20953,PORCELAIN CHERUB BELL LARGE,31.349999999999998,19,7
23366,SET 12 COLOUR PENCILS DOILEY,31.200000000000003,48,3
22577,WOODEN HEART CHRISTMAS SCANDISPOT,30.6,36,1
22937,BAKING MOULD CHOCOLATE CUP CAKES,30.6,12,2
90103,PURPLE FRANGIPANI NECKLACE,30.6,12,5
22641,SET OF 4 NAPKIN CHARMS INSTUMENT   ,30.6,12,2
90165A,PINK ROSEBUD PEARL EARRINGS,30.6,12,2
22937,BAKING MOULD CUPCAKE CHOCOLATE,30.6,12,1
16050,TEATIME PENCIL WITH RUBBER,30.5,122,4
90126A,PINK BERTIE MOBILE PHONE CHARM,30.42,18,3
37489B,BLUE/YELLOW FLOWER DESIGN BIG MUG,30.419999999999998,38,17
84745A,PINK HANGING GINGHAM EASTER HEN,30.240000000000002,72,15
47563B,WAVELINE SURF IRONING BOARD COVER,30.0,8,6
22775,DRAWERKNOB ACRYLIC EDWARDIAN PURPLE,30.0,24,1
22410,TIN CAN HOUSEKEEPING DESIGN,30.0,24,2
22773,DRAWER KNOB ACRYLIC EDWARDIAN GREEN,30.0,24,1
23396,BUTTERFLY CUSHION COVER,30.0,8,2
22771,DRAWER KNOB ACRYLIC EDWARDIAN CLEAR,30.0,24,1
23250,ENAMEL BOWL PANTRY,30.0,24,2
22405,TIN CAN POCKET MONEY DESIGN,30.0,24,2
22772,DRAWER KNOB ACRYLIC EDWARDIAN PINK,30.0,24,1
23252,ENAMEL JUG PANTRY,30.0,8,2
90163B,WHITE ROSEBUD & PEARL NECKLACE,30.0,4,2
23437,GIFT BAG LARGE 50'S CHRISTMAS,30.0,24,2
BANK CHARGES, Bank Charges,30.0,2,2
90022,EDWARDIAN DROP EARRINGS JET BLACK,30.0,8,4
21767,FRENCH STYLE WIRE DOOR CABINET ,29.95,1,1
90136,PALE PINK/AMETHYST STONE NECKLACE,29.849999999999998,3,2
90152B,BLUE/GREEN SHELL NECKLACE W PENDANT,29.75,5,4
90001B,ANTIQUE MID BLUE FLOWER EARRINGS,29.75,7,4
22474,"TRAY FOR TV DINNER ,SPACEBOY",29.700000000000003,6,1
22472,"TRAY FOR TV DINNER , DOLLY GIRL",29.700000000000003,6,1
84905,PINK BUTTERFLY C/COVER ,29.700000000000003,6,3
90059A,DIAMANTE HAIR GRIP PACK/2 CRYSTAL,29.700000000000003,18,3
23530,"WALL ART,ONLY ONE PERSON ",29.700000000000003,6,1
90135,ORANGE/WHT/FUSCHIA STONES NECKLACE,29.700000000000003,6,1
90197B,BLACK GLASS BRACELET W HEART CHARMS,29.7,6,2
90141B,IVORY PENDANT TRIPLE SHELL NECKLACE,29.7,6,2
90081B,LILY BROOCH WHITE/SILVER COLOUR,29.7,6,2
35598A,DUSTY PINK CHRISTMAS TREE 60CM,29.500000000000004,10,3
78034B,BLUE NETTING STORAGE HANGER,29.25,15,9
21815, STAR  T-LIGHT HOLDER ,28.999999999999996,20,4
37489D,PINK/GREEN FLOWER DESIGN BIG MUG,28.86,46,20
90126C,AMBER BERTIE MOBILE PHONE CHARM,28.73,17,2
44089C,LILAC GAUZE BUTTERFLY LAMPSHADE,28.56,68,18
37462E,"PET MUG, GOLDFISH",28.27,81,9
23380,PACK OF 12 DOILEY TISSUES,28.08,72,2
40005B,BLUE ORGANDY ROUND LAMPSHADE W BEA,28.05,33,13
84456,SET OF 3 RABBIT EGG EASTER,28.049999999999997,33,12
85079,EMBROIDERED REINDEER DECORATION,28.0,18,6
21267,VINTAGE PINK TINSEL REEL ,27.3,13,4
90214O,"LETTER ""O"" BLING KEY RING",27.23,31,13
21097,SET/6 GREEN SPRING  PAPER PLATE,27.2,32,7
23702,High Resolution Image,27.0,4,3
84864A,PINK PAISLEY PHOTO ALBUM,27.0,4,3
44235,ASSORTED COLOURED CIRCLE MOBILE ,26.88,64,7
90181A,AMBER GLASS/SHELL/PEARL NECKLACE,26.849999999999998,3,3
90202B,WHITE ENAMEL FLOWER HAIR TIE,26.550000000000004,9,3
90202C,GREEN ENAMEL FLOWER HAIR TIE,26.550000000000004,9,4
90011B,BLACK CRYSTAL DROP EARRINGS,26.550000000000004,9,4
90205A,LARGE MINT DIAMANTE HAIRSLIDE,26.4,16,6
22232,3 PIECE JIGSAW TOADSTOOLS,26.4,16,2
37491C,GREEN/BLUE CERAMIC CANDLE HOLDER,26.4,16,7
35916B,BLUE FELT HANGING HEART W FLOWER,26.349999999999998,31,4
84876C,SILVER HEART COMPACT MIRROR,26.25,7,4
90039A,FIRE POLISHED GLASS BRACELET RED,26.25,7,2
22200,FRYING PAN PINK RETROSPOT,25.5,6,2
84951B,S/4 BLACK LOVEBIRD COASTERS,25.5,10,3
90208,PAIR OF PINK FLOWER CLUSTER SLIDE,25.5,10,4
90001C,ANTIQUE OPAL WHITE FLOWER EARRINGS,25.5,6,5
90024F,NEW BAROQUE B'FLY NECKLACE CRYSTAL,25.5,3,2
22168,"ORGANISER WOOD, ANTIQUE WHITE ",25.5,3,2
35597D,PINK/WHITE CHRISTMAS TREE 30CM,25.28,58,7
84251J,"GREETING CARD, THE BLACK CAT",25.2,60,4
84251C,"GREETING CARD, TWO SISTERS.",25.08,132,14
17013F,ORIGAMI SANDLEWOOD INCENSE IN TUBE,25.05,61,4
18094C,WHITE/BLUE RECT CERAMIC OIL BURNER,25.0,20,4
23104,IVORY PANTRY HANGING LAMP ,25.0,2,1
22719,"GUMBALL COATHOOK., BLACK & WHITE ",25.0,20,4
23214,BELL HEART ANTIQUE GOLD,24.96,12,1
23240,SET OF 4 KNICK KNACK TINS  DOILEY ,24.9,6,1
90139,FLOWER BROOCH 4 ASSORTED COLOURS,24.75,5,3
90059B,DIAMANTE HAIR GRIP PACK/2 BLACK DIA,24.75,15,4
35633B,BLUE TINSEL GARLAND ,24.7,130,12
35596,WOOD XMAS TREE 9 FIG SHELVES,24.65,29,4
22346,PARTY PIZZA DISH GREEN WHITE SPOT ,24.65,29,7
37468,HARDMAN MUG 3 ASSORTED,24.57,63,12
10124A,SPOTS ON RED BOOKCOVER TAPE,24.36,58,18
72801E,4 FESTIVE GREEN DINNER CANDLES,23.91,51,2
47504J,ENGLISH ROSE SET/3 GARDEN TOOLS,23.85,3,2
90152A,SILVER/NAT SHELL NECKLACE W PENDANT,23.8,4,4
84575B,BROWN DOG CANNISTER W BONE,23.8,4,3
90214F,"LETTER ""F"" BLING KEY RING",23.77,29,13
17014F,ORIGAMI SANDLEWOOD INCENSE CONES,23.699999999999996,61,4
90202A,PURPLE ENAMEL FLOWER HAIR TIE,23.6,8,3
90177E,DROP DIAMANTE EARRINGS GREEN,23.6,8,3
90014A,SILVER M.O.P. ORBIT NECKLACE,23.6,8,3
90012A,MIDNIGHT BLUE DROP CRYSTAL NECKLACE,23.6,8,2
90182C,BLACK 3 BEAD DROP EARRINGS,23.6,8,2
18010,ASSORTED FRAGRANCE BATH CONFETTI,23.52,56,6
47552A,DOTS IRONING BOARD COVER,23.4,12,11
23244,CANNISTER VINTAGE LEAF DESIGN,23.4,12,2
23106,ZINC PLANT POT HOLDER,23.12,8,1
37491D,PURPLE/BLUE CERAMIC CANDLE HOLDER,23.099999999999998,14,5
23145,ZINC T-LIGHT HOLDER STARS LARGE,22.8,24,2
84415A,PINK FLOCK SUEDE CUSHION COVER ,22.5,14,3
90189B,GOLD 2 STRAND NECKLACE-LEAF CHARMS,22.5,3,2
90176B,DIAMANTE NECKLACE BLACK ,22.5,3,2
90176E,DIAMANTE NECKLACE GREEN,22.5,3,2
85225,BLING KEY RING STAND,22.5,19,11
37477C,"FLOWER FAIRY MUG+COASTER,ROSE",22.5,6,1
35597B,BLACKCHRISTMAS TREE 30CM,22.5,18,6
35611B,BLACK ASSORTED DROPLET DECORATION,22.419999999999998,59,2
35652,VINTAGE BEAD CHAISE LONG JEWEL BOX,21.5,18,2
84387A,BIRD ON BRANCH CANVAS SCREEN,21.45,11,1
90128A,PINK LEAVES AND BEADS PHONE CHARM,21.25,17,5
21387,IVORY HANGING DECORATION  RABBIT,21.25,25,4
35591T,TURQUOISE CHRISTMAS TREE ,21.25,17,9
90128B,BLUE LEAVES AND BEADS PHONE CHARM,21.25,17,5
90214Y,"LETTER ""Y"" BLING KEY RING",21.15,63,5
23691,KEEP CALM BIRTHDAY WRAP,21.0,50,2
23692,WRAP A PRETTY THANK YOU,21.0,50,2
90052,CRACKED GLAZE NECKLACE BROWN,20.85,3,1
23388,WOODLAND MINI RUCKSACK ,20.75,5,2
90027B,GLASS BEAD HOOP EARRINGS MONTANA,20.650000000000002,7,4
90177A,CLASSIC DIAMANTE EARRINGS JET,20.650000000000002,7,2
72771C,BLACK FLOCK GOLD CANDLE,20.580000000000002,49,4
90118,PINK DAISY BAG CHARM,20.4,8,3
79172D,PURPLE TINT ACRYLIC FLOWER VASE,20.4,24,4
22345,PARTY PIZZA DISH BLUE+WHITE SPOT ,20.4,24,2
22418,"PEN, 10 COLOURS - SPACEBOY",20.4,24,1
22344,PARTY PIZZA DISH PINK+WHITE SPOT ,20.4,24,2
84529B,BLUE KNITTED KID'S RUCKSACK,20.25,3,2
84450B,YELLOW RABBIT SAT EASTER,20.16,48,3
22533,MAGIC SLATE BAKE A CAKE ,20.16,48,1
44091C,MULTICOLOUR CRUSOE CHECK LAMPSHADE,20.16,48,10
35603B,S/16 BLACK SHINY/MAT BAUBLES,20.16,48,1
90187B,GREEN DROP EARRINGS W BEAD CLUSTER,20.1,6,2
84415B,BLUE FLOCK CUSHION COVER ,20.0,8,3
17091F,SANDALWOOD INCENSE IN TIN,20.0,16,6
78056,CAMOUFLAGE BACKPACK ON WHEELS,19.9,2,1
90034,WHITE SILVER NECKLACE SHELL GLASS,19.9,2,2
23031,DOORKNOB CRACKED GLAZE PINK,19.8,12,2
46307,ROSES BLUE BASE CUSHION COVER ,19.8,12,4
23029,DOORKNOB CRACKED GLAZE GREEN,19.8,12,2
23249,ENAMEL DINNER PLATE PANTRY,19.8,12,1
84570B,WHITE SATIN DRESS JEWEL STAND,19.8,4,2
84550,CROCHET LILAC/RED BEAR KEYRING,19.8,12,4
22351,DOTCOMGIFTSHOP TEA TOWEL,19.8,12,1
37488A,YELLOW PINK FLOWER DESIGN BIG BOWL,19.770000000000003,31,5
37487B,YELLOW/ORANGE FLOWER DESIGN PLATE,19.72,68,2
20680,PINK FLOWERS CHILDS UMBRELLA,19.5,6,4
79062D,"RETRO TIN ASHTRAY,REVOLUTIONARY",19.4,52,4
84450A,PINK RABBIT SITTING EASTER,19.32,46,4
84340,LARGE FIBRE OPTIC CHRISTMAS TREE,19.08,15,6
21185,HOME SWEET HOME  BLACKBOARD,19.049999999999997,3,3
22963,JAM JAR WITH BLUE LID,18.98,26,2
82605,OLD DOC.RUSSEL METAL SIGN,18.9,9,4
23056,CRYSTAL CHANDELIER T-LIGHT HOLDER,18.75,3,1
84030B,KNITTED POM POM HOT WATER BOTTLE,18.75,5,3
85131D,BEADED CRYSTAL HEART PINK\ON STICK,18.75,15,8
84732B,CUTE BIRD CEATURE SCREEN,18.48,28,6
47591A,CAROUSEL CHILDRENS APRON,18.15,11,3
84311,CAMOFLAGE CUSHION COVER,18.15,11,1
72796A,S/3 ENGLISH LAVENDER SQU CANDLE,18.15,11,5
23079, TOADSTOOL BEDSIDE LIGHT ,17.9,2,1
90095,NECKLACE+BRACELET SET PINK BLOSSOM,17.85,7,2
84614C,BLUE BAROQUE FLOCK CANDLE HOLDER,17.85,3,1
71050,SMALL SINGLE FLAME CANDLE HOLDER,17.849999999999998,51,8
44092C,PURPLE/COPPER HANGING LAMPSHADE,17.849999999999998,21,8
18097B,BLUE TALL PORCELAIN T-LIGHT HOLDER,17.849999999999998,7,3
21249,WOOD ANIMALS HEIGHT CHART STICKERS ,17.700000000000003,6,1
90130D,RED STONE/CRYSTAL EARRINGS,17.700000000000003,6,1
90011C,GREEN CRYSTAL DROP EARRINGS,17.700000000000003,6,1
90027A,GLASS BEAD HOOP EARRINGS BLACK,17.700000000000003,6,3
37489C,GREEN/BLUE FLOWER DESIGN BIG MUG,17.55,25,10
90128C,GREEN LEAVES AND BEADS PHONE CHARM,17.5,14,3
22884,"NUMBER TILE VINTAGE FONT, 5",17.36,8,1
22885,"NUMBER TILE VINTAGE FONT, 6 ",17.36,8,1
22879,"NUMBER TILE VINTAGE FONT, 0",17.36,8,1
22882,"NUMBER TILE VINTAGE FONT, 3",17.36,8,1
22880,"NUMBER TILE VINTAGE FONT, 1",17.36,8,1
22887,"NUMBER TILE VINTAGE FONT, 8",17.36,8,1
22886,"NUMBER TILE VINTAGE FONT, 7",17.36,8,1
22881,"NUMBER TILE VINTAGE FONT, 2",17.36,8,1
22883,"NUMBER TILE VINTAGE FONT, 4",17.36,8,1
23236,STORAGE TIN VINTAGE DOILEY ,17.34,6,1
20887,BOX OF 6 PEBBLE CANDLES,17.25,5,4
90001A,ANTIQUE RASPBERRY FLOWER EARRINGS,17.0,4,3
22777,GLASS BELL JAR LARGE,17.0,2,1
23342,MINT DINER CLOCK,17.0,2,1
72805,VANILLA CANDLE IN EMBOSSED ZINC POT,16.9,10,3
21511,VINTAGE COLLAGE  GREETING  CARD ,16.8,40,2
72785A,S/4 CONTEMPORY PINK ROSEBUD CANDLES,16.8,8,4
21750, LARGE SKULL WINDMILL,16.8,8,2
22384,LUNCH BAG PINK POLKADOTS,16.5,10,1
37491B,BLUE/YELLOW CERAMIC CANDLE HOLDER,16.5,10,5
44089A,PINK GAUZE BUTTERFLY LAMPSHADE,16.38,39,12
23502,PLAYING CARDS VINTAGE DOILEY ,16.25,13,2
84630,FLOWERS AND BIRDS WALL PLAQUE,15.9,2,1
20891,LARGE GLASS ROSE SCENTED CANDLE ,15.9,2,1
22778,GLASS BELL JAR SMALL,15.8,4,1
35932,PINK CHRISTMAS TREE DECORATION,15.629999999999999,37,10
22932,BAKING MOULD TOFFEE CUP  CHOCOLATE,15.3,6,1
90076,MONTANA DIAMOND CLUSTER EARRINGS,15.3,6,1
17107D,FLOWER FAIRY 5 SUMMER DRAW LINERS,15.3,6,1
37481,CUBIC MUG TEATIME CAKES,15.3,6,1
90037D,TINY CRYSTALS BRACELET BLACK,15.3,6,1
17174,ASSTD RASTA KEY-CHAINS,15.120000000000001,36,7
84206A,3 BLACK CATS W HEARTS BLANK CARD,15.01,79,9
23251,ENAMEL MUG PANTRY,15.0,12,1
23212,PAINTED HEART WREATH WITH BELL,15.0,12,1
22954,HEN PARTY BANNER TAPE,15.0,12,1
20890,SMALL GLASS ROSE SCENTED CANDLE,15.0,4,1
90127A,PINK BEADS+HAND PHONE CHARM,15.0,12,1
23449,SET OF 6 EASTER RAINBOW CHICKS,15.0,12,1
22408,TIN CAN CONFECTIONERY DESIGN,15.0,12,1
21475,SWEETHEART CREAM STEEL FOLDIN CHAIR,14.95,1,1
23281,FOLDING MIRROR RED  ,14.940000000000001,18,2
23282,FOLDING MIRROR IVORY ,14.940000000000001,18,2
35650,VINTAGE BEAD PINK JEWEL STAND,14.850000000000001,3,3
22139,11 PC CERAMIC TEA SET POLKADOT,14.85,3,1
90141D,ROSE PENDANT TRIPLE SHELL NECKLACE,14.85,3,1
84567,FROSTED GLASS WITH SILVER SURROUND,14.85,9,1
SP1002,KID'S CHALKBOARD/EASEL,14.75,5,2
90214V,"LETTER ""V"" BLING KEY RING",14.73,21,9
81950V,FLOWER PURPLE CLOCK W/SUCKER,14.45,17,7
90102,WHITE FRANGIPANI HAIR CLIP,14.45,17,3
62074B,ELEPHANT CLIP W SUCTION CUP,14.28,34,11
23540,"WALL ART , THE MAGIC FOREST ",13.9,2,1
84868A,PINK BABY GIRL'S MEMORY BOX,13.9,2,2
84899E,YELLOW BROWN BEAR FELT PURSE KIT,13.75,11,3
90171,DAISY RING,13.75,11,2
16245A,PINK MINI STATIONERY SET W CASE,13.75,11,7
35936,CERISE+GOLD CHRISTMAS TREE DEC,13.68,36,9
21525,BEWARE OF THE CAT DOORMAT,13.5,2,2
10124G,ARMY CAMO BOOKCOVER TAPE,13.44,32,9
62097B,BLUE STRIPES SHOULDER BAG,13.370000000000001,11,4
23271,CHRISTMAS TABLE CANDLE SILVER SPIKE,13.28,16,1
22201,FRYING PAN BLUE RETROSPOT,12.75,3,2
20812,EMBOSSED FLOWER TRELLIS PHOTO FRAME,12.75,5,3
84648,NEW BAROQUE WALL MIRROR,12.75,1,1
44092B,BLUE WHITE PLASTIC RINGS LAMPSHADE,12.75,15,6
72752B,"F.FAIRY,CANDLE IN GLASS,LAVENDER",12.75,3,2
35443,RASTA IN BATH W SPLIFF ASHTRAY,12.75,15,9
21772,VINTAGE METAL CAKE STAND CREAM ,12.75,1,1
85115B,S/4 BLACK DISCO PARTITION PANEL,12.75,3,1
85083,KISS REINDEER SCANDINAVIAN STOCKING,12.749999999999998,5,2
90033,IVORY SHELL HEART EARRINGS,12.749999999999998,5,2
35751C,PURPLE CURRENT CANDLE RING,12.61,31,2
51012L,"FEATHER DUSTER, LIGHT PINK",12.5,10,6
35597A,DUSTY PINK CHRISTMAS TREE 30CM,12.5,10,4
35918B,BLUE FLORIBUNDA EGG WARMER,12.5,10,5
23071,MARIE ANTOIENETT TRINKET BOX GOLD,12.5,1,1
79149B,SILICON STAR BULB  BLUE,12.18,29,12
44242A,LILAC FEATHERS CURTAIN,11.98,14,2
90027C,GLASS BEAD HOOP EARRINGS GREEN,11.8,4,2
85185E,DUCK SOCK PUPPET,11.8,4,2
84814B,RHOMBUS CRYSTAL PERFUME BOTTLE,11.7,6,2
37491A,YELLOW/PINK CERAMIC CANDLE HOLDER,11.549999999999999,7,5
90025E,BAROQUE BUTTERFLY EARRINGS MONTANA,11.25,3,3
16151A,FLOWER DES BLUE HANDBAG/ORANG HANDL,11.25,3,2
23299,"FOOD COVER WITH BEADS , SET 2 SIZES",11.25,3,1
84743C,ORANGE FELT VASE + FLOWERS,11.25,9,5
17011B,ORIGAMI JASMINE INCENSE+FLOWER ,11.100000000000001,19,2
72785B,S/4 CONTEMPORY RED ROSEBUD CANDLES,10.9,9,3
84732D,CUTE RABBIT CEATURE SCREEN ,10.89,15,6
90041,PEARL AND CHERRY QUARTZ BRACLET,10.5,3,2
16169G,WRAP ROMANTIC DECOUPAGE,10.5,25,1
16169A,WRAP CHRISTMAS DECOUPAGE,10.5,25,1
21496,WOODLAND CREATURES  WRAP,10.5,25,1
17084G,MOON INCENSE,10.5,50,2
22959,"WRAPPING PAPER, XMAS VILLAGE",10.5,25,1
22346,PARTY PIZZA DISH GREEN+WHITE SPOT ,10.2,12,1
22196,HEART MEASURING SPOONS SMALL,10.2,12,1
20939,ORANGE CANDLE,10.2,12,1
22343,PARTY PIZZA DISH RED+WHITE SPOT ,10.2,12,1
23086,ZINC STAR T-LIGHT HOLDER ,10.0,8,1
22829,BROCANTE SHELF WITH HOOKS,9.95,1,1
90214Z,"LETTER ""Z"" BLING KEY RING",9.73,17,5
81953P,ROUND ARTICULATED PINK CLOCK W/SUCK,9.57,33,6
20822,SILVER WINE GOBLET,9.3,2,1
23441,HAND PAINTED HANGING EASTER EGG,9.24,22,3
72708,SCULPTED ROUND IVORY CANDLE ,9.24,44,5
84450B,PINK/YELLOW RABBIT SAT EASTER,9.24,22,4
18098B,BLUE PORCELAIN B'FLY OIL BURNER,8.850000000000001,3,3
35598C,WHITE CHRISTMAS TREE 60CM,8.850000000000001,3,3
71496B,A4 WALL TIDY RED FLOWERS,8.67,15,6
84572,6 HOOK JEWEL STAND LILAC DRESS,8.49,1,1
47591C,BLUE FAIRY CAKE CHILDRENS APRON,7.8,4,4
90188,DROP EARRINGS W FLOWER & LEAF,7.6499999999999995,3,3
44091A,BLUE CRUSOE CHECK LAMPSHADE,7.56,18,6
90025A,BAROQUE BUTTERFLY EARRINGS BLACK,7.5,2,2
90025F,BAROQUE BUTTERFLY EARRINGS CRYSTAL,7.5,2,2
82011E,"BATHROOM SCALES, FAG BREAK",7.5,2,2
90025D,BAROQUE BUTTERFLY EARRINGS PINK,7.5,2,2
84509E,CAROUSEL PLACEMATS ,7.5,2,2
20942,SET/6 GINGERBREAD TREE T-LIGHTS,7.5,6,4
84366,VENDETTA CANVAS PICTURE,7.5,2,2
46037A,PINK CANVAS DES CUSHION COVER ,7.5,6,2
90025C,BAROQUE BUTTERFLY EARRINGS GREEN,7.5,2,2
90111,BLUE HIBISCUS  HAIR CLIP,7.35,7,6
35001P,HAND OPEN SHAPE PINK,6.98,2,2
85230C,ROSE SCENTED VOTIVE CANDLE,6.959999999999999,24,1
85230D,VANILLA SCENTED VOTIVE CANDLE,6.959999999999999,24,1
21852,EMPIRE TEDDY,6.95,1,1
22843,"BISCUIT TIN, MINT,IVORY, VINTAGE",6.75,1,1
48173A,DOOR MAT BLUE FLOCK,6.75,1,1
37484,ENGLISH ROSE TEA FOR ONE GIFT BOX,6.75,1,1
90187A,BLUE DROP EARRINGS W BEAD CLUSTER,6.7,2,1
20678,LARGE BLACK DIAMANTE HAIRSLIDE,6.6,4,1
20858,SILVER PURSE GOLD PINK BUTTERFLY,6.6,4,1
90082C,DIAMANTE BOW BROOCH WHITE COLOUR,6.35,1,1
47592B,SCOTTIE DOGS CHILDRENS OVERALL,6.300000000000001,3,1
79140,ASS WINDPROOF MARIJUANA LIGHTERS,6.3,15,2
20673,STRAWBERRIES PRINT BOWL,6.25,5,2
82072,WHITE WOOD SINGLE P/FRAME,6.25,5,3
37408,ASSORTED DESIGN GEISHA GIRL MUGS,6.25,5,1
90214W,"LETTER ""W"" BLING KEY RING",5.9799999999999995,14,3
72751C,"F.FAIRY S/3 SML CANDLE, ROSE",5.95,1,1
72751B,"F.FAIRY S/3 SML CANDLE, LAVENDER",5.95,1,1
72751A,"F.FAIRY S/3 SML CANDLE,LILY/VALLEY",5.95,1,1
90000C,OPAL WHITE/SILVER FLOWER NECKLACE,5.95,1,1
37409,ASSORTED DESIGN FLOWER MUGS,5.949999999999999,7,3
90130C,GREEN STONE/CRYSTAL EARRINGS,5.9,2,2
90014B,GOLD M.O.P. ORBIT NECKLACE,5.9,2,2
20882,MODERN CHRISTMAS TREE CANDLE,5.9,2,1
22360,"GLASS JAR, ENGLISH CONFECTIONERY",5.9,2,1
90011A,MIDNIGHT BLUE CRYSTAL DROP EARRINGS,5.9,2,2
35823P,"ACRYLIC BEAD GARLAND,PINK",5.9,2,2
35821P,"JEWELLED DECORATION,PINK",5.9,2,2
79303A,WHITE ROHMBIC BLOCK TABLE LAMP,5.9,2,1
18098A,PINK PORCELAIN B'FLY OIL BURNER,5.9,2,2
90183C,BLACK DROP EARRINGS W LONG BEADS,5.9,2,2
84247J,PACK/12 RUSSIAN DOLL CARDS,5.9,2,2
84228,HEN HOUSE WITH CHICK STANDING,5.88,14,3
35051B,PINK BEADED CONE CHRISTMAS,5.88,14,2
85186B,BUNNY BUNCH OF FLOWERS,5.88,14,2
35537,CANDLE RING W/CLEAR BEADS,5.46,13,3
21838,DADDY MOUSE RED GINGHAM BOW TIE,5.45,1,1
84201B,HAPPY BIRTHDAY CARD STRIPEY TEDDY,5.32,28,6
35751D,PINK CURRENT CANDLE RING,5.32,28,1
16215,FUNKY GIRLZ MAGNETIC TO DO LIST ,5.2,8,3
90054,CRACKED GLAZE EARRINGS RED,5.1,2,2
71101A,ANGEL ON KNEES METAL POLE 100CM H,5.1,6,1
35916B,BLUE FELT HANGING HEART WITH FLOWER,5.1,6,1
84942,KASHMIR FOLKART HEART DISHES,5.07,3,3
37451,CERAMIC CAKE TEAPOT WITH CHERRY,4.95,1,1
85232C,RUSSIAN FOLKART STACKING TINS,4.95,1,1
85043,RED HEART CANDY POP LIGHTS,4.95,1,1
90214U,"LETTER ""U"" BLING KEY RING",4.7299999999999995,13,2
45014,FOLDING SHIRT TIDY,4.65,1,1
79151B,"SILICON CUBE 25W, BLUE",4.62,11,2
35817P,PINK ACRYLIC JEWEL SNOWFLAKE,4.5600000000000005,12,1
81950V,FLOWER PURPLE CLOCK WITH SUCKER,4.35,15,3
79157B,UBO-LIGHT TRIOBASE BLUE,4.25,5,3
21409,SPOTTY COCKEREL DOORSTOP,4.25,1,1
72752A,"F.FAIRY,CANDLE IN GLASS,LILY/VALLEY",4.25,1,1
79157V,UBO-LIGHT TRIOBASE PURPLE,4.25,5,3
90125E,AMBER BERTIE GLASS BEAD BAG CHARM,4.2,2,2
20877,MODERN CHRISTMAS BAUBLE CANDLE ,4.2,10,3
84255A,PINK GLASS COCKTAIL LAMP,4.2,2,2
20884,MODERN CHRISTMAS TREE CANDLE ,4.2,2,2
23391, I LOVE LONDON MINI RUCKSACK,4.15,1,1
72084B,CHOCOLATE ICE CREAM CANDLE,3.9,2,1
37432,MUG PINK AND PURPLE ARABIC DESIGN,3.9,6,1
16010,FOLDING CAMPING SCISSOR W/KNIF & S,3.84,32,4
40046C,PINK BUTTERFLY PAPER LAMPSHADE,3.75,3,3
37438,FUNKY FLOWER COFFEE POT,3.75,1,1
90128D,PURPLE LEAVES AND BEADS PHONE CHAR,3.75,3,2
35974,S/6 CHRISTMAS TREE PLACE SETTING,3.75,1,1
90025B,BAROQUE BUTTERFLY EARRINGS RED,3.75,1,1
90004A,JADE GREEN PAIR ENAMEL HAIR SLIDES,3.75,1,1
84731,3 BIRDS CANVAS SCREEN,3.69,3,3
21081,SET/20 POSIES PAPER NAPKINS,3.4,4,4
35995,SET/6 BLACK GLITTER REINDEER CANDLE,3.36,4,4
20683,RAIN GIRL CHILDS UMBRELLA,3.25,1,1
23630,SET 10 CARDS HANGING BAUBLES 17080,2.99,1,1
90011E,AMBER CRYSTAL DROP EARRINGS,2.95,1,1
62097A,PINK STRIPES SHOULDER BAG,2.95,1,1
79301,FEATHER HEART LIGHTS,2.95,1,1
20885,BOX OF 3 PEBBLE CANDLES,2.95,1,1
90014C,SILVER AND BLACK ORBIT NECKLACE,2.95,1,1
81953B,ROUND ARTICULATED BLUE CLOCK W/SUCK,2.55,3,3
47556,SET/2 SPOTTY + ROSE TEA TOWELS ,2.55,1,1
90077,BLACK DIAMOND CLUSTER EARRINGS,2.55,1,1
85171,S/2 HYACINTH BULB CANDLES,2.55,1,1
90091,CRYSTAL DRAGONFLY PHONE CHARM,2.55,3,2
21036,SET/2 TEA TOWELS MODERN VINTAGE,2.55,1,1
47569,ENGLISH ROSE DESIGN SHOPPING BAG,2.55,1,1
71434B,"BLACK RND BULLET""KEEP CLEAN"" BIN",2.55,1,1
21493,VINTAGE DESIGN GIFT TAGS,2.55,3,2
47554,S/3 COLOURS FLOCK TEA TOWELS,2.55,1,1
90055,CRACKED GLAZE EARRINGS BROWN,2.55,1,1
35999,S/6 SCANDINAVIAN HEART T-LIGHT,2.55,1,1
17028J,INCENSE BAZAAR PEACH,2.52,6,1
90127B,BLUE BEADS+HAND PHONE CHARM,2.5,2,2
21225,POCKET MIRROR BUTTERFLY ,2.5,2,2
90071,RUBY GLASS CLUSTER EARRINGS,2.5,2,2
84250M,"GREETING CARD, BLACKPOOL ROCK",2.28,12,1
20620,RED SPOTTY PASSPORT COVER,2.1,1,1
81953B,ROUND BLUE CLOCK WITH SUCKER,2.09,11,3
17061,ASSORTED SHAPED STENCIL FOR HENNA,2.08,52,1
85192S,HANGING SPRING FLOWER HEART SMALL,1.9500000000000002,3,2
22631,CIRCUS PARADE LUNCHBOX ,1.95,1,1
22659,LUNCHBOX I LOVE LONDON,1.95,1,1
84814A,HEXAGONAL CRYSTAL PERFUME BOTTLE,1.95,1,1
35945,GOLD CHRISTMAS STOCKING DECORATION,1.95,1,1
46138D,GREEN CHENILLE SHAGGY C/COVER,1.95,1,1
84201C,HAPPY BIRTHDAY CARD TEDDY/CAKE,1.9,10,3
84206C,CHAMPAGNE TRAY BLANK CARD,1.9,10,4
20881,MODERN CHRISTMAS TREE CANDLE,1.7,2,1
35837,SET OF SIX SILVER+RED FLOCK BAUBLES,1.7,2,1
72754D,F FAIRY POTPOURRI CUSHIONS SUMMER,1.69,1,1
10109,BENDY COLOUR PENCILS,1.68,4,1
85024A,CRYSTAL SMALL JEWELLED PHOTOFRAME,1.65,1,1
21585,SWALLOW SMALL TUBE MATCHES,1.65,1,1
72796C,S/3 ROSE GARDEN SCENT SQU CANDLE,1.65,1,1
23664,FLOWER SHOP DESIGN MUG,1.65,1,1
35980B,RED TOP SCANDINAVIAN HEART ,1.52,4,2
35950,FOLKART HEART CHRISTMAS DECORATIONS,1.25,1,1
84845A,HOLLYHOCK SQUARE HANDY TIN,1.25,1,1
35976B,WHITE SCANDINAVIAN HEART CHRISTMAS,1.25,1,1
23370,SET 36 COLOURING PENCILS DOILEY,1.25,1,1
37326,FAIRY DESIGN MUGS,1.25,1,1
TEST002,This is a test product.,1.0,1,1
84206B,CAT WITH SUNGLASSES BLANK CARD,0.95,5,1
20721,OWLS CHARLOTTE BAG,0.85,1,1
84206B,CAT W SUNGLASSES BLANK CARD,0.76,4,1
23366,SET 12 COLOURING PENCILS DOILEY,0.65,1,1
84205C,HAPPY BIRTHDAY GINGER CAT CARD,0.38,2,1
35930,PINK HEART CHRISTMAS DECORATION,0.38,1,1
PADS,PADS TO MATCH ALL CUSHIONS,0.017,17,17
